time,temperature_2m,relative_humidity_2m,wind_speed_10m,precipitation,cape,convective_inhibition,location,latitude,longitude,elevation_m,IWV_mm,CTT_K
2025-06-15T00:00,12.1,90,18.4,0.0,1359.7,-98.1,Kedarnath (Garhwal),30.7346,79.0669,3583,35.45,257.15
2025-06-15T01:00,10.8,93,27.9,0.59,951.5,-88.4,Kedarnath (Garhwal),30.7346,79.0669,3583,35.82,259.06
2025-06-15T02:00,11.4,90,5.9,0.0,944.8,-48.2,Kedarnath (Garhwal),30.7346,79.0669,3583,35.35,258.83
2025-06-15T03:00,12.3,92,21.6,0.0,473.3,-155.0,Kedarnath (Garhwal),30.7346,79.0669,3583,35.81,276.83
2025-06-15T04:00,10.3,88,23.3,0.0,356.8,-130.7,Kedarnath (Garhwal),30.7346,79.0669,3583,35.04,249.37
2025-06-15T05:00,10.7,94,27.6,0.0,1332.9,-40.8,Kedarnath (Garhwal),30.7346,79.0669,3583,35.86,261.19
2025-06-15T06:00,13.4,84,9.7,0.29,906.5,-72.5,Kedarnath (Garhwal),30.7346,79.0669,3583,34.86,255.0
2025-06-15T07:00,13.2,93,27.6,0.0,790.8,-100.8,Kedarnath (Garhwal),30.7346,79.0669,3583,36.05,275.3
2025-06-15T08:00,12.5,84,9.6,0.0,1117.4,-100.3,Kedarnath (Garhwal),30.7346,79.0669,3583,34.66,278.46
2025-06-15T09:00,14.7,76,6.4,0.36,727.0,-138.6,Kedarnath (Garhwal),30.7346,79.0669,3583,33.87,276.26
2025-06-15T10:00,14.3,81,16.0,0.0,951.9,-149.7,Kedarnath (Garhwal),30.7346,79.0669,3583,34.48,245.67
2025-06-15T11:00,15.2,76,13.3,0.2,1031.0,-38.8,Kedarnath (Garhwal),30.7346,79.0669,3583,33.87,255.48
2025-06-15T12:00,16.8,80,20.6,0.21,1348.9,-21.2,Kedarnath (Garhwal),30.7346,79.0669,3583,34.76,279.92
2025-06-15T13:00,14.7,73,78.4,30.61,3212.7,-12.4,Kedarnath (Garhwal),30.7346,79.0669,3583,44.09,233.74
2025-06-15T14:00,15.3,73,21.6,0.0,1040.0,-34.6,Kedarnath (Garhwal),30.7346,79.0669,3583,33.54,258.97
2025-06-15T15:00,16.8,67,19.5,0.0,229.4,-62.9,Kedarnath (Garhwal),30.7346,79.0669,3583,32.84,264.22
2025-06-15T16:00,16.2,73,20.7,0.0,207.3,-34.1,Kedarnath (Garhwal),30.7346,79.0669,3583,33.65,275.41
2025-06-15T17:00,17.4,66,21.3,0.0,490.7,-87.0,Kedarnath (Garhwal),30.7346,79.0669,3583,32.74,250.08
2025-06-15T18:00,15.4,71,8.5,0.0,1236.1,-76.2,Kedarnath (Garhwal),30.7346,79.0669,3583,33.14,255.24
2025-06-15T19:00,14.1,82,61.2,26.9,2561.6,-32.4,Kedarnath (Garhwal),30.7346,79.0669,3583,59.66,227.07
2025-06-15T20:00,16.7,83,71.6,24.1,3587.1,-25.9,Kedarnath (Garhwal),30.7346,79.0669,3583,57.14,226.09
2025-06-15T21:00,13.7,84,18.0,0.0,481.6,-62.4,Kedarnath (Garhwal),30.7346,79.0669,3583,34.83,255.15
2025-06-15T22:00,13.2,80,25.3,0.77,1064.8,-76.2,Kedarnath (Garhwal),30.7346,79.0669,3583,34.2,250.55
2025-06-15T23:00,10.5,85,23.0,0.54,682.9,-34.4,Kedarnath (Garhwal),30.7346,79.0669,3583,34.62,251.62
2025-06-16T00:00,10.9,87,26.6,0.0,899.9,-85.4,Kedarnath (Garhwal),30.7346,79.0669,3583,34.9,256.91
2025-06-16T01:00,11.1,83,24.9,0.0,1192.1,-38.2,Kedarnath (Garhwal),30.7346,79.0669,3583,34.43,264.77
2025-06-16T02:00,9.2,95,26.5,0.0,1331.6,-79.1,Kedarnath (Garhwal),30.7346,79.0669,3583,35.8,258.21
2025-06-16T03:00,11.0,93,40.8,53.52,2342.7,-20.8,Kedarnath (Garhwal),30.7346,79.0669,3583,62.67,210.08
2025-06-16T04:00,9.9,88,21.2,0.0,1359.3,-126.5,Kedarnath (Garhwal),30.7346,79.0669,3583,34.9,278.28
2025-06-16T05:00,10.6,88,65.3,44.04,3199.3,-7.6,Kedarnath (Garhwal),30.7346,79.0669,3583,58.97,216.93
2025-06-16T06:00,10.8,88,63.8,59.01,2317.7,-6.3,Kedarnath (Garhwal),30.7346,79.0669,3583,63.82,217.5
2025-06-16T07:00,14.5,77,49.3,21.08,3368.8,-32.7,Kedarnath (Garhwal),30.7346,79.0669,3583,56.74,230.08
2025-06-16T08:00,13.1,83,6.2,0.0,350.9,-123.2,Kedarnath (Garhwal),30.7346,79.0669,3583,34.61,279.11
2025-06-16T09:00,12.7,79,20.3,0.91,895.0,-31.9,Kedarnath (Garhwal),30.7346,79.0669,3583,34.05,246.51
2025-06-16T10:00,15.9,76,26.0,0.74,319.8,-116.3,Kedarnath (Garhwal),30.7346,79.0669,3583,34.02,253.47
2025-06-16T11:00,14.3,77,25.8,0.0,237.7,-123.1,Kedarnath (Garhwal),30.7346,79.0669,3583,33.98,256.56
2025-06-16T12:00,16.7,84,22.5,0.0,1253.2,-25.8,Kedarnath (Garhwal),30.7346,79.0669,3583,35.32,258.92
2025-06-16T13:00,14.7,79,63.3,29.81,3166.4,-8.1,Kedarnath (Garhwal),30.7346,79.0669,3583,50.31,223.86
2025-06-16T14:00,15.8,73,35.0,36.99,2882.4,-17.9,Kedarnath (Garhwal),30.7346,79.0669,3583,56.27,216.69
2025-06-16T15:00,17.7,77,58.3,18.81,2820.4,-44.0,Kedarnath (Garhwal),30.7346,79.0669,3583,49.7,203.82
2025-06-16T16:00,18.3,81,15.9,0.0,1052.2,-151.2,Kedarnath (Garhwal),30.7346,79.0669,3583,35.03,266.12
2025-06-16T17:00,17.2,80,17.2,0.0,898.7,-158.6,Kedarnath (Garhwal),30.7346,79.0669,3583,34.71,253.37
2025-06-16T18:00,16.3,77,74.9,34.53,2548.5,-22.9,Kedarnath (Garhwal),30.7346,79.0669,3583,43.13,200.82
2025-06-16T19:00,15.4,76,63.8,37.94,2953.9,-28.6,Kedarnath (Garhwal),30.7346,79.0669,3583,50.79,203.2
2025-06-16T20:00,13.1,83,57.1,42.91,2790.8,-6.6,Kedarnath (Garhwal),30.7346,79.0669,3583,52.65,210.14
2025-06-16T21:00,13.1,84,56.7,62.15,2865.5,-13.9,Kedarnath (Garhwal),30.7346,79.0669,3583,67.08,227.32
2025-06-16T22:00,12.5,87,17.9,0.39,856.2,-45.2,Kedarnath (Garhwal),30.7346,79.0669,3583,35.2,261.05
2025-06-16T23:00,13.5,88,17.1,0.0,1009.2,-39.2,Kedarnath (Garhwal),30.7346,79.0669,3583,35.43,279.82
2025-06-17T00:00,11.9,91,14.4,0.44,330.7,-109.1,Kedarnath (Garhwal),30.7346,79.0669,3583,35.65,262.44
2025-06-17T01:00,8.9,86,55.0,30.23,3149.7,-12.6,Kedarnath (Garhwal),30.7346,79.0669,3583,53.96,234.62
2025-06-17T02:00,11.0,94,27.5,0.11,1332.4,-154.4,Kedarnath (Garhwal),30.7346,79.0669,3583,35.94,263.25
2025-06-17T03:00,10.0,90,20.3,0.0,1062.0,-54.6,Kedarnath (Garhwal),30.7346,79.0669,3583,35.2,267.42
2025-06-17T04:00,9.8,97,5.2,0.0,1126.0,-89.8,Kedarnath (Garhwal),30.7346,79.0669,3583,36.2,245.42
2025-06-17T05:00,11.7,85,12.4,0.78,474.4,-108.8,Kedarnath (Garhwal),30.7346,79.0669,3583,34.78,252.77
2025-06-17T06:00,12.8,94,48.9,61.78,2473.2,-21.6,Kedarnath (Garhwal),30.7346,79.0669,3583,52.13,215.2
2025-06-17T07:00,13.4,86,14.0,1.5,253.9,-126.5,Kedarnath (Garhwal),30.7346,79.0669,3583,35.15,258.01
2025-06-17T08:00,12.1,81,10.8,0.0,892.5,-70.0,Kedarnath (Garhwal),30.7346,79.0669,3583,34.24,272.56
2025-06-17T09:00,13.6,80,58.8,15.97,2287.4,-47.1,Kedarnath (Garhwal),30.7346,79.0669,3583,41.63,208.12
2025-06-17T10:00,15.3,79,83.8,84.43,3066.7,-10.2,Kedarnath (Garhwal),30.7346,79.0669,3583,60.17,202.33
2025-06-17T11:00,16.9,80,14.9,1.12,591.6,-137.6,Kedarnath (Garhwal),30.7346,79.0669,3583,34.75,250.03
2025-06-17T12:00,15.9,79,17.5,0.0,1115.7,-135.2,Kedarnath (Garhwal),30.7346,79.0669,3583,34.46,276.11
2025-06-17T13:00,16.8,74,51.1,28.8,2690.5,-14.1,Kedarnath (Garhwal),30.7346,79.0669,3583,55.31,225.83
2025-06-17T14:00,16.1,75,13.1,0.43,257.2,-121.7,Kedarnath (Garhwal),30.7346,79.0669,3583,33.89,272.09
2025-06-17T15:00,16.1,84,69.8,13.41,3689.6,-23.7,Kedarnath (Garhwal),30.7346,79.0669,3583,52.75,225.64
2025-06-17T16:00,18.4,82,48.1,28.77,2561.8,-20.6,Kedarnath (Garhwal),30.7346,79.0669,3583,48.86,219.61
2025-06-17T17:00,18.7,78,24.5,0.0,469.2,-112.8,Kedarnath (Garhwal),30.7346,79.0669,3583,34.62,270.97
2025-06-17T18:00,16.4,77,70.0,41.23,2153.9,-11.8,Kedarnath (Garhwal),30.7346,79.0669,3583,52.26,216.07
2025-06-17T19:00,17.0,79,35.7,35.76,2009.4,-14.5,Kedarnath (Garhwal),30.7346,79.0669,3583,57.46,223.57
2025-06-17T20:00,15.3,83,74.4,29.46,2267.9,-19.3,Kedarnath (Garhwal),30.7346,79.0669,3583,53.62,220.93
2025-06-17T21:00,13.2,78,41.3,28.93,2040.9,-29.3,Kedarnath (Garhwal),30.7346,79.0669,3583,58.08,212.86
2025-06-17T22:00,13.5,83,12.9,0.0,346.4,-37.5,Kedarnath (Garhwal),30.7346,79.0669,3583,34.67,274.77
2025-06-17T23:00,14.1,79,83.0,95.89,3421.6,-5.0,Kedarnath (Garhwal),30.7346,79.0669,3583,77.51,209.56
2025-06-18T00:00,11.5,89,8.7,0.8,1336.5,-89.5,Kedarnath (Garhwal),30.7346,79.0669,3583,35.22,258.32
2025-06-18T01:00,12.8,91,21.2,0.35,230.2,-137.5,Kedarnath (Garhwal),30.7346,79.0669,3583,35.71,245.4
2025-06-18T02:00,7.5,87,27.2,0.0,1045.8,-134.4,Kedarnath (Garhwal),30.7346,79.0669,3583,34.42,264.13
2025-06-18T03:00,11.5,95,23.4,0.0,1062.1,-140.8,Kedarnath (Garhwal),30.7346,79.0669,3583,36.18,251.27
2025-06-18T04:00,10.7,84,12.1,0.0,358.1,-141.1,Kedarnath (Garhwal),30.7346,79.0669,3583,34.44,250.5
2025-06-18T05:00,10.6,82,19.4,0.0,1007.2,-131.5,Kedarnath (Garhwal),30.7346,79.0669,3583,34.18,253.77
2025-06-18T06:00,11.6,88,6.2,0.0,1287.3,-21.7,Kedarnath (Garhwal),30.7346,79.0669,3583,35.14,268.59
2025-06-18T07:00,9.9,90,12.7,0.31,568.1,-69.4,Kedarnath (Garhwal),30.7346,79.0669,3583,35.16,266.75
2025-06-18T08:00,12.8,91,20.8,0.0,1140.5,-60.0,Kedarnath (Garhwal),30.7346,79.0669,3583,35.69,260.15
2025-06-18T09:00,14.4,80,20.4,0.0,648.7,-152.2,Kedarnath (Garhwal),30.7346,79.0669,3583,34.41,267.46
2025-06-18T10:00,16.7,85,11.4,0.0,702.0,-125.1,Kedarnath (Garhwal),30.7346,79.0669,3583,35.35,248.55
2025-06-18T11:00,15.1,78,9.1,0.07,1376.4,-29.5,Kedarnath (Garhwal),30.7346,79.0669,3583,34.24,263.15
2025-06-18T12:00,15.5,76,13.0,0.0,1085.5,-118.6,Kedarnath (Garhwal),30.7346,79.0669,3583,33.99,259.8
2025-06-18T13:00,16.4,79,11.6,0.0,446.4,-87.6,Kedarnath (Garhwal),30.7346,79.0669,3583,34.58,254.4
2025-06-18T14:00,18.5,78,26.9,0.0,924.4,-30.8,Kedarnath (Garhwal),30.7346,79.0669,3583,34.62,247.65
2025-06-18T15:00,17.9,69,61.8,24.96,2347.4,-29.4,Kedarnath (Garhwal),30.7346,79.0669,3583,54.27,229.08
2025-06-18T16:00,16.7,81,10.7,0.0,1006.5,-101.7,Kedarnath (Garhwal),30.7346,79.0669,3583,34.87,263.4
2025-06-18T17:00,17.6,81,9.9,0.0,340.5,-82.9,Kedarnath (Garhwal),30.7346,79.0669,3583,35.04,266.43
2025-06-18T18:00,16.6,75,19.4,0.0,950.2,-72.3,Kedarnath (Garhwal),30.7346,79.0669,3583,33.87,246.77
2025-06-18T19:00,16.9,80,21.7,0.0,850.4,-151.6,Kedarnath (Garhwal),30.7346,79.0669,3583,34.73,252.72
2025-06-18T20:00,14.1,82,22.1,0.0,457.6,-113.1,Kedarnath (Garhwal),30.7346,79.0669,3583,34.65,262.43
2025-06-18T21:00,13.6,83,23.8,0.0,301.2,-133.0,Kedarnath (Garhwal),30.7346,79.0669,3583,34.72,275.15
2025-06-18T22:00,12.6,82,20.4,0.14,1395.5,-52.1,Kedarnath (Garhwal),30.7346,79.0669,3583,34.37,264.14
2025-06-18T23:00,10.5,83,5.7,0.0,1182.0,-27.0,Kedarnath (Garhwal),30.7346,79.0669,3583,34.26,276.9
2025-06-19T00:00,11.9,87,72.9,13.87,2300.0,-26.1,Kedarnath (Garhwal),30.7346,79.0669,3583,55.72,227.13
2025-06-19T01:00,11.3,93,26.5,0.0,1206.2,-132.7,Kedarnath (Garhwal),30.7346,79.0669,3583,35.79,273.8
2025-06-19T02:00,10.6,91,17.0,0.0,940.1,-124.0,Kedarnath (Garhwal),30.7346,79.0669,3583,35.44,270.83
2025-06-19T03:00,10.2,88,11.2,0.0,1304.9,-101.8,Kedarnath (Garhwal),30.7346,79.0669,3583,34.9,263.84
2025-06-19T04:00,8.9,92,19.5,0.0,999.8,-130.2,Kedarnath (Garhwal),30.7346,79.0669,3583,35.34,260.9
2025-06-19T05:00,10.5,77,26.5,0.0,713.1,-82.0,Kedarnath (Garhwal),30.7346,79.0669,3583,33.36,267.73
2025-06-19T06:00,11.1,92,11.9,0.0,550.9,-82.1,Kedarnath (Garhwal),30.7346,79.0669,3583,35.6,245.77
2025-06-19T07:00,11.3,79,22.6,0.0,789.3,-149.8,Kedarnath (Garhwal),30.7346,79.0669,3583,33.74,248.69
2025-06-19T08:00,12.9,82,6.6,0.0,512.3,-42.3,Kedarnath (Garhwal),30.7346,79.0669,3583,34.52,250.62
2025-06-19T09:00,14.5,78,7.5,0.0,1258.0,-134.0,Kedarnath (Garhwal),30.7346,79.0669,3583,34.03,268.98
2025-06-19T10:00,17.2,75,13.2,0.0,499.9,-92.1,Kedarnath (Garhwal),30.7346,79.0669,3583,34.02,263.74
2025-06-19T11:00,16.0,83,26.9,0.0,1147.2,-63.1,Kedarnath (Garhwal),30.7346,79.0669,3583,35.05,276.98
2025-06-19T12:00,16.8,75,7.4,0.0,806.8,-151.8,Kedarnath (Garhwal),30.7346,79.0669,3583,33.99,275.67
2025-06-19T13:00,16.9,77,20.6,1.17,803.8,-47.1,Kedarnath (Garhwal),30.7346,79.0669,3583,34.33,275.06
2025-06-19T14:00,15.1,75,20.5,0.0,727.1,-105.5,Kedarnath (Garhwal),30.7346,79.0669,3583,33.74,250.61
2025-06-19T15:00,17.5,77,5.0,0.79,475.5,-36.5,Kedarnath (Garhwal),30.7346,79.0669,3583,34.34,250.78
2025-06-19T16:00,17.5,76,8.8,0.17,393.6,-31.7,Kedarnath (Garhwal),30.7346,79.0669,3583,34.14,245.67
2025-06-19T17:00,20.0,71,19.0,0.0,326.4,-51.1,Kedarnath (Garhwal),30.7346,79.0669,3583,33.77,263.17
2025-06-19T18:00,16.2,81,63.3,29.34,2737.1,-36.2,Kedarnath (Garhwal),30.7346,79.0669,3583,53.15,234.72
2025-06-19T19:00,16.1,77,9.7,0.0,1014.8,-77.7,Kedarnath (Garhwal),30.7346,79.0669,3583,34.1,271.38
2025-06-19T20:00,14.9,74,21.0,0.0,890.5,-23.1,Kedarnath (Garhwal),30.7346,79.0669,3583,33.55,278.08
2025-06-19T21:00,12.6,80,7.6,0.68,726.9,-157.3,Kedarnath (Garhwal),30.7346,79.0669,3583,34.18,262.93
2025-06-19T22:00,14.5,90,24.7,0.0,1341.7,-128.7,Kedarnath (Garhwal),30.7346,79.0669,3583,35.81,266.4
2025-06-19T23:00,13.2,89,25.3,0.72,1262.7,-51.1,Kedarnath (Garhwal),30.7346,79.0669,3583,35.5,270.01
2025-06-20T00:00,12.5,86,7.9,0.0,758.1,-142.4,Kedarnath (Garhwal),30.7346,79.0669,3583,34.92,252.12
2025-06-20T01:00,9.9,87,16.1,0.0,812.7,-134.9,Kedarnath (Garhwal),30.7346,79.0669,3583,34.73,259.16
2025-06-20T02:00,12.3,87,9.8,0.0,977.3,-22.2,Kedarnath (Garhwal),30.7346,79.0669,3583,35.18,254.83
2025-06-20T03:00,8.8,97,17.5,0.36,418.1,-124.0,Kedarnath (Garhwal),30.7346,79.0669,3583,36.1,274.68
2025-06-20T04:00,11.3,90,6.0,0.0,1387.1,-52.4,Kedarnath (Garhwal),30.7346,79.0669,3583,35.45,277.99
2025-06-20T05:00,13.6,90,13.6,0.0,1075.1,-105.2,Kedarnath (Garhwal),30.7346,79.0669,3583,35.69,269.73
2025-06-20T06:00,10.3,91,24.1,0.28,619.9,-150.1,Kedarnath (Garhwal),30.7346,79.0669,3583,35.42,258.27
2025-06-20T07:00,11.6,86,18.4,0.0,314.4,-34.5,Kedarnath (Garhwal),30.7346,79.0669,3583,34.93,246.7
2025-06-20T08:00,13.2,83,22.4,0.0,825.3,-69.0,Kedarnath (Garhwal),30.7346,79.0669,3583,34.62,268.71
2025-06-20T09:00,13.4,81,13.0,0.0,1055.9,-74.1,Kedarnath (Garhwal),30.7346,79.0669,3583,34.42,268.19
2025-06-20T10:00,13.0,80,22.8,0.47,509.9,-104.8,Kedarnath (Garhwal),30.7346,79.0669,3583,34.18,260.16
2025-06-20T11:00,15.8,78,13.9,0.0,568.3,-78.1,Kedarnath (Garhwal),30.7346,79.0669,3583,34.33,269.95
2025-06-20T12:00,15.2,80,21.7,0.49,919.7,-140.6,Kedarnath (Garhwal),30.7346,79.0669,3583,34.48,275.4
2025-06-20T13:00,17.6,76,27.0,0.0,360.4,-82.1,Kedarnath (Garhwal),30.7346,79.0669,3583,34.25,260.78
2025-06-20T14:00,16.3,78,10.2,0.0,839.9,-109.1,Kedarnath (Garhwal),30.7346,79.0669,3583,34.37,271.19
2025-06-20T15:00,19.4,75,23.9,0.0,755.7,-59.0,Kedarnath (Garhwal),30.7346,79.0669,3583,34.27,267.91
2025-06-20T16:00,16.4,76,23.1,0.83,1186.0,-84.6,Kedarnath (Garhwal),30.7346,79.0669,3583,34.0,279.42
2025-06-20T17:00,16.6,68,14.6,1.04,460.7,-85.0,Kedarnath (Garhwal),30.7346,79.0669,3583,32.89,254.24
2025-06-20T18:00,17.5,81,9.6,0.0,1229.7,-129.7,Kedarnath (Garhwal),30.7346,79.0669,3583,34.9,260.01
2025-06-20T19:00,14.3,80,22.2,0.74,723.7,-113.3,Kedarnath (Garhwal),30.7346,79.0669,3583,34.35,248.3
2025-06-20T20:00,15.2,84,23.4,0.0,1192.0,-146.4,Kedarnath (Garhwal),30.7346,79.0669,3583,35.1,277.67
2025-06-20T21:00,15.6,70,61.3,30.03,2264.6,-24.4,Kedarnath (Garhwal),30.7346,79.0669,3583,46.08,215.45
2025-06-20T22:00,11.2,92,5.3,0.59,575.3,-111.6,Kedarnath (Garhwal),30.7346,79.0669,3583,35.69,253.12
2025-06-20T23:00,12.5,85,18.0,0.0,246.7,-137.2,Kedarnath (Garhwal),30.7346,79.0669,3583,34.84,266.68
2025-06-21T00:00,11.8,91,22.4,0.0,904.3,-101.3,Kedarnath (Garhwal),30.7346,79.0669,3583,35.67,279.67
2025-06-21T01:00,11.9,84,26.3,0.25,667.1,-52.0,Kedarnath (Garhwal),30.7346,79.0669,3583,34.61,265.89
2025-06-21T02:00,9.1,91,19.9,0.75,454.0,-159.4,Kedarnath (Garhwal),30.7346,79.0669,3583,35.28,279.34
2025-06-21T03:00,8.9,85,20.6,0.0,264.0,-83.7,Kedarnath (Garhwal),30.7346,79.0669,3583,34.32,268.62
2025-06-21T04:00,11.2,86,21.0,0.0,400.8,-90.1,Kedarnath (Garhwal),30.7346,79.0669,3583,34.86,269.18
2025-06-21T05:00,11.3,96,9.1,0.36,387.4,-109.0,Kedarnath (Garhwal),30.7346,79.0669,3583,36.22,265.98
2025-06-21T06:00,11.8,86,22.9,0.0,1204.8,-43.8,Kedarnath (Garhwal),30.7346,79.0669,3583,34.93,245.67
2025-06-21T07:00,12.7,86,17.3,0.0,1205.8,-132.4,Kedarnath (Garhwal),30.7346,79.0669,3583,35.07,278.63
2025-06-21T08:00,12.3,87,26.2,0.0,384.4,-100.2,Kedarnath (Garhwal),30.7346,79.0669,3583,35.15,254.7
2025-06-21T09:00,14.3,84,14.7,0.0,625.9,-27.3,Kedarnath (Garhwal),30.7346,79.0669,3583,34.94,246.11
2025-06-21T10:00,15.3,81,9.9,1.3,1257.2,-143.6,Kedarnath (Garhwal),30.7346,79.0669,3583,34.61,268.07
2025-06-21T11:00,14.9,80,27.9,0.0,1084.9,-60.1,Kedarnath (Garhwal),30.7346,79.0669,3583,34.44,273.09
2025-06-21T12:00,18.7,87,24.5,0.0,947.2,-156.3,Kedarnath (Garhwal),30.7346,79.0669,3583,35.94,261.28
2025-06-21T13:00,17.6,76,24.6,0.05,280.4,-156.5,Kedarnath (Garhwal),30.7346,79.0669,3583,34.18,273.59
2025-06-21T14:00,16.0,76,15.8,0.0,285.2,-49.5,Kedarnath (Garhwal),30.7346,79.0669,3583,34.01,253.03
2025-06-21T15:00,18.3,79,48.3,15.58,3047.8,-44.5,Kedarnath (Garhwal),30.7346,79.0669,3583,46.66,217.29
2025-06-21T16:00,16.2,80,24.0,0.0,956.7,-50.8,Kedarnath (Garhwal),30.7346,79.0669,3583,34.58,245.72
2025-06-21T17:00,18.0,81,25.7,0.05,563.0,-156.6,Kedarnath (Garhwal),30.7346,79.0669,3583,34.97,250.95
2025-06-21T18:00,17.9,80,21.3,0.0,525.6,-33.8,Kedarnath (Garhwal),30.7346,79.0669,3583,34.79,274.03
2025-06-21T19:00,14.8,74,12.2,0.0,774.2,-129.3,Kedarnath (Garhwal),30.7346,79.0669,3583,33.53,255.63
2025-06-21T20:00,16.1,87,14.1,0.2,1250.5,-81.8,Kedarnath (Garhwal),30.7346,79.0669,3583,35.59,279.45
2025-06-21T21:00,14.5,77,27.8,0.0,428.9,-68.6,Kedarnath (Garhwal),30.7346,79.0669,3583,34.01,264.15
2025-06-21T22:00,14.1,85,22.6,0.01,254.0,-37.7,Kedarnath (Garhwal),30.7346,79.0669,3583,35.07,264.69
2025-06-21T23:00,14.5,82,20.8,0.0,765.0,-111.8,Kedarnath (Garhwal),30.7346,79.0669,3583,34.76,264.59
2025-06-22T00:00,11.2,87,14.6,0.0,1159.7,-37.3,Kedarnath (Garhwal),30.7346,79.0669,3583,34.92,269.45
2025-06-22T01:00,10.1,89,21.9,0.0,1267.9,-134.5,Kedarnath (Garhwal),30.7346,79.0669,3583,35.14,262.86
2025-06-22T02:00,9.6,90,22.1,0.0,683.3,-155.8,Kedarnath (Garhwal),30.7346,79.0669,3583,35.17,277.63
2025-06-22T03:00,9.5,91,16.3,0.0,1225.6,-43.1,Kedarnath (Garhwal),30.7346,79.0669,3583,35.25,274.9
2025-06-22T04:00,10.5,95,13.5,0.17,924.6,-100.7,Kedarnath (Garhwal),30.7346,79.0669,3583,36.04,264.56
2025-06-22T05:00,11.4,90,18.2,0.0,1272.8,-67.2,Kedarnath (Garhwal),30.7346,79.0669,3583,35.39,270.53
2025-06-22T06:00,11.9,86,17.0,0.0,230.3,-55.4,Kedarnath (Garhwal),30.7346,79.0669,3583,34.9,263.2
2025-06-22T07:00,13.2,89,13.7,0.0,948.2,-104.0,Kedarnath (Garhwal),30.7346,79.0669,3583,35.58,246.87
2025-06-22T08:00,13.1,89,10.5,1.74,865.2,-47.9,Kedarnath (Garhwal),30.7346,79.0669,3583,35.45,255.29
2025-06-22T09:00,15.7,77,5.1,0.73,1309.4,-130.0,Kedarnath (Garhwal),30.7346,79.0669,3583,34.13,265.65
2025-06-22T10:00,14.6,83,26.5,0.0,1112.5,-91.8,Kedarnath (Garhwal),30.7346,79.0669,3583,34.78,269.64
2025-06-22T11:00,19.0,81,6.0,0.0,770.8,-114.4,Kedarnath (Garhwal),30.7346,79.0669,3583,35.2,271.7
2025-06-22T12:00,17.2,76,7.8,0.0,1004.0,-85.6,Kedarnath (Garhwal),30.7346,79.0669,3583,34.15,272.07
2025-06-22T13:00,16.0,81,23.3,0.15,1223.6,-150.0,Kedarnath (Garhwal),30.7346,79.0669,3583,34.81,279.87
2025-06-22T14:00,16.1,75,9.4,0.71,758.8,-128.3,Kedarnath (Garhwal),30.7346,79.0669,3583,33.82,277.02
2025-06-22T15:00,18.1,76,20.0,0.0,439.8,-27.8,Kedarnath (Garhwal),30.7346,79.0669,3583,34.22,264.9
2025-06-22T16:00,17.1,75,13.4,0.0,1227.8,-136.9,Kedarnath (Garhwal),30.7346,79.0669,3583,33.94,277.46
2025-06-22T17:00,17.9,76,14.6,0.0,717.3,-32.3,Kedarnath (Garhwal),30.7346,79.0669,3583,34.26,254.9
2025-06-22T18:00,17.0,73,18.7,0.0,552.5,-25.8,Kedarnath (Garhwal),30.7346,79.0669,3583,33.65,267.3
2025-06-22T19:00,15.7,73,16.6,0.0,554.8,-106.7,Kedarnath (Garhwal),30.7346,79.0669,3583,33.48,265.99
2025-06-22T20:00,13.9,87,17.5,0.0,607.7,-83.8,Kedarnath (Garhwal),30.7346,79.0669,3583,35.26,268.73
2025-06-22T21:00,12.2,79,12.2,0.06,1153.4,-58.9,Kedarnath (Garhwal),30.7346,79.0669,3583,33.87,249.98
2025-06-22T22:00,12.6,80,15.4,0.0,849.2,-157.9,Kedarnath (Garhwal),30.7346,79.0669,3583,34.11,277.86
2025-06-22T23:00,13.3,77,12.9,0.0,488.0,-119.4,Kedarnath (Garhwal),30.7346,79.0669,3583,33.77,254.55
2025-06-23T00:00,11.8,84,25.8,0.0,427.3,-20.7,Kedarnath (Garhwal),30.7346,79.0669,3583,34.66,247.1
2025-06-23T01:00,9.5,83,58.5,31.59,3226.1,-41.5,Kedarnath (Garhwal),30.7346,79.0669,3583,40.89,198.14
2025-06-23T02:00,10.8,95,25.9,0.0,682.9,-143.8,Kedarnath (Garhwal),30.7346,79.0669,3583,36.1,276.34
2025-06-23T03:00,11.0,93,12.9,0.0,526.0,-46.7,Kedarnath (Garhwal),30.7346,79.0669,3583,35.79,251.46
2025-06-23T04:00,9.6,86,11.6,0.0,343.9,-122.9,Kedarnath (Garhwal),30.7346,79.0669,3583,34.59,263.6
2025-06-23T05:00,11.2,97,63.8,33.33,2246.6,-19.1,Kedarnath (Garhwal),30.7346,79.0669,3583,48.75,216.05
2025-06-23T06:00,11.6,91,20.1,0.31,1317.9,-134.9,Kedarnath (Garhwal),30.7346,79.0669,3583,35.57,264.83
2025-06-23T07:00,10.9,84,54.7,39.51,3201.5,-18.7,Kedarnath (Garhwal),30.7346,79.0669,3583,49.23,207.28
2025-06-23T08:00,13.5,74,51.8,15.97,3382.2,-11.1,Kedarnath (Garhwal),30.7346,79.0669,3583,54.54,225.65
2025-06-23T09:00,14.7,91,27.6,0.0,555.6,-151.4,Kedarnath (Garhwal),30.7346,79.0669,3583,36.04,273.66
2025-06-23T10:00,16.2,75,6.2,0.0,717.5,-68.7,Kedarnath (Garhwal),30.7346,79.0669,3583,33.83,246.76
2025-06-23T11:00,17.0,72,18.3,0.0,471.8,-106.0,Kedarnath (Garhwal),30.7346,79.0669,3583,33.54,253.85
2025-06-23T12:00,14.8,81,13.3,0.24,1184.8,-86.8,Kedarnath (Garhwal),30.7346,79.0669,3583,34.6,257.28
2025-06-23T13:00,15.9,86,39.9,48.06,2301.7,-27.8,Kedarnath (Garhwal),30.7346,79.0669,3583,60.18,213.29
2025-06-23T14:00,18.0,81,5.4,0.0,1137.8,-58.6,Kedarnath (Garhwal),30.7346,79.0669,3583,34.98,252.15
2025-06-23T15:00,18.1,77,61.4,90.95,3756.8,-0.5,Kedarnath (Garhwal),30.7346,79.0669,3583,65.94,201.93
2025-06-23T16:00,18.0,78,14.6,0.0,874.6,-120.1,Kedarnath (Garhwal),30.7346,79.0669,3583,34.52,247.4
2025-06-23T17:00,21.7,79,87.6,16.17,3040.0,-37.7,Kedarnath (Garhwal),30.7346,79.0669,3583,43.7,211.63
2025-06-23T18:00,17.2,80,73.0,27.14,2608.5,-13.7,Kedarnath (Garhwal),30.7346,79.0669,3583,49.68,223.26
2025-06-23T19:00,17.1,80,61.3,60.41,3318.4,-8.3,Kedarnath (Garhwal),30.7346,79.0669,3583,55.67,210.42
2025-06-23T20:00,16.1,81,56.2,32.38,2570.2,-27.6,Kedarnath (Garhwal),30.7346,79.0669,3583,55.7,234.16
2025-06-23T21:00,14.8,82,14.3,0.45,1299.7,-109.0,Kedarnath (Garhwal),30.7346,79.0669,3583,34.69,267.04
2025-06-23T22:00,12.7,81,8.4,0.47,714.1,-122.4,Kedarnath (Garhwal),30.7346,79.0669,3583,34.27,273.86
2025-06-23T23:00,13.2,84,10.8,0.4,717.6,-73.1,Kedarnath (Garhwal),30.7346,79.0669,3583,34.85,277.03
2025-06-24T00:00,10.6,80,5.9,0.0,570.2,-100.2,Kedarnath (Garhwal),30.7346,79.0669,3583,33.89,256.38
2025-06-24T01:00,10.7,88,89.3,102.43,4054.1,-4.9,Kedarnath (Garhwal),30.7346,79.0669,3583,60.38,198.59
2025-06-24T02:00,10.0,85,15.5,3.63,358.9,-73.5,Kedarnath (Garhwal),30.7346,79.0669,3583,34.48,266.68
2025-06-24T03:00,10.6,85,56.2,19.07,2392.6,-42.8,Kedarnath (Garhwal),30.7346,79.0669,3583,46.9,227.46
2025-06-24T04:00,13.4,89,14.6,1.37,700.6,-42.4,Kedarnath (Garhwal),30.7346,79.0669,3583,35.62,250.98
2025-06-24T05:00,8.7,94,35.8,58.4,2726.4,-20.1,Kedarnath (Garhwal),30.7346,79.0669,3583,52.93,214.21
2025-06-24T06:00,12.3,91,26.3,0.0,362.6,-52.4,Kedarnath (Garhwal),30.7346,79.0669,3583,35.64,275.39
2025-06-24T07:00,10.3,79,92.9,99.71,3556.0,-0.1,Kedarnath (Garhwal),30.7346,79.0669,3583,74.73,207.43
2025-06-24T08:00,12.5,80,61.0,32.74,2882.5,-28.9,Kedarnath (Garhwal),30.7346,79.0669,3583,55.58,208.88
2025-06-24T09:00,15.3,86,62.7,21.48,2139.8,-29.4,Kedarnath (Garhwal),30.7346,79.0669,3583,42.61,202.44
2025-06-24T10:00,15.0,76,46.6,51.51,1870.8,-20.7,Kedarnath (Garhwal),30.7346,79.0669,3583,55.17,215.04
2025-06-24T11:00,14.5,78,21.0,0.0,1110.9,-121.9,Kedarnath (Garhwal),30.7346,79.0669,3583,34.04,261.95
2025-06-24T12:00,15.6,79,61.4,21.39,3416.3,-15.4,Kedarnath (Garhwal),30.7346,79.0669,3583,46.39,220.36
2025-06-24T13:00,17.8,72,21.0,0.0,268.0,-24.9,Kedarnath (Garhwal),30.7346,79.0669,3583,33.67,258.72
2025-06-24T14:00,16.5,76,75.9,36.88,2506.0,-25.9,Kedarnath (Garhwal),30.7346,79.0669,3583,41.95,200.22
2025-06-24T15:00,17.8,70,6.0,0.0,369.3,-96.4,Kedarnath (Garhwal),30.7346,79.0669,3583,33.3,248.7
2025-06-24T16:00,17.4,73,84.6,34.48,2633.0,-12.8,Kedarnath (Garhwal),30.7346,79.0669,3583,59.88,218.12
2025-06-24T17:00,16.2,77,11.7,0.0,991.3,-100.9,Kedarnath (Garhwal),30.7346,79.0669,3583,34.22,275.31
2025-06-24T18:00,19.0,71,50.9,25.74,2928.2,-38.3,Kedarnath (Garhwal),30.7346,79.0669,3583,48.01,210.9
2025-06-24T19:00,16.5,80,66.1,64.68,2891.3,-5.4,Kedarnath (Garhwal),30.7346,79.0669,3583,64.73,210.72
2025-06-24T20:00,12.5,80,69.3,51.95,2154.2,-26.6,Kedarnath (Garhwal),30.7346,79.0669,3583,51.85,212.27
2025-06-24T21:00,14.2,84,18.9,0.0,589.2,-114.7,Kedarnath (Garhwal),30.7346,79.0669,3583,34.97,265.8
2025-06-24T22:00,12.3,85,10.2,0.0,714.9,-58.6,Kedarnath (Garhwal),30.7346,79.0669,3583,34.78,271.9
2025-06-24T23:00,13.3,91,52.5,28.13,3243.6,-18.8,Kedarnath (Garhwal),30.7346,79.0669,3583,54.41,219.25
2025-06-25T00:00,10.6,87,14.5,0.0,1396.3,-45.7,Kedarnath (Garhwal),30.7346,79.0669,3583,34.94,265.79
2025-06-25T01:00,10.8,86,74.8,23.33,3547.2,-26.9,Kedarnath (Garhwal),30.7346,79.0669,3583,56.44,228.46
2025-06-25T02:00,11.2,89,18.6,0.0,1166.6,-75.7,Kedarnath (Garhwal),30.7346,79.0669,3583,35.28,273.21
2025-06-25T03:00,11.5,91,53.6,31.59,3543.7,-14.5,Kedarnath (Garhwal),30.7346,79.0669,3583,56.8,232.26
2025-06-25T04:00,9.2,89,18.9,0.0,1072.2,-129.9,Kedarnath (Garhwal),30.7346,79.0669,3583,34.96,279.8
2025-06-25T05:00,10.6,88,22.4,0.0,937.4,-101.4,Kedarnath (Garhwal),30.7346,79.0669,3583,35.05,253.88
2025-06-25T06:00,11.0,84,6.0,0.0,591.0,-37.9,Kedarnath (Garhwal),30.7346,79.0669,3583,34.51,260.48
2025-06-25T07:00,11.5,83,23.7,0.37,1204.7,-37.8,Kedarnath (Garhwal),30.7346,79.0669,3583,34.39,249.42
2025-06-25T08:00,15.2,78,11.6,0.0,581.9,-145.2,Kedarnath (Garhwal),30.7346,79.0669,3583,34.23,267.57
2025-06-25T09:00,14.5,89,8.4,0.0,216.4,-65.2,Kedarnath (Garhwal),30.7346,79.0669,3583,35.7,264.4
2025-06-25T10:00,13.4,75,17.7,0.29,1273.3,-135.3,Kedarnath (Garhwal),30.7346,79.0669,3583,33.54,276.46
2025-06-25T11:00,16.9,76,16.0,0.0,1386.6,-51.6,Kedarnath (Garhwal),30.7346,79.0669,3583,34.08,258.65
2025-06-25T12:00,19.0,74,7.0,0.0,1195.7,-156.8,Kedarnath (Garhwal),30.7346,79.0669,3583,34.15,259.17
2025-06-25T13:00,18.3,80,12.3,0.0,756.6,-64.8,Kedarnath (Garhwal),30.7346,79.0669,3583,34.84,261.68
2025-06-25T14:00,15.6,74,22.0,0.0,910.8,-117.3,Kedarnath (Garhwal),30.7346,79.0669,3583,33.66,257.76
2025-06-25T15:00,16.9,80,70.9,16.29,3405.6,-40.6,Kedarnath (Garhwal),30.7346,79.0669,3583,52.0,229.6
2025-06-25T16:00,18.9,73,52.0,23.01,3559.9,-16.9,Kedarnath (Garhwal),30.7346,79.0669,3583,46.01,234.27
2025-06-25T17:00,16.2,77,7.4,0.0,849.6,-32.0,Kedarnath (Garhwal),30.7346,79.0669,3583,34.19,247.0
2025-06-25T18:00,17.0,74,6.0,0.0,480.5,-109.3,Kedarnath (Garhwal),30.7346,79.0669,3583,33.8,273.7
2025-06-25T19:00,16.7,87,25.7,0.52,502.8,-63.1,Kedarnath (Garhwal),30.7346,79.0669,3583,35.72,266.48
2025-06-25T20:00,13.8,75,9.4,0.49,637.8,-109.7,Kedarnath (Garhwal),30.7346,79.0669,3583,33.63,261.32
2025-06-25T21:00,13.9,83,6.3,0.73,1293.6,-22.9,Kedarnath (Garhwal),30.7346,79.0669,3583,34.79,256.05
2025-06-25T22:00,9.2,86,15.4,0.0,1010.8,-75.4,Kedarnath (Garhwal),30.7346,79.0669,3583,34.59,271.47
2025-06-25T23:00,11.0,87,27.3,0.0,501.1,-36.9,Kedarnath (Garhwal),30.7346,79.0669,3583,34.95,265.46
2025-06-26T00:00,11.2,86,20.1,0.36,607.2,-90.8,Kedarnath (Garhwal),30.7346,79.0669,3583,34.85,250.67
2025-06-26T01:00,9.5,88,14.5,0.0,680.8,-36.1,Kedarnath (Garhwal),30.7346,79.0669,3583,34.8,275.91
2025-06-26T02:00,12.6,89,23.7,0.63,730.4,-110.8,Kedarnath (Garhwal),30.7346,79.0669,3583,35.43,247.15
2025-06-26T03:00,8.8,88,18.4,0.0,381.7,-86.8,Kedarnath (Garhwal),30.7346,79.0669,3583,34.83,266.06
2025-06-26T04:00,10.1,93,21.9,0.0,352.2,-74.8,Kedarnath (Garhwal),30.7346,79.0669,3583,35.61,250.69
2025-06-26T05:00,11.1,97,18.3,0.0,862.8,-103.3,Kedarnath (Garhwal),30.7346,79.0669,3583,36.36,275.52
2025-06-26T06:00,13.3,85,25.9,0.0,848.3,-31.1,Kedarnath (Garhwal),30.7346,79.0669,3583,34.91,264.8
2025-06-26T07:00,10.5,80,18.7,0.0,372.2,-41.2,Kedarnath (Garhwal),30.7346,79.0669,3583,33.86,260.15
2025-06-26T08:00,14.5,83,6.8,0.0,1106.2,-102.1,Kedarnath (Garhwal),30.7346,79.0669,3583,34.9,274.0
2025-06-26T09:00,14.0,92,26.6,0.0,1194.4,-129.7,Kedarnath (Garhwal),30.7346,79.0669,3583,36.11,254.7
2025-06-26T10:00,13.7,77,5.9,0.0,1365.1,-44.8,Kedarnath (Garhwal),30.7346,79.0669,3583,33.84,270.27
2025-06-26T11:00,16.3,85,16.1,1.8,896.8,-151.0,Kedarnath (Garhwal),30.7346,79.0669,3583,35.38,268.53
2025-06-26T12:00,16.7,84,70.6,12.55,2220.7,-17.9,Kedarnath (Garhwal),30.7346,79.0669,3583,53.07,222.03
2025-06-26T13:00,16.3,74,49.8,30.87,3643.8,-23.4,Kedarnath (Garhwal),30.7346,79.0669,3583,47.46,223.85
2025-06-26T14:00,17.5,78,17.8,0.6,905.6,-69.4,Kedarnath (Garhwal),30.7346,79.0669,3583,34.43,272.99
2025-06-26T15:00,17.0,82,17.4,0.0,918.3,-78.0,Kedarnath (Garhwal),30.7346,79.0669,3583,34.96,278.53
2025-06-26T16:00,17.5,74,6.4,0.0,950.8,-100.0,Kedarnath (Garhwal),30.7346,79.0669,3583,33.88,251.47
2025-06-26T17:00,17.8,75,6.8,0.0,828.1,-51.7,Kedarnath (Garhwal),30.7346,79.0669,3583,34.13,268.33
2025-06-26T18:00,18.4,75,6.2,0.0,421.4,-48.3,Kedarnath (Garhwal),30.7346,79.0669,3583,34.14,258.53
2025-06-26T19:00,14.3,74,8.3,0.0,780.0,-73.6,Kedarnath (Garhwal),30.7346,79.0669,3583,33.54,274.37
2025-06-26T20:00,17.5,78,52.2,33.1,3032.7,-44.8,Kedarnath (Garhwal),30.7346,79.0669,3583,47.23,220.16
2025-06-26T21:00,11.7,77,15.4,0.0,1186.8,-146.4,Kedarnath (Garhwal),30.7346,79.0669,3583,33.58,263.37
2025-06-26T22:00,12.9,84,27.6,0.85,745.1,-83.2,Kedarnath (Garhwal),30.7346,79.0669,3583,34.75,277.79
2025-06-26T23:00,13.0,82,21.8,0.0,399.3,-28.3,Kedarnath (Garhwal),30.7346,79.0669,3583,34.54,269.18
2025-06-27T00:00,11.9,88,8.9,0.0,309.4,-60.0,Kedarnath (Garhwal),30.7346,79.0669,3583,35.18,268.53
2025-06-27T01:00,10.2,82,18.3,0.0,1119.2,-77.9,Kedarnath (Garhwal),30.7346,79.0669,3583,34.08,267.85
2025-06-27T02:00,10.4,90,27.2,0.0,249.7,-155.5,Kedarnath (Garhwal),30.7346,79.0669,3583,35.29,264.25
2025-06-27T03:00,9.9,92,9.8,0.0,403.4,-27.1,Kedarnath (Garhwal),30.7346,79.0669,3583,35.54,266.61
2025-06-27T04:00,9.9,81,19.4,0.0,598.4,-129.4,Kedarnath (Garhwal),30.7346,79.0669,3583,33.88,260.3
2025-06-27T05:00,12.0,90,21.8,0.0,589.9,-116.2,Kedarnath (Garhwal),30.7346,79.0669,3583,35.43,278.66
2025-06-27T06:00,12.0,92,9.5,0.19,1087.6,-105.7,Kedarnath (Garhwal),30.7346,79.0669,3583,35.76,245.58
2025-06-27T07:00,11.4,81,9.2,1.33,646.5,-93.1,Kedarnath (Garhwal),30.7346,79.0669,3583,34.07,247.38
2025-06-27T08:00,14.2,91,18.1,0.0,751.6,-114.6,Kedarnath (Garhwal),30.7346,79.0669,3583,35.87,266.65
2025-06-27T09:00,14.4,84,21.8,0.0,1122.7,-159.2,Kedarnath (Garhwal),30.7346,79.0669,3583,34.91,245.39
2025-06-27T10:00,15.9,77,12.0,0.72,353.1,-77.3,Kedarnath (Garhwal),30.7346,79.0669,3583,34.19,257.4
2025-06-27T11:00,16.5,78,20.1,0.0,1326.4,-69.0,Kedarnath (Garhwal),30.7346,79.0669,3583,34.41,253.53
2025-06-27T12:00,15.5,79,10.9,0.0,469.5,-29.7,Kedarnath (Garhwal),30.7346,79.0669,3583,34.42,273.96
2025-06-27T13:00,16.4,76,70.6,23.23,3311.9,-29.9,Kedarnath (Garhwal),30.7346,79.0669,3583,56.74,229.7
2025-06-27T14:00,18.3,77,16.8,0.0,513.6,-78.7,Kedarnath (Garhwal),30.7346,79.0669,3583,34.52,265.98
2025-06-27T15:00,18.2,71,69.2,13.4,2346.1,-21.2,Kedarnath (Garhwal),30.7346,79.0669,3583,45.67,217.57
2025-06-27T16:00,17.4,76,79.9,25.27,3034.2,-41.4,Kedarnath (Garhwal),30.7346,79.0669,3583,47.14,215.45
2025-06-27T17:00,17.2,70,22.2,0.51,916.3,-133.4,Kedarnath (Garhwal),30.7346,79.0669,3583,33.31,260.04
2025-06-27T18:00,18.0,77,12.0,0.0,522.6,-47.8,Kedarnath (Garhwal),30.7346,79.0669,3583,34.37,253.64
2025-06-27T19:00,15.0,75,7.0,0.0,711.8,-106.2,Kedarnath (Garhwal),30.7346,79.0669,3583,33.71,247.86
2025-06-27T20:00,15.6,77,23.7,0.0,456.8,-59.7,Kedarnath (Garhwal),30.7346,79.0669,3583,34.13,259.01
2025-06-27T21:00,13.8,87,5.5,0.0,1002.7,-131.8,Kedarnath (Garhwal),30.7346,79.0669,3583,35.3,277.65
2025-06-27T22:00,12.8,88,20.6,3.48,750.2,-99.0,Kedarnath (Garhwal),30.7346,79.0669,3583,35.35,268.21
2025-06-27T23:00,13.6,88,10.3,0.18,544.7,-143.2,Kedarnath (Garhwal),30.7346,79.0669,3583,35.42,246.72
2025-06-28T00:00,12.5,83,20.5,0.0,365.8,-140.3,Kedarnath (Garhwal),30.7346,79.0669,3583,34.5,262.5
2025-06-28T01:00,11.9,87,9.8,0.62,1112.0,-63.8,Kedarnath (Garhwal),30.7346,79.0669,3583,35.03,259.37
2025-06-28T02:00,12.2,94,20.9,0.3,564.1,-129.5,Kedarnath (Garhwal),30.7346,79.0669,3583,36.04,271.81
2025-06-28T03:00,10.5,90,9.8,0.0,1006.1,-122.1,Kedarnath (Garhwal),30.7346,79.0669,3583,35.23,265.13
2025-06-28T04:00,11.4,98,10.3,0.0,713.0,-110.3,Kedarnath (Garhwal),30.7346,79.0669,3583,36.57,271.08
2025-06-28T05:00,10.6,90,13.5,1.36,438.4,-129.7,Kedarnath (Garhwal),30.7346,79.0669,3583,35.25,276.82
2025-06-28T06:00,11.9,88,12.8,0.0,419.4,-153.9,Kedarnath (Garhwal),30.7346,79.0669,3583,35.16,258.18
2025-06-28T07:00,12.1,84,23.6,0.22,330.8,-54.8,Kedarnath (Garhwal),30.7346,79.0669,3583,34.69,256.09
2025-06-28T08:00,13.2,84,20.9,0.69,1228.7,-127.1,Kedarnath (Garhwal),30.7346,79.0669,3583,34.85,250.13
2025-06-28T09:00,14.7,81,7.8,0.0,800.7,-110.4,Kedarnath (Garhwal),30.7346,79.0669,3583,34.63,262.87
2025-06-28T10:00,13.9,83,12.6,0.0,1233.7,-39.2,Kedarnath (Garhwal),30.7346,79.0669,3583,34.76,278.33
2025-06-28T11:00,18.3,82,24.7,0.0,1174.3,-152.4,Kedarnath (Garhwal),30.7346,79.0669,3583,35.25,255.95
2025-06-28T12:00,15.3,74,25.1,0.0,1090.4,-114.9,Kedarnath (Garhwal),30.7346,79.0669,3583,33.6,253.83
2025-06-28T13:00,15.6,71,73.0,26.63,2548.3,-13.1,Kedarnath (Garhwal),30.7346,79.0669,3583,47.11,231.41
2025-06-28T14:00,18.8,68,23.2,1.62,893.4,-63.1,Kedarnath (Garhwal),30.7346,79.0669,3583,33.17,261.7
2025-06-28T15:00,18.4,77,26.2,0.0,682.7,-85.6,Kedarnath (Garhwal),30.7346,79.0669,3583,34.49,269.7
2025-06-28T16:00,18.1,71,12.5,0.0,367.1,-105.7,Kedarnath (Garhwal),30.7346,79.0669,3583,33.52,255.72
2025-06-28T17:00,17.8,67,19.5,0.09,1235.0,-52.6,Kedarnath (Garhwal),30.7346,79.0669,3583,32.95,269.33
2025-06-28T18:00,16.5,79,10.1,0.0,899.2,-159.4,Kedarnath (Garhwal),30.7346,79.0669,3583,34.46,276.9
2025-06-28T19:00,14.7,88,15.6,0.0,833.1,-44.0,Kedarnath (Garhwal),30.7346,79.0669,3583,35.65,250.86
2025-06-28T20:00,15.0,80,70.0,21.55,3772.4,-18.7,Kedarnath (Garhwal),30.7346,79.0669,3583,45.17,228.26
2025-06-28T21:00,13.2,85,19.9,0.0,1142.1,-47.4,Kedarnath (Garhwal),30.7346,79.0669,3583,34.99,273.71
2025-06-28T22:00,14.3,84,12.4,0.0,508.0,-125.3,Kedarnath (Garhwal),30.7346,79.0669,3583,34.96,262.95
2025-06-28T23:00,12.1,85,6.3,0.0,722.3,-148.9,Kedarnath (Garhwal),30.7346,79.0669,3583,34.8,257.08
2025-06-29T00:00,10.5,91,24.4,0.11,463.6,-20.0,Kedarnath (Garhwal),30.7346,79.0669,3583,35.39,277.03
2025-06-29T01:00,10.6,87,14.9,0.0,281.1,-121.4,Kedarnath (Garhwal),30.7346,79.0669,3583,34.86,277.51
2025-06-29T02:00,11.1,90,21.5,0.0,618.6,-72.5,Kedarnath (Garhwal),30.7346,79.0669,3583,35.35,266.75
2025-06-29T03:00,9.8,90,51.0,22.4,2572.2,-36.3,Kedarnath (Garhwal),30.7346,79.0669,3583,48.39,227.49
2025-06-29T04:00,9.6,86,22.8,0.0,1023.8,-134.1,Kedarnath (Garhwal),30.7346,79.0669,3583,34.61,275.71
2025-06-29T05:00,11.3,92,57.2,24.38,3782.1,-26.9,Kedarnath (Garhwal),30.7346,79.0669,3583,59.79,230.09
2025-06-29T06:00,11.8,86,12.9,0.0,1229.0,-33.6,Kedarnath (Garhwal),30.7346,79.0669,3583,34.93,269.72
2025-06-29T07:00,11.6,82,24.0,0.0,481.7,-134.6,Kedarnath (Garhwal),30.7346,79.0669,3583,34.36,256.81
2025-06-29T08:00,12.5,86,9.3,0.0,489.4,-52.7,Kedarnath (Garhwal),30.7346,79.0669,3583,34.99,247.39
2025-06-29T09:00,14.3,78,25.8,0.0,700.9,-72.8,Kedarnath (Garhwal),30.7346,79.0669,3583,34.13,275.66
2025-06-29T10:00,13.2,80,11.8,0.0,328.2,-153.5,Kedarnath (Garhwal),30.7346,79.0669,3583,34.26,247.11
2025-06-29T11:00,14.1,78,19.6,0.0,397.1,-129.6,Kedarnath (Garhwal),30.7346,79.0669,3583,34.11,249.29
2025-06-29T12:00,15.6,81,17.5,0.0,1291.3,-46.6,Kedarnath (Garhwal),30.7346,79.0669,3583,34.75,273.74
2025-06-29T13:00,16.8,78,24.6,0.0,496.4,-140.4,Kedarnath (Garhwal),30.7346,79.0669,3583,34.38,250.91
2025-06-29T14:00,17.8,75,23.9,0.13,1123.3,-150.9,Kedarnath (Garhwal),30.7346,79.0669,3583,34.12,276.82
2025-06-29T15:00,19.3,78,17.5,0.0,546.8,-72.8,Kedarnath (Garhwal),30.7346,79.0669,3583,34.79,258.77
2025-06-29T16:00,18.4,81,23.3,0.62,401.1,-63.4,Kedarnath (Garhwal),30.7346,79.0669,3583,35.04,262.62
2025-06-29T17:00,16.8,78,14.5,0.0,856.5,-32.2,Kedarnath (Garhwal),30.7346,79.0669,3583,34.44,258.21
2025-06-29T18:00,16.5,77,6.0,0.0,1346.8,-153.5,Kedarnath (Garhwal),30.7346,79.0669,3583,34.23,257.33
2025-06-29T19:00,14.5,73,7.5,0.29,1337.3,-39.8,Kedarnath (Garhwal),30.7346,79.0669,3583,33.41,271.72
2025-06-29T20:00,14.9,76,8.4,1.5,611.1,-107.9,Kedarnath (Garhwal),30.7346,79.0669,3583,33.85,251.72
2025-06-29T21:00,13.7,81,12.7,0.0,950.5,-133.2,Kedarnath (Garhwal),30.7346,79.0669,3583,34.39,247.42
2025-06-29T22:00,13.5,81,23.7,0.0,627.1,-40.8,Kedarnath (Garhwal),30.7346,79.0669,3583,34.46,265.88
2025-06-29T23:00,11.3,85,19.8,0.0,436.0,-53.2,Kedarnath (Garhwal),30.7346,79.0669,3583,34.64,255.5
2025-06-30T00:00,12.1,87,15.8,0.12,635.0,-135.4,Kedarnath (Garhwal),30.7346,79.0669,3583,35.11,252.14
2025-06-30T01:00,12.8,90,64.9,54.01,2079.1,-15.3,Kedarnath (Garhwal),30.7346,79.0669,3583,51.3,220.36
2025-06-30T02:00,10.5,88,86.4,15.15,2120.9,-20.2,Kedarnath (Garhwal),30.7346,79.0669,3583,44.77,199.8
2025-06-30T03:00,11.0,91,8.7,0.14,347.9,-63.1,Kedarnath (Garhwal),30.7346,79.0669,3583,35.49,277.41
2025-06-30T04:00,11.4,89,17.3,0.0,856.0,-143.8,Kedarnath (Garhwal),30.7346,79.0669,3583,35.28,264.39
2025-06-30T05:00,10.5,80,52.6,48.33,2081.8,-27.3,Kedarnath (Garhwal),30.7346,79.0669,3583,52.07,210.07
2025-06-30T06:00,11.8,83,10.0,0.05,265.4,-64.0,Kedarnath (Garhwal),30.7346,79.0669,3583,34.49,262.47
2025-06-30T07:00,12.3,85,24.1,0.0,1029.7,-56.6,Kedarnath (Garhwal),30.7346,79.0669,3583,34.8,266.85
2025-06-30T08:00,13.2,79,12.2,0.95,864.3,-61.9,Kedarnath (Garhwal),30.7346,79.0669,3583,34.07,260.08
2025-06-30T09:00,13.1,84,12.8,0.0,1382.9,-130.8,Kedarnath (Garhwal),30.7346,79.0669,3583,34.84,266.05
2025-06-30T10:00,14.9,86,73.0,97.43,3511.1,-0.8,Kedarnath (Garhwal),30.7346,79.0669,3583,64.24,206.45
2025-06-30T11:00,16.3,83,69.4,15.67,2992.6,-22.7,Kedarnath (Garhwal),30.7346,79.0669,3583,41.81,209.93
2025-06-30T12:00,18.2,76,19.1,0.21,327.4,-94.4,Kedarnath (Garhwal),30.7346,79.0669,3583,34.34,258.85
2025-06-30T13:00,18.2,82,20.3,0.0,842.8,-106.6,Kedarnath (Garhwal),30.7346,79.0669,3583,35.17,268.82
2025-06-30T14:00,20.0,76,68.4,15.52,3763.7,-18.5,Kedarnath (Garhwal),30.7346,79.0669,3583,54.61,231.78
2025-06-30T15:00,16.6,74,27.4,0.0,920.3,-122.4,Kedarnath (Garhwal),30.7346,79.0669,3583,33.74,271.94
2025-06-30T16:00,18.4,73,70.7,19.49,2995.6,-16.2,Kedarnath (Garhwal),30.7346,79.0669,3583,45.73,231.84
2025-06-30T17:00,17.3,75,69.2,92.63,3851.1,-3.1,Kedarnath (Garhwal),30.7346,79.0669,3583,74.58,196.43
2025-06-30T18:00,19.1,75,42.4,26.66,2789.2,-18.4,Kedarnath (Garhwal),30.7346,79.0669,3583,61.44,213.54
2025-06-30T19:00,14.8,79,73.8,16.44,3685.8,-35.9,Kedarnath (Garhwal),30.7346,79.0669,3583,48.9,220.3
2025-06-30T20:00,13.9,81,76.3,84.51,2895.1,-10.9,Kedarnath (Garhwal),30.7346,79.0669,3583,57.79,200.15
2025-06-30T21:00,13.3,82,27.3,1.54,399.5,-73.2,Kedarnath (Garhwal),30.7346,79.0669,3583,34.52,266.6
2025-06-30T22:00,10.5,86,19.3,0.0,910.1,-46.9,Kedarnath (Garhwal),30.7346,79.0669,3583,34.66,268.33
2025-06-30T23:00,11.6,90,9.5,0.12,834.4,-66.8,Kedarnath (Garhwal),30.7346,79.0669,3583,35.48,263.18
2025-07-01T00:00,10.6,91,37.4,60.74,2998.4,-23.7,Kedarnath (Garhwal),30.7346,79.0669,3583,64.49,212.46
2025-07-01T01:00,11.1,82,24.8,0.0,545.5,-121.5,Kedarnath (Garhwal),30.7346,79.0669,3583,34.25,274.27
2025-07-01T02:00,11.0,79,6.5,0.0,249.1,-27.0,Kedarnath (Garhwal),30.7346,79.0669,3583,33.71,266.82
2025-07-01T03:00,12.8,93,15.5,0.0,604.7,-45.1,Kedarnath (Garhwal),30.7346,79.0669,3583,35.99,254.85
2025-07-01T04:00,11.8,83,7.6,0.0,1100.2,-84.0,Kedarnath (Garhwal),30.7346,79.0669,3583,34.5,274.6
2025-07-01T05:00,10.3,87,23.2,0.0,653.6,-157.4,Kedarnath (Garhwal),30.7346,79.0669,3583,34.85,261.32
2025-07-01T06:00,10.4,82,26.7,0.0,659.5,-120.7,Kedarnath (Garhwal),30.7346,79.0669,3583,34.17,264.16
2025-07-01T07:00,12.8,78,46.0,29.26,2428.7,-19.4,Kedarnath (Garhwal),30.7346,79.0669,3583,60.28,215.98
2025-07-01T08:00,11.5,86,70.7,36.2,3302.8,-34.8,Kedarnath (Garhwal),30.7346,79.0669,3583,48.27,203.69
2025-07-01T09:00,16.2,85,8.9,0.0,548.1,-48.2,Kedarnath (Garhwal),30.7346,79.0669,3583,35.36,254.28
2025-07-01T10:00,16.3,78,8.8,0.0,336.0,-44.1,Kedarnath (Garhwal),30.7346,79.0669,3583,34.33,264.16
2025-07-01T11:00,15.2,68,88.5,24.42,2838.8,-33.0,Kedarnath (Garhwal),30.7346,79.0669,3583,41.59,198.32
2025-07-01T12:00,14.4,75,18.2,0.0,295.7,-115.6,Kedarnath (Garhwal),30.7346,79.0669,3583,33.63,277.64
2025-07-01T13:00,18.7,78,60.9,22.91,2240.9,-33.8,Kedarnath (Garhwal),30.7346,79.0669,3583,43.07,212.38
2025-07-01T14:00,17.2,69,11.9,0.0,771.6,-113.8,Kedarnath (Garhwal),30.7346,79.0669,3583,33.18,259.08
2025-07-01T15:00,19.0,76,68.0,77.8,3653.5,-3.4,Kedarnath (Garhwal),30.7346,79.0669,3583,69.18,195.69
2025-07-01T16:00,15.5,75,94.4,103.7,4325.1,-3.1,Kedarnath (Garhwal),30.7346,79.0669,3583,76.9,200.81
2025-07-01T17:00,16.3,78,11.9,0.0,581.5,-21.2,Kedarnath (Garhwal),30.7346,79.0669,3583,34.38,258.37
2025-07-01T18:00,16.5,78,82.8,27.56,3527.3,-14.7,Kedarnath (Garhwal),30.7346,79.0669,3583,58.97,230.03
2025-07-01T19:00,15.8,75,84.9,12.75,3205.6,-17.5,Kedarnath (Garhwal),30.7346,79.0669,3583,54.04,233.47
2025-07-01T20:00,14.4,85,57.5,53.71,2342.1,-12.1,Kedarnath (Garhwal),30.7346,79.0669,3583,55.48,227.69
2025-07-01T21:00,14.7,81,25.0,0.0,652.6,-132.3,Kedarnath (Garhwal),30.7346,79.0669,3583,34.63,260.21
2025-07-01T22:00,11.8,84,14.1,0.0,462.5,-65.7,Kedarnath (Garhwal),30.7346,79.0669,3583,34.57,271.47
2025-07-01T23:00,12.1,82,11.9,0.0,1090.8,-52.0,Kedarnath (Garhwal),30.7346,79.0669,3583,34.32,247.05
2025-07-02T00:00,11.7,85,18.4,0.1,625.8,-76.0,Kedarnath (Garhwal),30.7346,79.0669,3583,34.76,247.01
2025-07-02T01:00,11.6,85,14.4,0.0,997.7,-78.7,Kedarnath (Garhwal),30.7346,79.0669,3583,34.65,269.54
2025-07-02T02:00,11.5,88,79.7,22.74,3012.7,-36.3,Kedarnath (Garhwal),30.7346,79.0669,3583,48.97,225.29
2025-07-02T03:00,9.2,96,26.6,0.0,843.4,-120.4,Kedarnath (Garhwal),30.7346,79.0669,3583,35.94,260.52
2025-07-02T04:00,8.8,83,27.9,0.0,1108.3,-116.5,Kedarnath (Garhwal),30.7346,79.0669,3583,34.09,275.23
2025-07-02T05:00,12.5,82,10.1,0.0,236.5,-121.8,Kedarnath (Garhwal),30.7346,79.0669,3583,34.36,275.59
2025-07-02T06:00,11.9,93,16.6,0.63,1187.2,-63.6,Kedarnath (Garhwal),30.7346,79.0669,3583,35.89,259.06
2025-07-02T07:00,11.4,85,27.4,0.0,410.8,-91.8,Kedarnath (Garhwal),30.7346,79.0669,3583,34.64,270.04
2025-07-02T08:00,15.0,81,49.9,22.36,3512.9,-10.2,Kedarnath (Garhwal),30.7346,79.0669,3583,51.31,221.58
2025-07-02T09:00,14.1,86,7.9,0.61,622.3,-118.8,Kedarnath (Garhwal),30.7346,79.0669,3583,35.24,263.25
2025-07-02T10:00,16.3,78,9.3,0.0,295.1,-26.6,Kedarnath (Garhwal),30.7346,79.0669,3583,34.31,245.68
2025-07-02T11:00,15.8,86,7.6,0.0,748.5,-60.6,Kedarnath (Garhwal),30.7346,79.0669,3583,35.42,264.67
2025-07-02T12:00,18.9,80,16.7,0.92,1150.4,-158.1,Kedarnath (Garhwal),30.7346,79.0669,3583,34.96,253.78
2025-07-02T13:00,19.1,74,6.2,0.0,1334.4,-28.0,Kedarnath (Garhwal),30.7346,79.0669,3583,34.13,277.58
2025-07-02T14:00,17.1,84,26.9,0.74,515.3,-86.1,Kedarnath (Garhwal),30.7346,79.0669,3583,35.31,256.35
2025-07-02T15:00,18.7,73,21.8,0.0,1184.7,-74.9,Kedarnath (Garhwal),30.7346,79.0669,3583,33.86,260.66
2025-07-02T16:00,18.2,78,60.4,25.13,2339.1,-20.6,Kedarnath (Garhwal),30.7346,79.0669,3583,59.46,233.89
2025-07-02T17:00,18.7,77,7.1,0.0,207.4,-133.5,Kedarnath (Garhwal),30.7346,79.0669,3583,34.54,278.19
2025-07-02T18:00,15.3,82,15.3,0.0,845.0,-22.0,Kedarnath (Garhwal),30.7346,79.0669,3583,34.83,254.02
2025-07-02T19:00,16.6,85,17.3,0.0,1394.5,-60.3,Kedarnath (Garhwal),30.7346,79.0669,3583,35.37,263.84
2025-07-02T20:00,16.2,80,18.9,0.0,1372.9,-139.5,Kedarnath (Garhwal),30.7346,79.0669,3583,34.67,262.44
2025-07-02T21:00,11.9,79,19.1,0.0,1034.0,-92.1,Kedarnath (Garhwal),30.7346,79.0669,3583,33.89,279.66
2025-07-02T22:00,11.7,86,14.9,0.4,404.6,-73.8,Kedarnath (Garhwal),30.7346,79.0669,3583,34.83,257.14
2025-07-02T23:00,9.8,83,10.5,0.0,891.8,-67.9,Kedarnath (Garhwal),30.7346,79.0669,3583,34.16,273.35
2025-07-03T00:00,11.2,95,16.8,0.0,513.0,-21.3,Kedarnath (Garhwal),30.7346,79.0669,3583,36.1,267.69
2025-07-03T01:00,11.8,89,18.1,0.52,885.4,-140.9,Kedarnath (Garhwal),30.7346,79.0669,3583,35.28,249.88
2025-07-03T02:00,12.4,87,14.1,0.17,646.5,-32.9,Kedarnath (Garhwal),30.7346,79.0669,3583,35.17,261.03
2025-07-03T03:00,10.6,90,25.6,0.35,1349.8,-54.7,Kedarnath (Garhwal),30.7346,79.0669,3583,35.27,257.18
2025-07-03T04:00,12.6,83,21.9,0.0,831.3,-116.3,Kedarnath (Garhwal),30.7346,79.0669,3583,34.62,254.57
2025-07-03T05:00,9.3,84,16.3,0.0,663.5,-69.5,Kedarnath (Garhwal),30.7346,79.0669,3583,34.29,256.05
2025-07-03T06:00,9.5,92,15.2,0.0,571.4,-156.5,Kedarnath (Garhwal),30.7346,79.0669,3583,35.4,259.39
2025-07-03T07:00,12.2,83,19.0,0.0,489.9,-115.4,Kedarnath (Garhwal),30.7346,79.0669,3583,34.5,270.06
2025-07-03T08:00,13.6,80,9.9,0.02,276.9,-103.5,Kedarnath (Garhwal),30.7346,79.0669,3583,34.21,270.89
2025-07-03T09:00,14.0,84,26.9,0.0,752.4,-50.5,Kedarnath (Garhwal),30.7346,79.0669,3583,34.92,249.68
2025-07-03T10:00,12.4,85,7.9,0.0,617.4,-106.8,Kedarnath (Garhwal),30.7346,79.0669,3583,34.83,264.07
2025-07-03T11:00,15.6,81,10.0,0.0,456.3,-77.6,Kedarnath (Garhwal),30.7346,79.0669,3583,34.75,269.64
2025-07-03T12:00,14.9,81,10.6,0.0,1371.7,-153.7,Kedarnath (Garhwal),30.7346,79.0669,3583,34.6,273.0
2025-07-03T13:00,17.8,73,24.7,0.27,520.2,-90.8,Kedarnath (Garhwal),30.7346,79.0669,3583,33.8,272.22
2025-07-03T14:00,17.8,70,5.2,0.0,575.4,-28.5,Kedarnath (Garhwal),30.7346,79.0669,3583,33.29,269.55
2025-07-03T15:00,16.4,81,23.7,0.0,1032.1,-127.3,Kedarnath (Garhwal),30.7346,79.0669,3583,34.8,255.64
2025-07-03T16:00,16.8,74,10.2,0.0,1072.4,-117.0,Kedarnath (Garhwal),30.7346,79.0669,3583,33.81,279.56
2025-07-03T17:00,15.8,75,18.1,0.0,1298.1,-41.9,Kedarnath (Garhwal),30.7346,79.0669,3583,33.82,271.31
2025-07-03T18:00,16.4,82,18.1,0.0,600.5,-101.1,Kedarnath (Garhwal),30.7346,79.0669,3583,35.0,276.12
2025-07-03T19:00,16.9,81,12.1,0.0,261.4,-52.6,Kedarnath (Garhwal),30.7346,79.0669,3583,34.83,262.22
2025-07-03T20:00,13.7,82,8.1,1.21,587.4,-56.1,Kedarnath (Garhwal),30.7346,79.0669,3583,34.58,261.24
2025-07-03T21:00,14.6,91,22.7,0.0,327.5,-128.6,Kedarnath (Garhwal),30.7346,79.0669,3583,35.95,273.28
2025-07-03T22:00,12.5,81,15.5,0.0,1201.2,-100.8,Kedarnath (Garhwal),30.7346,79.0669,3583,34.3,267.62
2025-07-03T23:00,11.3,89,73.6,30.29,2896.0,-20.2,Kedarnath (Garhwal),30.7346,79.0669,3583,52.73,217.67
2025-07-04T00:00,11.4,87,17.1,0.0,325.2,-40.4,Kedarnath (Garhwal),30.7346,79.0669,3583,35.01,275.7
2025-07-04T01:00,9.7,89,19.4,0.0,979.5,-141.5,Kedarnath (Garhwal),30.7346,79.0669,3583,35.06,273.99
2025-07-04T02:00,10.0,95,11.0,0.0,259.2,-56.0,Kedarnath (Garhwal),30.7346,79.0669,3583,35.91,249.75
2025-07-04T03:00,9.1,91,7.6,0.19,932.5,-136.9,Kedarnath (Garhwal),30.7346,79.0669,3583,35.24,269.86
2025-07-04T04:00,13.0,91,11.4,0.01,609.2,-159.7,Kedarnath (Garhwal),30.7346,79.0669,3583,35.76,254.22
2025-07-04T05:00,11.0,92,27.4,0.0,1070.4,-137.1,Kedarnath (Garhwal),30.7346,79.0669,3583,35.7,279.11
2025-07-04T06:00,10.7,85,20.0,1.46,975.6,-110.6,Kedarnath (Garhwal),30.7346,79.0669,3583,34.67,249.49
2025-07-04T07:00,12.5,82,21.1,0.0,247.9,-70.7,Kedarnath (Garhwal),30.7346,79.0669,3583,34.43,273.92
2025-07-04T08:00,13.0,80,19.7,0.0,712.3,-85.7,Kedarnath (Garhwal),30.7346,79.0669,3583,34.13,277.5
2025-07-04T09:00,13.7,74,16.0,0.0,279.3,-156.2,Kedarnath (Garhwal),30.7346,79.0669,3583,33.43,257.6
2025-07-04T10:00,15.6,88,12.3,0.0,994.7,-120.1,Kedarnath (Garhwal),30.7346,79.0669,3583,35.77,254.39
2025-07-04T11:00,16.7,74,25.5,0.0,247.8,-103.7,Kedarnath (Garhwal),30.7346,79.0669,3583,33.81,275.44
2025-07-04T12:00,15.8,76,10.6,0.0,292.4,-113.9,Kedarnath (Garhwal),30.7346,79.0669,3583,34.01,273.74
2025-07-04T13:00,16.3,75,9.4,0.0,1252.5,-54.0,Kedarnath (Garhwal),30.7346,79.0669,3583,33.88,264.27
2025-07-04T14:00,17.1,76,24.4,0.0,1184.6,-126.4,Kedarnath (Garhwal),30.7346,79.0669,3583,34.22,246.71
2025-07-04T15:00,14.7,78,18.4,0.0,855.8,-32.8,Kedarnath (Garhwal),30.7346,79.0669,3583,34.17,271.48
2025-07-04T16:00,15.6,79,24.3,0.0,421.1,-28.0,Kedarnath (Garhwal),30.7346,79.0669,3583,34.34,265.57
2025-07-04T17:00,18.7,74,83.8,22.14,3797.3,-28.9,Kedarnath (Garhwal),30.7346,79.0669,3583,48.54,234.9
2025-07-04T18:00,18.4,76,25.5,0.0,1206.1,-120.2,Kedarnath (Garhwal),30.7346,79.0669,3583,34.4,269.04
2025-07-04T19:00,15.5,80,19.3,0.0,1032.6,-62.8,Kedarnath (Garhwal),30.7346,79.0669,3583,34.47,271.57
2025-07-04T20:00,15.6,79,12.4,0.04,612.0,-66.0,Kedarnath (Garhwal),30.7346,79.0669,3583,34.42,266.08
2025-07-04T21:00,14.4,88,26.9,0.0,1171.0,-114.2,Kedarnath (Garhwal),30.7346,79.0669,3583,35.6,262.4
2025-07-04T22:00,16.8,86,56.7,23.37,3127.7,-15.8,Kedarnath (Garhwal),30.7346,79.0669,3583,55.4,218.52
2025-07-04T23:00,13.6,88,16.5,0.1,454.1,-40.2,Kedarnath (Garhwal),30.7346,79.0669,3583,35.49,271.56
2025-07-05T00:00,11.4,90,18.7,0.22,479.5,-41.9,Kedarnath (Garhwal),30.7346,79.0669,3583,35.35,268.92
2025-07-05T01:00,9.8,93,11.8,0.0,686.6,-157.8,Kedarnath (Garhwal),30.7346,79.0669,3583,35.59,255.23
2025-07-05T02:00,8.7,89,25.6,0.0,502.8,-148.1,Kedarnath (Garhwal),30.7346,79.0669,3583,34.97,254.3
2025-07-05T03:00,10.7,84,15.4,0.68,1288.4,-43.6,Kedarnath (Garhwal),30.7346,79.0669,3583,34.43,278.89
2025-07-05T04:00,9.7,90,8.3,0.0,426.0,-62.5,Kedarnath (Garhwal),30.7346,79.0669,3583,35.23,248.26
2025-07-05T05:00,9.3,85,19.8,0.0,1154.7,-39.8,Kedarnath (Garhwal),30.7346,79.0669,3583,34.47,249.56
2025-07-05T06:00,10.7,85,13.1,0.0,400.2,-149.3,Kedarnath (Garhwal),30.7346,79.0669,3583,34.58,273.75
2025-07-05T07:00,11.0,88,11.1,0.0,1012.5,-115.6,Kedarnath (Garhwal),30.7346,79.0669,3583,35.04,267.01
2025-07-05T08:00,15.1,89,27.8,0.0,1269.2,-99.7,Kedarnath (Garhwal),30.7346,79.0669,3583,35.75,274.13
2025-07-05T09:00,15.1,82,20.8,0.0,1009.2,-157.2,Kedarnath (Garhwal),30.7346,79.0669,3583,34.77,279.5
2025-07-05T10:00,14.9,81,13.8,0.0,328.4,-129.3,Kedarnath (Garhwal),30.7346,79.0669,3583,34.66,276.86
2025-07-05T11:00,17.5,85,26.5,0.12,725.3,-63.5,Kedarnath (Garhwal),30.7346,79.0669,3583,35.58,271.67
2025-07-05T12:00,16.6,78,11.2,0.6,1084.9,-55.4,Kedarnath (Garhwal),30.7346,79.0669,3583,34.38,247.35
2025-07-05T13:00,16.0,86,13.6,0.0,508.6,-120.7,Kedarnath (Garhwal),30.7346,79.0669,3583,35.52,245.98
2025-07-05T14:00,19.2,78,14.3,0.0,1187.6,-52.9,Kedarnath (Garhwal),30.7346,79.0669,3583,34.67,267.83
2025-07-05T15:00,18.1,68,50.8,21.52,3660.2,-16.2,Kedarnath (Garhwal),30.7346,79.0669,3583,44.11,231.11
2025-07-05T16:00,16.1,78,19.5,0.25,484.2,-31.8,Kedarnath (Garhwal),30.7346,79.0669,3583,34.36,271.95
2025-07-05T17:00,16.8,77,51.3,19.87,2360.2,-19.5,Kedarnath (Garhwal),30.7346,79.0669,3583,57.06,222.57
2025-07-05T18:00,15.4,82,27.7,0.2,955.6,-78.3,Kedarnath (Garhwal),30.7346,79.0669,3583,34.84,250.83
2025-07-05T19:00,14.1,81,64.5,28.3,3129.2,-42.5,Kedarnath (Garhwal),30.7346,79.0669,3583,51.95,231.86
2025-07-05T20:00,16.0,80,6.6,0.0,408.8,-70.6,Kedarnath (Garhwal),30.7346,79.0669,3583,34.55,267.31
2025-07-05T21:00,16.3,77,14.9,0.54,1395.5,-86.4,Kedarnath (Garhwal),30.7346,79.0669,3583,34.21,273.56
2025-07-05T22:00,11.4,83,14.6,0.0,693.1,-104.6,Kedarnath (Garhwal),30.7346,79.0669,3583,34.41,267.05
2025-07-05T23:00,12.9,82,9.9,0.23,220.0,-142.3,Kedarnath (Garhwal),30.7346,79.0669,3583,34.48,253.28
2025-07-06T00:00,10.7,85,24.9,0.0,395.0,-154.4,Kedarnath (Garhwal),30.7346,79.0669,3583,34.55,274.81
2025-07-06T01:00,10.4,90,18.5,0.0,372.7,-21.2,Kedarnath (Garhwal),30.7346,79.0669,3583,35.33,245.7
2025-07-06T02:00,9.9,95,15.2,0.16,209.0,-79.2,Kedarnath (Garhwal),30.7346,79.0669,3583,35.98,270.13
2025-07-06T03:00,9.5,91,19.4,0.32,906.1,-49.5,Kedarnath (Garhwal),30.7346,79.0669,3583,35.23,253.29
2025-07-06T04:00,10.7,84,16.2,0.0,1240.4,-113.7,Kedarnath (Garhwal),30.7346,79.0669,3583,34.45,260.68
2025-07-06T05:00,10.0,90,16.2,0.0,630.5,-159.4,Kedarnath (Garhwal),30.7346,79.0669,3583,35.2,261.81
2025-07-06T06:00,11.8,92,18.5,0.0,1161.0,-83.2,Kedarnath (Garhwal),30.7346,79.0669,3583,35.73,270.15
2025-07-06T07:00,12.2,83,12.7,0.46,756.7,-54.4,Kedarnath (Garhwal),30.7346,79.0669,3583,34.52,277.02
2025-07-06T08:00,12.8,83,7.3,0.0,851.5,-38.1,Kedarnath (Garhwal),30.7346,79.0669,3583,34.64,258.15
2025-07-06T09:00,12.9,82,14.3,0.74,1133.6,-50.9,Kedarnath (Garhwal),30.7346,79.0669,3583,34.48,250.76
2025-07-06T10:00,14.2,77,20.3,0.0,820.7,-31.8,Kedarnath (Garhwal),30.7346,79.0669,3583,33.92,279.46
2025-07-06T11:00,16.7,81,19.9,0.0,331.4,-155.2,Kedarnath (Garhwal),30.7346,79.0669,3583,34.85,251.12
2025-07-06T12:00,17.1,77,25.5,0.0,1132.2,-114.3,Kedarnath (Garhwal),30.7346,79.0669,3583,34.24,266.51
2025-07-06T13:00,15.9,78,21.9,0.0,497.9,-158.3,Kedarnath (Garhwal),30.7346,79.0669,3583,34.23,258.63
2025-07-06T14:00,17.5,72,10.4,0.0,486.8,-59.4,Kedarnath (Garhwal),30.7346,79.0669,3583,33.57,259.39
2025-07-06T15:00,18.4,73,5.2,0.0,1358.7,-67.8,Kedarnath (Garhwal),30.7346,79.0669,3583,33.92,256.85
2025-07-06T16:00,15.4,78,19.2,0.0,375.9,-42.4,Kedarnath (Garhwal),30.7346,79.0669,3583,34.24,272.65
2025-07-06T17:00,17.7,74,23.7,0.0,570.7,-71.6,Kedarnath (Garhwal),30.7346,79.0669,3583,34.01,271.94
2025-07-06T18:00,15.7,84,25.6,0.05,687.8,-128.1,Kedarnath (Garhwal),30.7346,79.0669,3583,35.13,261.94
2025-07-06T19:00,16.4,77,23.5,0.2,1190.6,-130.8,Kedarnath (Garhwal),30.7346,79.0669,3583,34.2,252.03
2025-07-06T20:00,14.0,81,18.2,0.0,259.8,-41.0,Kedarnath (Garhwal),30.7346,79.0669,3583,34.48,263.82
2025-07-06T21:00,11.8,86,49.8,25.79,3004.2,-19.0,Kedarnath (Garhwal),30.7346,79.0669,3583,55.22,215.29
2025-07-06T22:00,11.1,78,23.8,0.0,1344.0,-146.4,Kedarnath (Garhwal),30.7346,79.0669,3583,33.66,269.98
2025-07-06T23:00,12.3,78,23.8,0.0,1118.7,-49.4,Kedarnath (Garhwal),30.7346,79.0669,3583,33.87,256.32
2025-07-07T00:00,11.8,81,19.8,0.53,455.6,-105.1,Kedarnath (Garhwal),30.7346,79.0669,3583,34.15,247.93
2025-07-07T01:00,9.9,93,84.7,28.02,2933.5,-47.7,Kedarnath (Garhwal),30.7346,79.0669,3583,43.3,212.7
2025-07-07T02:00,11.4,87,5.0,1.5,1178.0,-56.5,Kedarnath (Garhwal),30.7346,79.0669,3583,34.92,255.39
2025-07-07T03:00,8.5,99,5.4,0.0,294.9,-82.7,Kedarnath (Garhwal),30.7346,79.0669,3583,36.29,248.57
2025-07-07T04:00,10.5,87,11.3,0.0,1283.4,-117.5,Kedarnath (Garhwal),30.7346,79.0669,3583,34.8,248.38
2025-07-07T05:00,9.5,89,6.0,0.0,1162.7,-73.9,Kedarnath (Garhwal),30.7346,79.0669,3583,34.98,259.63
2025-07-07T06:00,10.7,93,18.4,0.0,340.4,-83.5,Kedarnath (Garhwal),30.7346,79.0669,3583,35.77,274.86
2025-07-07T07:00,12.3,94,66.2,22.85,3720.4,-28.7,Kedarnath (Garhwal),30.7346,79.0669,3583,50.31,231.96
2025-07-07T08:00,12.1,92,12.7,0.0,1216.1,-136.5,Kedarnath (Garhwal),30.7346,79.0669,3583,35.8,259.12
2025-07-07T09:00,13.5,87,12.7,0.0,486.0,-131.2,Kedarnath (Garhwal),30.7346,79.0669,3583,35.26,262.03
2025-07-07T10:00,16.1,84,73.5,32.18,3445.5,-16.0,Kedarnath (Garhwal),30.7346,79.0669,3583,51.16,219.21
2025-07-07T11:00,15.1,81,59.7,26.44,2671.0,-48.8,Kedarnath (Garhwal),30.7346,79.0669,3583,46.04,203.16
2025-07-07T12:00,17.5,80,14.6,0.25,447.2,-119.3,Kedarnath (Garhwal),30.7346,79.0669,3583,34.82,245.74
2025-07-07T13:00,15.7,74,57.3,35.52,2875.1,-31.2,Kedarnath (Garhwal),30.7346,79.0669,3583,53.09,211.67
2025-07-07T14:00,18.0,72,55.3,33.71,2402.6,-16.2,Kedarnath (Garhwal),30.7346,79.0669,3583,51.89,216.64
2025-07-07T15:00,19.2,75,11.2,0.65,651.5,-149.3,Kedarnath (Garhwal),30.7346,79.0669,3583,34.29,264.07
2025-07-07T16:00,14.4,75,7.6,0.0,518.1,-114.1,Kedarnath (Garhwal),30.7346,79.0669,3583,33.58,246.82
2025-07-07T17:00,16.1,74,11.9,0.0,1162.7,-130.1,Kedarnath (Garhwal),30.7346,79.0669,3583,33.74,262.84
2025-07-07T18:00,17.2,80,57.3,52.98,3032.2,-9.9,Kedarnath (Garhwal),30.7346,79.0669,3583,55.64,221.17
2025-07-07T19:00,15.5,82,90.0,99.82,4243.3,-7.0,Kedarnath (Garhwal),30.7346,79.0669,3583,63.32,196.84
2025-07-07T20:00,15.4,81,81.9,57.14,2849.4,-6.1,Kedarnath (Garhwal),30.7346,79.0669,3583,77.85,197.97
2025-07-07T21:00,13.3,88,22.1,0.66,806.4,-115.2,Kedarnath (Garhwal),30.7346,79.0669,3583,35.37,252.1
2025-07-07T22:00,13.2,79,25.4,0.0,1307.8,-22.2,Kedarnath (Garhwal),30.7346,79.0669,3583,34.11,270.55
2025-07-07T23:00,12.1,85,12.0,0.0,445.7,-99.3,Kedarnath (Garhwal),30.7346,79.0669,3583,34.75,267.73
2025-07-08T00:00,12.9,84,57.9,22.97,2767.9,-33.4,Kedarnath (Garhwal),30.7346,79.0669,3583,48.99,201.42
2025-07-08T01:00,11.3,81,5.5,0.93,452.1,-36.3,Kedarnath (Garhwal),30.7346,79.0669,3583,34.04,278.95
2025-07-08T02:00,11.0,88,50.1,30.97,2138.8,-18.5,Kedarnath (Garhwal),30.7346,79.0669,3583,43.18,218.0
2025-07-08T03:00,10.0,89,67.2,51.01,2093.0,-6.8,Kedarnath (Garhwal),30.7346,79.0669,3583,62.66,217.25
2025-07-08T04:00,10.0,95,66.1,52.7,2477.2,-12.9,Kedarnath (Garhwal),30.7346,79.0669,3583,64.2,222.27
2025-07-08T05:00,10.4,91,53.6,30.36,3485.1,-15.4,Kedarnath (Garhwal),30.7346,79.0669,3583,49.86,222.47
2025-07-08T06:00,12.0,83,19.4,0.0,428.5,-71.3,Kedarnath (Garhwal),30.7346,79.0669,3583,34.47,248.7
2025-07-08T07:00,11.7,93,26.0,0.0,1136.8,-74.6,Kedarnath (Garhwal),30.7346,79.0669,3583,35.88,265.25
2025-07-08T08:00,13.4,89,58.3,33.62,2022.8,-13.9,Kedarnath (Garhwal),30.7346,79.0669,3583,57.55,217.03
2025-07-08T09:00,16.5,84,74.6,13.98,3411.1,-31.2,Kedarnath (Garhwal),30.7346,79.0669,3583,46.67,230.95
2025-07-08T10:00,16.0,79,14.2,0.0,408.8,-67.2,Kedarnath (Garhwal),30.7346,79.0669,3583,34.49,245.63
2025-07-08T11:00,15.4,75,7.8,0.1,996.2,-137.1,Kedarnath (Garhwal),30.7346,79.0669,3583,33.72,252.54
2025-07-08T12:00,17.9,76,7.2,0.0,1211.0,-90.1,Kedarnath (Garhwal),30.7346,79.0669,3583,34.2,279.35
2025-07-08T13:00,16.5,80,81.0,30.55,2996.6,-30.8,Kedarnath (Garhwal),30.7346,79.0669,3583,53.37,217.23
2025-07-08T14:00,14.9,83,67.8,18.54,3205.8,-32.8,Kedarnath (Garhwal),30.7346,79.0669,3583,41.0,205.68
2025-07-08T15:00,16.3,81,93.1,67.38,4539.9,-6.8,Kedarnath (Garhwal),30.7346,79.0669,3583,58.28,201.62
2025-07-08T16:00,15.1,73,21.7,0.0,1257.5,-69.0,Kedarnath (Garhwal),30.7346,79.0669,3583,33.49,247.91
2025-07-08T17:00,16.6,71,13.8,0.0,731.2,-87.9,Kedarnath (Garhwal),30.7346,79.0669,3583,33.42,272.23
2025-07-08T18:00,16.5,78,75.0,19.28,3161.7,-39.7,Kedarnath (Garhwal),30.7346,79.0669,3583,58.22,224.68
2025-07-08T19:00,17.8,71,66.9,24.55,3123.5,-32.7,Kedarnath (Garhwal),30.7346,79.0669,3583,44.47,227.36
2025-07-08T20:00,15.3,81,56.8,34.52,3269.9,-21.0,Kedarnath (Garhwal),30.7346,79.0669,3583,54.92,232.43
2025-07-08T21:00,13.7,81,7.9,0.0,520.7,-79.0,Kedarnath (Garhwal),30.7346,79.0669,3583,34.5,248.3
2025-07-08T22:00,14.1,82,20.5,0.0,1280.4,-113.1,Kedarnath (Garhwal),30.7346,79.0669,3583,34.62,248.68
2025-07-08T23:00,9.6,79,21.1,0.0,1190.3,-141.5,Kedarnath (Garhwal),30.7346,79.0669,3583,33.6,259.49
2025-07-09T00:00,11.8,89,22.8,0.0,410.4,-21.4,Kedarnath (Garhwal),30.7346,79.0669,3583,35.33,250.21
2025-07-09T01:00,11.9,86,9.8,1.42,1346.0,-148.7,Kedarnath (Garhwal),30.7346,79.0669,3583,34.9,255.89
2025-07-09T02:00,8.8,84,19.5,0.0,955.3,-56.0,Kedarnath (Garhwal),30.7346,79.0669,3583,34.21,273.03
2025-07-09T03:00,11.9,78,18.9,0.0,1299.1,-106.2,Kedarnath (Garhwal),30.7346,79.0669,3583,33.67,251.74
2025-07-09T04:00,11.0,89,6.2,0.0,1061.7,-101.4,Kedarnath (Garhwal),30.7346,79.0669,3583,35.17,278.17
2025-07-09T05:00,10.5,95,21.9,0.0,1028.2,-110.4,Kedarnath (Garhwal),30.7346,79.0669,3583,36.02,276.22
2025-07-09T06:00,12.3,94,19.9,0.6,519.3,-136.6,Kedarnath (Garhwal),30.7346,79.0669,3583,36.05,259.94
2025-07-09T07:00,15.0,84,15.2,0.35,731.5,-98.6,Kedarnath (Garhwal),30.7346,79.0669,3583,34.99,274.72
2025-07-09T08:00,13.3,81,20.2,0.0,1155.5,-101.6,Kedarnath (Garhwal),30.7346,79.0669,3583,34.44,278.61
2025-07-09T09:00,14.3,84,62.7,16.58,3705.1,-11.7,Kedarnath (Garhwal),30.7346,79.0669,3583,49.64,232.13
2025-07-09T10:00,14.4,76,16.6,0.38,662.7,-148.2,Kedarnath (Garhwal),30.7346,79.0669,3583,33.81,271.67
2025-07-09T11:00,14.7,80,26.8,0.19,514.7,-81.0,Kedarnath (Garhwal),30.7346,79.0669,3583,34.38,250.49
2025-07-09T12:00,17.5,80,16.8,0.5,1065.7,-151.8,Kedarnath (Garhwal),30.7346,79.0669,3583,34.82,275.86
2025-07-09T13:00,16.0,81,11.2,0.0,337.7,-37.7,Kedarnath (Garhwal),30.7346,79.0669,3583,34.72,263.53
2025-07-09T14:00,17.5,75,27.3,0.0,239.0,-103.3,Kedarnath (Garhwal),30.7346,79.0669,3583,34.03,263.87
2025-07-09T15:00,16.9,74,70.2,13.44,2279.3,-13.3,Kedarnath (Garhwal),30.7346,79.0669,3583,44.53,224.98
2025-07-09T16:00,18.0,72,20.9,1.78,476.5,-115.9,Kedarnath (Garhwal),30.7346,79.0669,3583,33.64,279.37
2025-07-09T17:00,17.4,73,11.0,0.78,1042.8,-139.3,Kedarnath (Garhwal),30.7346,79.0669,3583,33.7,257.48
2025-07-09T18:00,17.7,76,19.9,0.58,738.9,-131.5,Kedarnath (Garhwal),30.7346,79.0669,3583,34.26,264.15
2025-07-09T19:00,15.1,80,13.3,0.0,1099.5,-121.9,Kedarnath (Garhwal),30.7346,79.0669,3583,34.48,267.05
2025-07-09T20:00,14.6,84,24.2,0.0,334.9,-57.6,Kedarnath (Garhwal),30.7346,79.0669,3583,34.97,262.23
2025-07-09T21:00,12.8,79,13.9,0.0,279.0,-118.8,Kedarnath (Garhwal),30.7346,79.0669,3583,33.99,253.34
2025-07-09T22:00,12.6,90,27.1,0.0,693.6,-40.3,Kedarnath (Garhwal),30.7346,79.0669,3583,35.54,263.35
2025-07-09T23:00,12.7,84,11.6,0.0,1209.3,-25.0,Kedarnath (Garhwal),30.7346,79.0669,3583,34.79,268.04
2025-07-10T00:00,12.4,87,25.1,0.0,618.6,-149.2,Kedarnath (Garhwal),30.7346,79.0669,3583,35.11,252.23
2025-07-10T01:00,9.9,85,9.8,0.0,1225.6,-108.3,Kedarnath (Garhwal),30.7346,79.0669,3583,34.5,271.15
2025-07-10T02:00,11.7,79,20.6,0.79,952.8,-86.0,Kedarnath (Garhwal),30.7346,79.0669,3583,33.87,278.59
2025-07-10T03:00,12.1,93,10.3,0.0,296.0,-70.3,Kedarnath (Garhwal),30.7346,79.0669,3583,35.88,275.04
2025-07-10T04:00,11.1,92,16.5,0.0,464.5,-149.5,Kedarnath (Garhwal),30.7346,79.0669,3583,35.62,275.38
2025-07-10T05:00,13.2,87,12.7,0.0,948.1,-155.9,Kedarnath (Garhwal),30.7346,79.0669,3583,35.23,264.56
2025-07-10T06:00,10.6,87,22.1,0.23,1035.6,-114.1,Kedarnath (Garhwal),30.7346,79.0669,3583,34.91,253.42
2025-07-10T07:00,10.8,88,11.6,0.0,553.5,-56.2,Kedarnath (Garhwal),30.7346,79.0669,3583,34.98,245.91
2025-07-10T08:00,11.0,78,53.7,20.19,2584.2,-21.3,Kedarnath (Garhwal),30.7346,79.0669,3583,46.94,226.54
2025-07-10T09:00,15.8,80,17.9,0.0,872.1,-74.1,Kedarnath (Garhwal),30.7346,79.0669,3583,34.55,259.71
2025-07-10T10:00,15.7,83,26.2,0.0,1257.5,-30.9,Kedarnath (Garhwal),30.7346,79.0669,3583,35.05,269.74
2025-07-10T11:00,15.7,73,22.0,0.0,882.7,-143.4,Kedarnath (Garhwal),30.7346,79.0669,3583,33.59,277.97
2025-07-10T12:00,16.8,78,9.4,0.36,692.4,-85.9,Kedarnath (Garhwal),30.7346,79.0669,3583,34.45,246.72
2025-07-10T13:00,15.7,71,11.3,0.0,660.8,-139.6,Kedarnath (Garhwal),30.7346,79.0669,3583,33.15,271.21
2025-07-10T14:00,20.3,77,18.7,0.0,1304.9,-101.4,Kedarnath (Garhwal),30.7346,79.0669,3583,34.76,263.67
2025-07-10T15:00,17.7,75,17.3,0.22,827.9,-36.3,Kedarnath (Garhwal),30.7346,79.0669,3583,34.06,249.52
2025-07-10T16:00,17.5,69,7.3,0.13,1116.9,-54.7,Kedarnath (Garhwal),30.7346,79.0669,3583,33.13,246.27
2025-07-10T17:00,17.9,81,14.3,0.0,802.0,-121.6,Kedarnath (Garhwal),30.7346,79.0669,3583,34.94,248.96
2025-07-10T18:00,17.1,74,20.9,0.0,1182.0,-44.0,Kedarnath (Garhwal),30.7346,79.0669,3583,33.87,273.27
2025-07-10T19:00,16.0,75,17.1,0.0,694.4,-39.4,Kedarnath (Garhwal),30.7346,79.0669,3583,33.9,268.3
2025-07-10T20:00,14.0,81,15.3,0.95,1288.2,-102.2,Kedarnath (Garhwal),30.7346,79.0669,3583,34.46,247.99
2025-07-10T21:00,14.6,87,25.7,0.69,1273.7,-57.5,Kedarnath (Garhwal),30.7346,79.0669,3583,35.36,259.37
2025-07-10T22:00,15.4,80,9.1,0.0,306.5,-141.1,Kedarnath (Garhwal),30.7346,79.0669,3583,34.47,256.22
2025-07-10T23:00,13.9,86,11.8,0.0,501.4,-64.9,Kedarnath (Garhwal),30.7346,79.0669,3583,35.14,249.72
2025-07-11T00:00,13.4,89,22.4,0.0,616.1,-124.5,Kedarnath (Garhwal),30.7346,79.0669,3583,35.51,276.27
2025-07-11T01:00,10.4,91,23.6,0.0,382.4,-38.2,Kedarnath (Garhwal),30.7346,79.0669,3583,35.39,257.1
2025-07-11T02:00,9.4,89,10.8,0.0,358.1,-140.2,Kedarnath (Garhwal),30.7346,79.0669,3583,35.07,267.18
2025-07-11T03:00,10.3,88,12.1,0.0,986.5,-52.6,Kedarnath (Garhwal),30.7346,79.0669,3583,34.92,275.25
2025-07-11T04:00,10.7,85,63.4,18.52,3290.8,-17.3,Kedarnath (Garhwal),30.7346,79.0669,3583,56.78,231.06
2025-07-11T05:00,12.3,88,19.0,0.0,778.7,-120.7,Kedarnath (Garhwal),30.7346,79.0669,3583,35.31,257.56
2025-07-11T06:00,9.5,83,14.3,0.96,229.8,-20.5,Kedarnath (Garhwal),30.7346,79.0669,3583,34.1,252.95
2025-07-11T07:00,14.1,74,16.5,0.0,493.4,-51.8,Kedarnath (Garhwal),30.7346,79.0669,3583,33.43,256.87
2025-07-11T08:00,12.9,86,21.2,0.0,356.5,-21.8,Kedarnath (Garhwal),30.7346,79.0669,3583,34.98,250.39
2025-07-11T09:00,13.5,86,22.2,0.0,909.6,-144.2,Kedarnath (Garhwal),30.7346,79.0669,3583,35.07,276.11
2025-07-11T10:00,13.7,71,24.7,0.0,1143.9,-22.4,Kedarnath (Garhwal),30.7346,79.0669,3583,32.92,264.24
2025-07-11T11:00,13.8,74,48.1,17.48,2751.4,-15.6,Kedarnath (Garhwal),30.7346,79.0669,3583,53.01,233.88
2025-07-11T12:00,17.5,80,24.8,0.0,405.3,-35.9,Kedarnath (Garhwal),30.7346,79.0669,3583,34.73,264.96
2025-07-11T13:00,17.1,84,14.4,0.0,1015.0,-30.4,Kedarnath (Garhwal),30.7346,79.0669,3583,35.36,279.75
2025-07-11T14:00,15.8,75,15.3,0.51,565.2,-32.1,Kedarnath (Garhwal),30.7346,79.0669,3583,33.89,245.05
2025-07-11T15:00,15.9,72,8.8,0.0,544.2,-59.3,Kedarnath (Garhwal),30.7346,79.0669,3583,33.42,250.59
2025-07-11T16:00,17.0,75,25.3,0.0,1286.9,-156.5,Kedarnath (Garhwal),30.7346,79.0669,3583,33.92,253.13
2025-07-11T17:00,19.0,81,64.8,34.75,2463.6,-25.0,Kedarnath (Garhwal),30.7346,79.0669,3583,48.6,229.74
2025-07-11T18:00,16.2,74,76.8,33.65,3083.7,-31.0,Kedarnath (Garhwal),30.7346,79.0669,3583,48.39,223.0
2025-07-11T19:00,13.9,75,7.9,0.0,877.1,-77.4,Kedarnath (Garhwal),30.7346,79.0669,3583,33.63,256.65
2025-07-11T20:00,14.6,78,9.3,0.0,511.8,-55.7,Kedarnath (Garhwal),30.7346,79.0669,3583,34.15,279.94
2025-07-11T21:00,13.7,78,17.3,1.02,895.8,-107.9,Kedarnath (Garhwal),30.7346,79.0669,3583,34.02,257.78
2025-07-11T22:00,9.9,84,7.3,0.0,1189.1,-99.1,Kedarnath (Garhwal),30.7346,79.0669,3583,34.38,251.29
2025-07-11T23:00,12.2,92,17.3,0.55,1169.0,-91.2,Kedarnath (Garhwal),30.7346,79.0669,3583,35.81,246.91
2025-07-12T00:00,11.2,88,22.2,0.0,1160.2,-150.5,Kedarnath (Garhwal),30.7346,79.0669,3583,35.14,271.96
2025-07-12T01:00,11.8,87,11.7,0.29,821.1,-37.4,Kedarnath (Garhwal),30.7346,79.0669,3583,35.05,278.68
2025-07-12T02:00,12.8,88,7.4,0.0,1322.2,-70.9,Kedarnath (Garhwal),30.7346,79.0669,3583,35.27,258.66
2025-07-12T03:00,11.9,83,22.1,0.0,902.7,-102.8,Kedarnath (Garhwal),30.7346,79.0669,3583,34.43,270.17
2025-07-12T04:00,10.3,92,14.2,0.34,1204.9,-63.4,Kedarnath (Garhwal),30.7346,79.0669,3583,35.59,262.76
2025-07-12T05:00,9.6,88,16.7,2.9,1027.8,-104.3,Kedarnath (Garhwal),30.7346,79.0669,3583,34.85,248.75
2025-07-12T06:00,14.6,86,23.7,0.0,644.4,-51.7,Kedarnath (Garhwal),30.7346,79.0669,3583,35.32,275.55
2025-07-12T07:00,12.3,98,8.5,0.0,1058.2,-64.1,Kedarnath (Garhwal),30.7346,79.0669,3583,36.72,255.72
2025-07-12T08:00,13.1,85,11.6,0.0,1079.4,-67.1,Kedarnath (Garhwal),30.7346,79.0669,3583,34.93,256.5
2025-07-12T09:00,14.0,79,5.2,0.0,782.8,-118.6,Kedarnath (Garhwal),30.7346,79.0669,3583,34.17,246.04
2025-07-12T10:00,15.1,78,7.4,0.4,1225.3,-20.7,Kedarnath (Garhwal),30.7346,79.0669,3583,34.26,277.78
2025-07-12T11:00,15.6,83,22.4,0.0,812.8,-86.8,Kedarnath (Garhwal),30.7346,79.0669,3583,34.99,274.22
2025-07-12T12:00,15.8,78,16.1,0.0,338.5,-132.2,Kedarnath (Garhwal),30.7346,79.0669,3583,34.2,263.53
2025-07-12T13:00,16.4,70,13.2,0.0,954.6,-126.8,Kedarnath (Garhwal),30.7346,79.0669,3583,33.19,271.78
2025-07-12T14:00,17.3,79,6.3,0.63,652.6,-146.5,Kedarnath (Garhwal),30.7346,79.0669,3583,34.62,247.44
2025-07-12T15:00,16.8,72,7.3,1.21,1106.1,-114.1,Kedarnath (Garhwal),30.7346,79.0669,3583,33.58,263.59
2025-07-12T16:00,16.5,83,20.1,0.0,1220.6,-142.9,Kedarnath (Garhwal),30.7346,79.0669,3583,35.07,264.23
2025-07-12T17:00,17.2,80,16.8,0.0,1066.4,-140.7,Kedarnath (Garhwal),30.7346,79.0669,3583,34.79,267.89
2025-07-12T18:00,16.2,75,78.0,31.94,2707.6,-36.8,Kedarnath (Garhwal),30.7346,79.0669,3583,51.97,221.2
2025-07-12T19:00,17.6,84,8.1,0.0,256.4,-99.3,Kedarnath (Garhwal),30.7346,79.0669,3583,35.34,271.72
2025-07-12T20:00,11.7,80,15.3,0.0,224.1,-125.4,Kedarnath (Garhwal),30.7346,79.0669,3583,34.08,261.58
2025-07-12T21:00,15.3,85,21.2,0.45,631.8,-95.7,Kedarnath (Garhwal),30.7346,79.0669,3583,35.29,268.71
2025-07-12T22:00,14.6,86,7.9,0.27,1344.4,-109.9,Kedarnath (Garhwal),30.7346,79.0669,3583,35.24,255.44
2025-07-12T23:00,9.8,82,6.4,0.0,765.0,-47.9,Kedarnath (Garhwal),30.7346,79.0669,3583,34.05,266.06
2025-07-13T00:00,11.1,84,22.7,0.0,723.3,-124.8,Kedarnath (Garhwal),30.7346,79.0669,3583,34.57,273.98
2025-07-13T01:00,10.5,92,24.4,0.0,843.9,-150.9,Kedarnath (Garhwal),30.7346,79.0669,3583,35.61,274.22
2025-07-13T02:00,8.9,87,26.8,0.0,764.8,-42.0,Kedarnath (Garhwal),30.7346,79.0669,3583,34.71,246.09
2025-07-13T03:00,9.6,87,20.3,0.25,300.1,-150.0,Kedarnath (Garhwal),30.7346,79.0669,3583,34.79,265.29
2025-07-13T04:00,9.3,85,22.6,0.0,246.6,-46.1,Kedarnath (Garhwal),30.7346,79.0669,3583,34.4,274.09
2025-07-13T05:00,13.1,90,9.8,0.0,840.3,-20.0,Kedarnath (Garhwal),30.7346,79.0669,3583,35.61,253.44
2025-07-13T06:00,12.6,95,24.9,0.0,535.6,-46.8,Kedarnath (Garhwal),30.7346,79.0669,3583,36.33,262.65
2025-07-13T07:00,13.8,81,23.8,0.94,627.7,-124.7,Kedarnath (Garhwal),30.7346,79.0669,3583,34.47,264.27
2025-07-13T08:00,14.0,84,13.8,0.0,792.0,-25.6,Kedarnath (Garhwal),30.7346,79.0669,3583,34.89,279.45
2025-07-13T09:00,12.6,88,15.3,0.18,541.1,-102.0,Kedarnath (Garhwal),30.7346,79.0669,3583,35.25,265.54
2025-07-13T10:00,14.3,80,14.1,0.0,845.2,-112.9,Kedarnath (Garhwal),30.7346,79.0669,3583,34.34,272.44
2025-07-13T11:00,16.3,80,5.5,0.0,1319.2,-73.6,Kedarnath (Garhwal),30.7346,79.0669,3583,34.69,270.53
2025-07-13T12:00,15.0,73,16.1,0.0,1253.9,-93.8,Kedarnath (Garhwal),30.7346,79.0669,3583,33.4,277.55
2025-07-13T13:00,17.9,78,58.5,22.04,3089.5,-24.1,Kedarnath (Garhwal),30.7346,79.0669,3583,51.36,215.3
2025-07-13T14:00,17.1,74,10.6,0.44,740.1,-67.3,Kedarnath (Garhwal),30.7346,79.0669,3583,33.93,258.58
2025-07-13T15:00,17.1,79,71.6,24.8,2319.1,-27.6,Kedarnath (Garhwal),30.7346,79.0669,3583,46.92,226.48
2025-07-13T16:00,18.2,80,16.1,0.0,602.7,-127.1,Kedarnath (Garhwal),30.7346,79.0669,3583,34.9,260.15
2025-07-13T17:00,17.6,86,73.5,14.92,2695.8,-13.0,Kedarnath (Garhwal),30.7346,79.0669,3583,45.45,233.46
2025-07-13T18:00,16.0,79,10.4,0.01,911.0,-137.0,Kedarnath (Garhwal),30.7346,79.0669,3583,34.51,246.53
2025-07-13T19:00,17.1,80,6.5,0.0,1350.8,-105.9,Kedarnath (Garhwal),30.7346,79.0669,3583,34.72,254.16
2025-07-13T20:00,13.6,81,26.1,0.0,1257.8,-78.2,Kedarnath (Garhwal),30.7346,79.0669,3583,34.41,270.21
2025-07-13T21:00,14.7,81,6.5,0.0,820.5,-147.1,Kedarnath (Garhwal),30.7346,79.0669,3583,34.51,273.15
2025-07-13T22:00,13.8,85,25.2,0.0,1289.0,-37.1,Kedarnath (Garhwal),30.7346,79.0669,3583,35.05,263.69
2025-07-13T23:00,11.9,84,26.7,0.0,284.6,-58.9,Kedarnath (Garhwal),30.7346,79.0669,3583,34.66,256.36
2025-07-14T00:00,11.9,88,22.0,0.59,1005.6,-42.7,Kedarnath (Garhwal),30.7346,79.0669,3583,35.15,262.03
2025-07-14T01:00,9.5,93,22.8,0.0,351.5,-152.4,Kedarnath (Garhwal),30.7346,79.0669,3583,35.62,249.64
2025-07-14T02:00,11.7,85,15.2,0.0,1064.0,-125.5,Kedarnath (Garhwal),30.7346,79.0669,3583,34.7,252.67
2025-07-14T03:00,10.3,94,11.2,0.44,324.8,-154.7,Kedarnath (Garhwal),30.7346,79.0669,3583,35.77,276.16
2025-07-14T04:00,10.0,94,14.5,0.0,577.3,-101.3,Kedarnath (Garhwal),30.7346,79.0669,3583,35.8,270.55
2025-07-14T05:00,12.2,88,15.5,0.0,1053.3,-27.3,Kedarnath (Garhwal),30.7346,79.0669,3583,35.18,275.09
2025-07-14T06:00,10.7,78,83.6,27.01,2754.0,-38.3,Kedarnath (Garhwal),30.7346,79.0669,3583,49.7,217.02
2025-07-14T07:00,10.6,83,8.1,0.0,677.3,-65.5,Kedarnath (Garhwal),30.7346,79.0669,3583,34.3,279.35
2025-07-14T08:00,11.2,89,8.3,0.0,773.6,-86.0,Kedarnath (Garhwal),30.7346,79.0669,3583,35.25,251.15
2025-07-14T09:00,14.7,82,23.6,0.18,335.7,-126.0,Kedarnath (Garhwal),30.7346,79.0669,3583,34.7,271.51
2025-07-14T10:00,13.4,76,52.2,33.48,3715.7,-22.9,Kedarnath (Garhwal),30.7346,79.0669,3583,46.17,225.37
2025-07-14T11:00,17.9,76,80.3,13.64,3416.5,-24.7,Kedarnath (Garhwal),30.7346,79.0669,3583,59.1,233.05
2025-07-14T12:00,14.0,80,7.3,0.0,1138.0,-34.5,Kedarnath (Garhwal),30.7346,79.0669,3583,34.38,248.76
2025-07-14T13:00,19.1,78,84.4,17.75,2197.3,-25.6,Kedarnath (Garhwal),30.7346,79.0669,3583,54.32,217.44
2025-07-14T14:00,17.6,74,6.1,0.0,708.0,-21.3,Kedarnath (Garhwal),30.7346,79.0669,3583,33.97,260.48
2025-07-14T15:00,17.4,74,76.8,12.52,3313.4,-15.8,Kedarnath (Garhwal),30.7346,79.0669,3583,56.06,234.36
2025-07-14T16:00,16.7,74,82.5,36.33,2070.6,-38.4,Kedarnath (Garhwal),30.7346,79.0669,3583,53.8,201.26
2025-07-14T17:00,17.5,72,17.7,0.0,518.3,-146.6,Kedarnath (Garhwal),30.7346,79.0669,3583,33.65,256.22
2025-07-14T18:00,16.4,84,71.4,67.87,4465.0,-11.8,Kedarnath (Garhwal),30.7346,79.0669,3583,62.49,208.89
2025-07-14T19:00,17.1,77,15.2,0.08,295.6,-26.8,Kedarnath (Garhwal),30.7346,79.0669,3583,34.33,260.68
2025-07-14T20:00,15.0,85,85.5,114.48,2853.5,-1.1,Kedarnath (Garhwal),30.7346,79.0669,3583,70.18,202.34
2025-07-14T21:00,14.2,88,17.1,1.17,260.5,-34.6,Kedarnath (Garhwal),30.7346,79.0669,3583,35.52,275.84
2025-07-14T22:00,12.7,88,27.1,0.0,1339.8,-97.7,Kedarnath (Garhwal),30.7346,79.0669,3583,35.27,256.94
2025-07-14T23:00,12.2,84,39.5,42.21,2021.9,-17.2,Kedarnath (Garhwal),30.7346,79.0669,3583,56.55,221.51
2025-07-15T00:00,11.9,89,66.1,18.79,2108.0,-24.0,Kedarnath (Garhwal),30.7346,79.0669,3583,51.42,207.6
2025-07-15T01:00,8.9,88,20.4,0.56,1124.8,-57.0,Kedarnath (Garhwal),30.7346,79.0669,3583,34.78,245.19
2025-07-15T02:00,9.0,85,37.4,32.75,2144.4,-18.3,Kedarnath (Garhwal),30.7346,79.0669,3583,58.68,222.65
2025-07-15T03:00,11.4,90,50.1,13.86,2356.6,-30.2,Kedarnath (Garhwal),30.7346,79.0669,3583,52.86,218.77
2025-07-15T04:00,10.8,84,27.1,0.0,1140.3,-149.1,Kedarnath (Garhwal),30.7346,79.0669,3583,34.48,251.83
2025-07-15T05:00,10.7,93,7.9,0.0,1195.6,-69.0,Kedarnath (Garhwal),30.7346,79.0669,3583,35.73,259.87
2025-07-15T06:00,11.5,85,19.9,0.0,1010.6,-128.8,Kedarnath (Garhwal),30.7346,79.0669,3583,34.73,264.48
2025-07-15T07:00,12.7,86,59.7,43.15,3178.9,-28.6,Kedarnath (Garhwal),30.7346,79.0669,3583,53.55,225.76
2025-07-15T08:00,12.4,85,16.3,0.0,1219.5,-87.2,Kedarnath (Garhwal),30.7346,79.0669,3583,34.83,258.06
2025-07-15T09:00,13.1,81,57.7,15.76,3030.7,-20.4,Kedarnath (Garhwal),30.7346,79.0669,3583,50.76,220.97
2025-07-15T10:00,15.1,83,72.4,32.19,2133.8,-30.1,Kedarnath (Garhwal),30.7346,79.0669,3583,42.8,217.74
2025-07-15T11:00,14.6,77,57.3,29.73,2036.3,-27.2,Kedarnath (Garhwal),30.7346,79.0669,3583,51.55,199.6
2025-07-15T12:00,17.0,81,5.4,0.0,1086.7,-133.8,Kedarnath (Garhwal),30.7346,79.0669,3583,34.81,249.5
2025-07-15T13:00,15.0,71,58.4,63.83,2601.4,-15.1,Kedarnath (Garhwal),30.7346,79.0669,3583,56.55,213.9
2025-07-15T14:00,18.6,76,67.2,93.15,2961.1,-6.5,Kedarnath (Garhwal),30.7346,79.0669,3583,63.18,203.77
2025-07-15T15:00,18.1,83,19.2,0.0,558.6,-47.0,Kedarnath (Garhwal),30.7346,79.0669,3583,35.28,249.07
2025-07-15T16:00,17.7,71,67.4,91.46,3548.4,-7.0,Kedarnath (Garhwal),30.7346,79.0669,3583,63.46,196.71
2025-07-15T17:00,18.2,73,9.8,0.0,543.5,-84.4,Kedarnath (Garhwal),30.7346,79.0669,3583,33.89,251.77
2025-07-15T18:00,18.5,79,7.9,0.0,452.8,-51.9,Kedarnath (Garhwal),30.7346,79.0669,3583,34.8,254.79
2025-07-15T19:00,17.0,79,85.4,56.77,4156.5,-14.3,Kedarnath (Garhwal),30.7346,79.0669,3583,72.76,209.32
2025-07-15T20:00,12.7,82,20.6,0.0,434.1,-145.0,Kedarnath (Garhwal),30.7346,79.0669,3583,34.38,261.05
2025-07-15T21:00,12.5,84,47.9,61.55,2366.6,-10.6,Kedarnath (Garhwal),30.7346,79.0669,3583,54.63,218.63
2025-07-15T22:00,12.3,86,61.7,23.4,3302.7,-44.2,Kedarnath (Garhwal),30.7346,79.0669,3583,53.33,211.96
2025-07-15T23:00,12.3,90,67.9,23.57,2745.8,-38.4,Kedarnath (Garhwal),30.7346,79.0669,3583,40.2,215.43
2025-07-16T00:00,12.1,89,20.6,0.0,727.4,-89.5,Kedarnath (Garhwal),30.7346,79.0669,3583,35.32,259.13
2025-07-16T01:00,10.1,87,14.1,0.0,919.1,-133.0,Kedarnath (Garhwal),30.7346,79.0669,3583,34.82,248.83
2025-07-16T02:00,10.8,91,24.6,0.0,1233.3,-31.0,Kedarnath (Garhwal),30.7346,79.0669,3583,35.55,247.54
2025-07-16T03:00,9.6,97,8.0,0.0,851.5,-136.6,Kedarnath (Garhwal),30.7346,79.0669,3583,36.1,249.38
2025-07-16T04:00,9.9,88,26.4,3.24,698.0,-65.8,Kedarnath (Garhwal),30.7346,79.0669,3583,34.95,266.23
2025-07-16T05:00,9.3,84,77.0,19.47,2981.3,-21.8,Kedarnath (Garhwal),30.7346,79.0669,3583,52.79,229.97
2025-07-16T06:00,10.4,91,23.2,0.19,989.3,-154.3,Kedarnath (Garhwal),30.7346,79.0669,3583,35.48,277.59
2025-07-16T07:00,10.6,85,24.2,0.0,713.0,-58.1,Kedarnath (Garhwal),30.7346,79.0669,3583,34.59,258.45
2025-07-16T08:00,11.9,75,24.0,0.21,790.8,-25.1,Kedarnath (Garhwal),30.7346,79.0669,3583,33.33,251.85
2025-07-16T09:00,15.3,85,27.1,0.0,1126.1,-78.5,Kedarnath (Garhwal),30.7346,79.0669,3583,35.28,271.19
2025-07-16T10:00,13.8,78,18.2,0.0,1330.2,-104.5,Kedarnath (Garhwal),30.7346,79.0669,3583,34.01,248.68
2025-07-16T11:00,18.9,78,17.5,0.0,836.8,-55.7,Kedarnath (Garhwal),30.7346,79.0669,3583,34.72,268.65
2025-07-16T12:00,17.1,78,13.0,0.0,1185.8,-24.0,Kedarnath (Garhwal),30.7346,79.0669,3583,34.5,267.08
2025-07-16T13:00,17.3,77,21.9,0.0,610.4,-136.5,Kedarnath (Garhwal),30.7346,79.0669,3583,34.28,254.62
2025-07-16T14:00,16.4,78,14.5,0.0,946.8,-118.9,Kedarnath (Garhwal),30.7346,79.0669,3583,34.36,255.43
2025-07-16T15:00,18.3,73,13.5,0.68,785.7,-108.3,Kedarnath (Garhwal),30.7346,79.0669,3583,33.92,270.7
2025-07-16T16:00,16.7,77,24.0,0.0,787.1,-73.6,Kedarnath (Garhwal),30.7346,79.0669,3583,34.29,252.77
2025-07-16T17:00,17.2,75,27.9,1.0,1332.8,-26.7,Kedarnath (Garhwal),30.7346,79.0669,3583,34.0,274.76
2025-07-16T18:00,19.5,80,9.0,0.22,477.6,-122.9,Kedarnath (Garhwal),30.7346,79.0669,3583,35.08,255.66
2025-07-16T19:00,15.6,81,25.3,0.55,1208.8,-138.7,Kedarnath (Garhwal),30.7346,79.0669,3583,34.69,272.0
2025-07-16T20:00,16.3,76,5.9,0.0,1265.9,-137.7,Kedarnath (Garhwal),30.7346,79.0669,3583,34.11,261.55
2025-07-16T21:00,13.2,86,20.6,0.0,1311.5,-154.6,Kedarnath (Garhwal),30.7346,79.0669,3583,35.13,251.63
2025-07-16T22:00,13.1,82,8.3,0.0,616.7,-115.3,Kedarnath (Garhwal),30.7346,79.0669,3583,34.44,258.05
2025-07-16T23:00,14.4,89,25.4,1.29,892.3,-25.7,Kedarnath (Garhwal),30.7346,79.0669,3583,35.64,263.46
2025-07-17T00:00,10.8,88,25.6,0.03,325.4,-38.0,Kedarnath (Garhwal),30.7346,79.0669,3583,35.1,264.5
2025-07-17T01:00,13.1,95,7.8,0.0,455.5,-125.8,Kedarnath (Garhwal),30.7346,79.0669,3583,36.43,267.41
2025-07-17T02:00,11.5,88,18.1,0.99,1134.8,-22.8,Kedarnath (Garhwal),30.7346,79.0669,3583,35.12,276.17
2025-07-17T03:00,9.8,88,24.5,1.11,332.2,-121.0,Kedarnath (Garhwal),30.7346,79.0669,3583,34.85,250.47
2025-07-17T04:00,11.4,89,21.7,0.32,579.9,-114.0,Kedarnath (Garhwal),30.7346,79.0669,3583,35.22,246.1
2025-07-17T05:00,12.1,87,27.7,0.0,409.5,-65.1,Kedarnath (Garhwal),30.7346,79.0669,3583,35.06,279.1
2025-07-17T06:00,12.3,90,26.4,0.0,827.3,-60.8,Kedarnath (Garhwal),30.7346,79.0669,3583,35.56,254.34
2025-07-17T07:00,10.4,79,11.3,0.0,866.6,-123.5,Kedarnath (Garhwal),30.7346,79.0669,3583,33.69,262.47
2025-07-17T08:00,12.2,80,8.3,0.52,1062.8,-99.7,Kedarnath (Garhwal),30.7346,79.0669,3583,34.02,270.84
2025-07-17T09:00,13.7,78,11.1,0.06,754.3,-138.3,Kedarnath (Garhwal),30.7346,79.0669,3583,33.95,276.41
2025-07-17T10:00,14.8,84,67.9,31.34,2278.7,-11.1,Kedarnath (Garhwal),30.7346,79.0669,3583,52.87,230.24
2025-07-17T11:00,16.5,85,63.8,34.67,2315.8,-43.4,Kedarnath (Garhwal),30.7346,79.0669,3583,47.57,233.45
2025-07-17T12:00,16.7,77,25.8,0.0,1317.0,-20.7,Kedarnath (Garhwal),30.7346,79.0669,3583,34.2,271.19
2025-07-17T13:00,15.4,75,60.6,32.12,3490.4,-16.3,Kedarnath (Garhwal),30.7346,79.0669,3583,59.35,222.7
2025-07-17T14:00,17.8,76,8.7,0.0,819.7,-121.8,Kedarnath (Garhwal),30.7346,79.0669,3583,34.19,265.29
2025-07-17T15:00,18.2,80,15.2,0.0,1167.0,-158.6,Kedarnath (Garhwal),30.7346,79.0669,3583,34.85,258.21
2025-07-17T16:00,18.1,72,57.1,29.21,2453.3,-34.1,Kedarnath (Garhwal),30.7346,79.0669,3583,46.05,223.51
2025-07-17T17:00,18.3,77,19.1,0.0,1258.1,-144.9,Kedarnath (Garhwal),30.7346,79.0669,3583,34.46,251.88
2025-07-17T18:00,17.5,81,11.5,0.0,1056.0,-112.3,Kedarnath (Garhwal),30.7346,79.0669,3583,34.94,266.86
2025-07-17T19:00,16.3,81,75.7,26.5,3572.7,-20.4,Kedarnath (Garhwal),30.7346,79.0669,3583,58.78,219.6
2025-07-17T20:00,14.8,81,11.6,0.0,724.8,-150.6,Kedarnath (Garhwal),30.7346,79.0669,3583,34.58,267.14
2025-07-17T21:00,12.0,86,16.5,0.0,552.4,-75.9,Kedarnath (Garhwal),30.7346,79.0669,3583,34.92,274.84
2025-07-17T22:00,13.6,73,26.5,0.0,516.3,-153.6,Kedarnath (Garhwal),30.7346,79.0669,3583,33.24,266.13
2025-07-17T23:00,12.5,88,11.2,0.36,1227.0,-115.3,Kedarnath (Garhwal),30.7346,79.0669,3583,35.31,251.53
2025-07-18T00:00,11.9,84,10.7,0.0,582.0,-73.4,Kedarnath (Garhwal),30.7346,79.0669,3583,34.66,279.67
2025-07-18T01:00,9.4,81,16.1,0.0,487.1,-78.1,Kedarnath (Garhwal),30.7346,79.0669,3583,33.81,266.53
2025-07-18T02:00,9.3,91,6.6,0.0,904.0,-107.4,Kedarnath (Garhwal),30.7346,79.0669,3583,35.24,267.87
2025-07-18T03:00,11.8,94,24.7,0.12,849.2,-120.1,Kedarnath (Garhwal),30.7346,79.0669,3583,36.11,264.49
2025-07-18T04:00,10.6,88,23.7,0.0,670.9,-76.7,Kedarnath (Garhwal),30.7346,79.0669,3583,35.04,249.39
2025-07-18T05:00,11.8,92,24.3,0.0,994.3,-49.0,Kedarnath (Garhwal),30.7346,79.0669,3583,35.74,276.7
2025-07-18T06:00,11.6,93,20.6,0.16,483.9,-122.2,Kedarnath (Garhwal),30.7346,79.0669,3583,35.92,249.61
2025-07-18T07:00,12.3,91,19.9,0.0,240.0,-147.8,Kedarnath (Garhwal),30.7346,79.0669,3583,35.65,249.14
2025-07-18T08:00,14.2,90,14.4,0.0,814.8,-38.9,Kedarnath (Garhwal),30.7346,79.0669,3583,35.86,264.98
2025-07-18T09:00,13.4,85,18.2,0.0,691.3,-60.6,Kedarnath (Garhwal),30.7346,79.0669,3583,34.96,245.51
2025-07-18T10:00,15.0,80,11.8,0.0,419.5,-80.2,Kedarnath (Garhwal),30.7346,79.0669,3583,34.54,279.46
2025-07-18T11:00,15.2,72,25.0,0.0,1099.0,-66.0,Kedarnath (Garhwal),30.7346,79.0669,3583,33.32,266.38
2025-07-18T12:00,16.0,76,22.2,0.0,469.1,-74.4,Kedarnath (Garhwal),30.7346,79.0669,3583,34.01,259.56
2025-07-18T13:00,16.7,73,13.8,0.39,877.0,-89.2,Kedarnath (Garhwal),30.7346,79.0669,3583,33.59,270.62
2025-07-18T14:00,17.6,84,21.3,0.0,1190.6,-58.5,Kedarnath (Garhwal),30.7346,79.0669,3583,35.4,247.63
2025-07-18T15:00,16.9,74,14.4,0.0,1379.2,-75.9,Kedarnath (Garhwal),30.7346,79.0669,3583,33.88,259.54
2025-07-18T16:00,18.9,76,12.1,0.0,1110.8,-87.0,Kedarnath (Garhwal),30.7346,79.0669,3583,34.36,246.56
2025-07-18T17:00,16.0,78,21.8,0.0,305.1,-132.8,Kedarnath (Garhwal),30.7346,79.0669,3583,34.32,268.42
2025-07-18T18:00,16.3,77,15.9,0.0,930.8,-127.7,Kedarnath (Garhwal),30.7346,79.0669,3583,34.22,260.64
2025-07-18T19:00,15.2,85,79.6,31.86,2485.5,-12.8,Kedarnath (Garhwal),30.7346,79.0669,3583,59.05,220.21
2025-07-18T20:00,16.6,78,18.7,0.0,402.6,-135.1,Kedarnath (Garhwal),30.7346,79.0669,3583,34.35,271.92
2025-07-18T21:00,14.2,83,13.3,0.0,346.3,-91.4,Kedarnath (Garhwal),30.7346,79.0669,3583,34.76,265.48
2025-07-18T22:00,14.3,81,13.8,0.0,969.2,-146.2,Kedarnath (Garhwal),30.7346,79.0669,3583,34.49,250.74
2025-07-18T23:00,10.5,80,26.9,0.0,1074.6,-150.5,Kedarnath (Garhwal),30.7346,79.0669,3583,33.88,254.76
2025-07-19T00:00,11.8,85,20.4,0.1,268.6,-145.1,Kedarnath (Garhwal),30.7346,79.0669,3583,34.69,263.54
2025-07-19T01:00,12.0,88,49.0,27.83,2618.0,-44.4,Kedarnath (Garhwal),30.7346,79.0669,3583,58.37,217.57
2025-07-19T02:00,10.7,87,11.0,0.0,1323.0,-52.8,Kedarnath (Garhwal),30.7346,79.0669,3583,34.9,247.95
2025-07-19T03:00,11.8,86,55.8,27.83,3412.0,-35.6,Kedarnath (Garhwal),30.7346,79.0669,3583,55.35,219.01
2025-07-19T04:00,10.0,83,15.4,1.09,726.4,-129.5,Kedarnath (Garhwal),30.7346,79.0669,3583,34.23,272.44
2025-07-19T05:00,12.7,88,7.7,0.0,474.1,-58.4,Kedarnath (Garhwal),30.7346,79.0669,3583,35.26,256.02
2025-07-19T06:00,14.3,81,21.6,0.0,746.4,-147.2,Kedarnath (Garhwal),30.7346,79.0669,3583,34.5,248.66
2025-07-19T07:00,11.8,89,22.4,0.0,1307.1,-99.6,Kedarnath (Garhwal),30.7346,79.0669,3583,35.26,257.73
2025-07-19T08:00,12.6,84,19.6,0.0,247.7,-137.5,Kedarnath (Garhwal),30.7346,79.0669,3583,34.73,260.69
2025-07-19T09:00,15.7,76,15.5,0.41,1126.7,-86.2,Kedarnath (Garhwal),30.7346,79.0669,3583,34.0,266.62
2025-07-19T10:00,16.8,79,14.3,0.15,1161.6,-77.5,Kedarnath (Garhwal),30.7346,79.0669,3583,34.55,253.05
2025-07-19T11:00,15.1,75,10.6,0.0,1167.3,-69.5,Kedarnath (Garhwal),30.7346,79.0669,3583,33.81,267.48
2025-07-19T12:00,16.0,78,13.0,2.34,318.8,-58.0,Kedarnath (Garhwal),30.7346,79.0669,3583,34.35,274.93
2025-07-19T13:00,16.7,81,7.3,0.02,249.2,-118.7,Kedarnath (Garhwal),30.7346,79.0669,3583,34.88,260.78
2025-07-19T14:00,15.8,68,27.1,0.0,366.4,-37.8,Kedarnath (Garhwal),30.7346,79.0669,3583,32.74,251.15
2025-07-19T15:00,16.4,75,16.1,0.0,677.2,-67.1,Kedarnath (Garhwal),30.7346,79.0669,3583,33.98,253.21
2025-07-19T16:00,16.2,75,27.2,0.0,508.5,-152.8,Kedarnath (Garhwal),30.7346,79.0669,3583,33.82,250.94
2025-07-19T17:00,16.1,79,15.0,0.0,600.0,-82.9,Kedarnath (Garhwal),30.7346,79.0669,3583,34.41,264.97
2025-07-19T18:00,16.4,78,19.0,0.0,1023.1,-136.7,Kedarnath (Garhwal),30.7346,79.0669,3583,34.35,253.75
2025-07-19T19:00,16.0,75,9.9,0.0,783.3,-63.9,Kedarnath (Garhwal),30.7346,79.0669,3583,33.94,249.96
2025-07-19T20:00,16.8,79,6.2,1.19,992.9,-153.1,Kedarnath (Garhwal),30.7346,79.0669,3583,34.54,270.54
2025-07-19T21:00,12.8,79,25.8,0.0,903.0,-156.7,Kedarnath (Garhwal),30.7346,79.0669,3583,33.99,263.63
2025-07-19T22:00,14.3,88,27.7,0.0,728.9,-101.9,Kedarnath (Garhwal),30.7346,79.0669,3583,35.54,273.57
2025-07-19T23:00,12.0,86,16.4,0.88,1161.4,-104.6,Kedarnath (Garhwal),30.7346,79.0669,3583,34.86,251.95
2025-07-20T00:00,11.5,95,14.4,0.0,566.3,-156.3,Kedarnath (Garhwal),30.7346,79.0669,3583,36.07,268.22
2025-07-20T01:00,11.8,88,11.7,0.0,490.6,-44.0,Kedarnath (Garhwal),30.7346,79.0669,3583,35.15,263.54
2025-07-20T02:00,9.3,86,7.9,1.21,985.9,-59.7,Kedarnath (Garhwal),30.7346,79.0669,3583,34.54,245.01
2025-07-20T03:00,11.0,83,13.6,0.0,1134.0,-105.2,Kedarnath (Garhwal),30.7346,79.0669,3583,34.34,278.98
2025-07-20T04:00,10.8,82,11.6,0.0,675.5,-154.9,Kedarnath (Garhwal),30.7346,79.0669,3583,34.12,263.86
2025-07-20T05:00,11.6,82,5.5,0.0,973.8,-72.4,Kedarnath (Garhwal),30.7346,79.0669,3583,34.24,278.28
2025-07-20T06:00,11.9,88,23.9,0.0,585.1,-55.3,Kedarnath (Garhwal),30.7346,79.0669,3583,35.2,263.7
2025-07-20T07:00,15.2,88,13.9,0.0,1154.1,-45.4,Kedarnath (Garhwal),30.7346,79.0669,3583,35.58,269.92
2025-07-20T08:00,12.3,77,16.1,0.0,1355.3,-37.7,Kedarnath (Garhwal),30.7346,79.0669,3583,33.73,259.72
2025-07-20T09:00,13.4,86,9.5,0.97,262.7,-116.0,Kedarnath (Garhwal),30.7346,79.0669,3583,35.05,260.27
2025-07-20T10:00,14.2,78,10.4,0.02,558.1,-109.3,Kedarnath (Garhwal),30.7346,79.0669,3583,34.09,255.09
2025-07-20T11:00,15.1,79,27.9,0.0,208.1,-41.4,Kedarnath (Garhwal),30.7346,79.0669,3583,34.34,247.41
2025-07-20T12:00,15.7,83,13.4,0.3,489.2,-151.1,Kedarnath (Garhwal),30.7346,79.0669,3583,35.07,263.21
2025-07-20T13:00,18.5,80,20.6,0.0,448.7,-72.9,Kedarnath (Garhwal),30.7346,79.0669,3583,34.86,256.08
2025-07-20T14:00,19.1,74,26.5,0.0,279.1,-46.8,Kedarnath (Garhwal),30.7346,79.0669,3583,34.15,259.26
2025-07-20T15:00,16.8,71,12.0,0.0,506.1,-37.8,Kedarnath (Garhwal),30.7346,79.0669,3583,33.44,247.05
2025-07-20T16:00,16.4,67,13.7,0.0,1112.9,-22.2,Kedarnath (Garhwal),30.7346,79.0669,3583,32.66,264.52
2025-07-20T17:00,17.6,73,25.0,0.0,576.0,-61.3,Kedarnath (Garhwal),30.7346,79.0669,3583,33.79,270.67
2025-07-20T18:00,15.8,76,63.7,12.1,2469.2,-30.4,Kedarnath (Garhwal),30.7346,79.0669,3583,59.61,230.23
2025-07-20T19:00,16.5,75,15.2,0.0,832.1,-65.4,Kedarnath (Garhwal),30.7346,79.0669,3583,33.86,248.89
2025-07-20T20:00,15.1,80,12.5,0.0,322.1,-26.9,Kedarnath (Garhwal),30.7346,79.0669,3583,34.43,245.19
2025-07-20T21:00,12.2,82,20.4,0.0,743.9,-115.8,Kedarnath (Garhwal),30.7346,79.0669,3583,34.41,257.6
2025-07-20T22:00,15.0,83,9.7,0.0,1149.0,-132.4,Kedarnath (Garhwal),30.7346,79.0669,3583,34.88,270.07
2025-07-20T23:00,14.4,83,12.5,0.0,324.1,-45.3,Kedarnath (Garhwal),30.7346,79.0669,3583,34.8,249.55
2025-07-21T00:00,10.8,88,12.4,0.0,771.2,-146.2,Kedarnath (Garhwal),30.7346,79.0669,3583,34.99,246.22
2025-07-21T01:00,10.5,90,23.8,0.0,776.2,-134.2,Kedarnath (Garhwal),30.7346,79.0669,3583,35.27,247.2
2025-07-21T02:00,11.0,84,46.7,64.04,2513.6,-15.6,Kedarnath (Garhwal),30.7346,79.0669,3583,57.17,210.48
2025-07-21T03:00,10.9,95,15.1,0.0,595.3,-102.3,Kedarnath (Garhwal),30.7346,79.0669,3583,36.01,274.66
2025-07-21T04:00,11.4,88,64.3,58.21,2411.7,-24.6,Kedarnath (Garhwal),30.7346,79.0669,3583,51.68,219.38
2025-07-21T05:00,13.4,88,16.0,0.0,1037.9,-49.1,Kedarnath (Garhwal),30.7346,79.0669,3583,35.42,245.71
2025-07-21T06:00,11.3,90,66.8,22.97,2521.8,-16.3,Kedarnath (Garhwal),30.7346,79.0669,3583,49.4,223.37
2025-07-21T07:00,11.3,86,56.9,16.48,3418.7,-47.5,Kedarnath (Garhwal),30.7346,79.0669,3583,46.1,199.57
2025-07-21T08:00,11.4,88,39.4,61.12,2088.5,-16.0,Kedarnath (Garhwal),30.7346,79.0669,3583,51.17,224.86
2025-07-21T09:00,13.1,83,23.5,0.0,757.5,-124.2,Kedarnath (Garhwal),30.7346,79.0669,3583,34.66,266.68
2025-07-21T10:00,14.9,78,15.6,1.03,754.9,-151.7,Kedarnath (Garhwal),30.7346,79.0669,3583,34.11,262.02
2025-07-21T11:00,17.9,80,22.3,0.02,415.8,-85.5,Kedarnath (Garhwal),30.7346,79.0669,3583,34.85,278.88
2025-07-21T12:00,15.9,72,24.6,0.0,975.9,-136.2,Kedarnath (Garhwal),30.7346,79.0669,3583,33.47,246.72
2025-07-21T13:00,17.3,76,43.2,43.13,1872.4,-9.0,Kedarnath (Garhwal),30.7346,79.0669,3583,64.63,212.39
2025-07-21T14:00,17.4,75,65.6,27.85,3748.6,-40.2,Kedarnath (Garhwal),30.7346,79.0669,3583,51.18,216.26
2025-07-21T15:00,18.9,74,63.6,23.1,2440.6,-24.7,Kedarnath (Garhwal),30.7346,79.0669,3583,48.0,201.21
2025-07-21T16:00,20.4,75,68.8,38.91,2843.6,-38.5,Kedarnath (Garhwal),30.7346,79.0669,3583,51.25,203.83
2025-07-21T17:00,16.4,68,6.5,0.0,1363.5,-124.5,Kedarnath (Garhwal),30.7346,79.0669,3583,32.93,251.15
2025-07-21T18:00,15.9,75,64.8,16.81,2998.5,-42.6,Kedarnath (Garhwal),30.7346,79.0669,3583,53.33,225.77
2025-07-21T19:00,17.0,79,94.9,99.07,2919.7,-0.0,Kedarnath (Garhwal),30.7346,79.0669,3583,67.04,200.85
2025-07-21T20:00,15.7,81,8.8,0.29,1346.3,-144.3,Kedarnath (Garhwal),30.7346,79.0669,3583,34.68,256.14
2025-07-21T21:00,16.2,78,23.0,0.0,956.5,-147.1,Kedarnath (Garhwal),30.7346,79.0669,3583,34.32,259.67
2025-07-21T22:00,13.8,89,21.4,0.0,201.9,-142.0,Kedarnath (Garhwal),30.7346,79.0669,3583,35.58,246.06
2025-07-21T23:00,11.8,82,66.6,21.75,2370.1,-30.8,Kedarnath (Garhwal),30.7346,79.0669,3583,40.35,210.81
2025-07-22T00:00,12.2,91,59.5,17.57,2616.1,-30.6,Kedarnath (Garhwal),30.7346,79.0669,3583,48.18,234.7
2025-07-22T01:00,12.3,90,88.3,23.25,3417.5,-20.0,Kedarnath (Garhwal),30.7346,79.0669,3583,50.29,205.64
2025-07-22T02:00,11.6,86,27.9,0.0,1281.8,-57.9,Kedarnath (Garhwal),30.7346,79.0669,3583,34.89,273.12
2025-07-22T03:00,11.1,96,10.1,0.0,824.2,-61.3,Kedarnath (Garhwal),30.7346,79.0669,3583,36.24,245.53
2025-07-22T04:00,11.9,84,7.0,0.0,405.3,-142.3,Kedarnath (Garhwal),30.7346,79.0669,3583,34.62,269.67
2025-07-22T05:00,12.4,92,26.3,0.77,1347.5,-20.4,Kedarnath (Garhwal),30.7346,79.0669,3583,35.8,253.68
2025-07-22T06:00,13.2,91,9.2,0.09,309.8,-91.9,Kedarnath (Garhwal),30.7346,79.0669,3583,35.8,253.11
2025-07-22T07:00,13.0,83,27.9,0.0,1326.3,-46.0,Kedarnath (Garhwal),30.7346,79.0669,3583,34.6,279.23
2025-07-22T08:00,12.9,89,62.5,29.65,2652.2,-28.2,Kedarnath (Garhwal),30.7346,79.0669,3583,61.97,222.44
2025-07-22T09:00,14.2,81,62.8,21.31,2278.3,-37.8,Kedarnath (Garhwal),30.7346,79.0669,3583,51.4,211.76
2025-07-22T10:00,16.4,81,15.4,0.0,1308.0,-84.0,Kedarnath (Garhwal),30.7346,79.0669,3583,34.84,274.62
2025-07-22T11:00,14.8,80,56.8,63.75,2482.6,-22.4,Kedarnath (Garhwal),30.7346,79.0669,3583,59.54,217.05
2025-07-22T12:00,16.9,77,55.5,51.97,1990.8,-27.2,Kedarnath (Garhwal),30.7346,79.0669,3583,58.47,225.81
2025-07-22T13:00,16.6,79,23.5,0.0,991.0,-75.7,Kedarnath (Garhwal),30.7346,79.0669,3583,34.55,262.98
2025-07-22T14:00,17.4,78,84.7,24.95,3735.4,-22.5,Kedarnath (Garhwal),30.7346,79.0669,3583,45.05,218.34
2025-07-22T15:00,19.0,68,80.6,23.16,3525.1,-16.0,Kedarnath (Garhwal),30.7346,79.0669,3583,58.36,228.12
2025-07-22T16:00,17.6,80,57.0,19.97,2471.9,-22.1,Kedarnath (Garhwal),30.7346,79.0669,3583,55.24,206.88
2025-07-22T17:00,17.1,69,44.4,55.74,2748.7,-9.3,Kedarnath (Garhwal),30.7346,79.0669,3583,56.2,211.11
2025-07-22T18:00,14.8,81,25.1,0.43,465.8,-84.9,Kedarnath (Garhwal),30.7346,79.0669,3583,34.61,261.46
2025-07-22T19:00,16.6,83,25.9,0.47,1216.8,-21.3,Kedarnath (Garhwal),30.7346,79.0669,3583,35.13,259.1
2025-07-22T20:00,15.7,76,53.7,22.39,3248.6,-24.6,Kedarnath (Garhwal),30.7346,79.0669,3583,55.43,232.22
2025-07-22T21:00,16.6,80,25.2,0.0,1025.0,-55.0,Kedarnath (Garhwal),30.7346,79.0669,3583,34.73,267.41
2025-07-22T22:00,12.7,79,26.9,0.06,1391.8,-34.9,Kedarnath (Garhwal),30.7346,79.0669,3583,34.06,253.16
2025-07-22T23:00,12.5,85,80.5,103.39,2984.0,-12.7,Kedarnath (Garhwal),30.7346,79.0669,3583,68.39,211.76
2025-07-23T00:00,11.8,86,15.7,0.0,614.6,-56.3,Kedarnath (Garhwal),30.7346,79.0669,3583,34.86,260.07
2025-07-23T01:00,12.9,91,17.8,0.42,851.1,-157.0,Kedarnath (Garhwal),30.7346,79.0669,3583,35.79,273.35
2025-07-23T02:00,10.5,94,17.6,0.0,629.8,-73.0,Kedarnath (Garhwal),30.7346,79.0669,3583,35.86,259.63
2025-07-23T03:00,10.8,95,14.4,0.0,567.2,-149.8,Kedarnath (Garhwal),30.7346,79.0669,3583,35.99,265.6
2025-07-23T04:00,11.3,87,15.1,0.0,1352.9,-89.9,Kedarnath (Garhwal),30.7346,79.0669,3583,34.91,248.92
2025-07-23T05:00,11.2,87,27.4,0.0,673.8,-153.5,Kedarnath (Garhwal),30.7346,79.0669,3583,34.99,261.98
2025-07-23T06:00,11.0,80,8.9,0.0,1317.3,-154.5,Kedarnath (Garhwal),30.7346,79.0669,3583,33.95,245.46
2025-07-23T07:00,12.5,82,60.0,15.3,2417.5,-27.4,Kedarnath (Garhwal),30.7346,79.0669,3583,47.43,216.2
2025-07-23T08:00,14.4,88,23.6,0.0,840.5,-40.1,Kedarnath (Garhwal),30.7346,79.0669,3583,35.49,245.32
2025-07-23T09:00,12.8,88,7.0,0.0,604.3,-102.0,Kedarnath (Garhwal),30.7346,79.0669,3583,35.38,256.05
2025-07-23T10:00,15.1,75,5.3,0.0,713.6,-112.2,Kedarnath (Garhwal),30.7346,79.0669,3583,33.77,254.23
2025-07-23T11:00,14.9,76,18.2,1.06,1355.4,-102.5,Kedarnath (Garhwal),30.7346,79.0669,3583,33.88,261.49
2025-07-23T12:00,17.9,77,22.1,0.0,484.7,-56.8,Kedarnath (Garhwal),30.7346,79.0669,3583,34.41,262.65
2025-07-23T13:00,15.2,77,79.3,13.47,3009.7,-35.1,Kedarnath (Garhwal),30.7346,79.0669,3583,57.33,229.85
2025-07-23T14:00,16.7,72,82.9,31.14,3517.9,-33.9,Kedarnath (Garhwal),30.7346,79.0669,3583,55.21,229.53
2025-07-23T15:00,18.0,77,14.8,0.0,998.9,-49.9,Kedarnath (Garhwal),30.7346,79.0669,3583,34.38,268.01
2025-07-23T16:00,19.3,73,16.1,0.0,812.3,-156.8,Kedarnath (Garhwal),30.7346,79.0669,3583,34.05,254.86
2025-07-23T17:00,17.0,76,49.1,26.2,2456.5,-19.9,Kedarnath (Garhwal),30.7346,79.0669,3583,47.73,229.68
2025-07-23T18:00,15.8,79,22.2,0.0,776.9,-150.4,Kedarnath (Garhwal),30.7346,79.0669,3583,34.46,269.78
2025-07-23T19:00,18.0,79,13.9,0.32,1198.5,-70.6,Kedarnath (Garhwal),30.7346,79.0669,3583,34.65,252.47
2025-07-23T20:00,13.2,78,10.7,0.0,336.3,-132.8,Kedarnath (Garhwal),30.7346,79.0669,3583,33.98,253.86
2025-07-23T21:00,11.4,82,25.9,0.4,231.6,-56.5,Kedarnath (Garhwal),30.7346,79.0669,3583,34.19,263.83
2025-07-23T22:00,13.6,83,60.5,15.29,2402.2,-44.1,Kedarnath (Garhwal),30.7346,79.0669,3583,47.69,230.46
2025-07-23T23:00,11.6,84,15.9,0.0,570.6,-112.2,Kedarnath (Garhwal),30.7346,79.0669,3583,34.59,264.83
2025-07-24T00:00,10.3,86,6.3,0.0,305.3,-113.5,Kedarnath (Garhwal),30.7346,79.0669,3583,34.68,276.35
2025-07-24T01:00,11.8,94,16.7,0.0,724.7,-76.5,Kedarnath (Garhwal),30.7346,79.0669,3583,36.11,249.79
2025-07-24T02:00,10.9,91,27.8,0.0,1116.3,-56.2,Kedarnath (Garhwal),30.7346,79.0669,3583,35.49,261.83
2025-07-24T03:00,9.8,88,7.8,0.0,697.8,-127.5,Kedarnath (Garhwal),30.7346,79.0669,3583,34.89,246.42
2025-07-24T04:00,9.1,92,21.3,0.0,1214.9,-68.5,Kedarnath (Garhwal),30.7346,79.0669,3583,35.32,267.91
2025-07-24T05:00,12.0,87,27.8,0.0,892.5,-67.9,Kedarnath (Garhwal),30.7346,79.0669,3583,35.03,247.94
2025-07-24T06:00,12.3,92,12.6,0.0,1254.2,-62.3,Kedarnath (Garhwal),30.7346,79.0669,3583,35.78,267.76
2025-07-24T07:00,12.1,87,16.8,0.03,611.7,-77.5,Kedarnath (Garhwal),30.7346,79.0669,3583,35.08,270.21
2025-07-24T08:00,15.3,83,18.2,0.17,901.1,-148.8,Kedarnath (Garhwal),30.7346,79.0669,3583,35.0,246.72
2025-07-24T09:00,12.7,84,20.1,0.0,222.9,-122.5,Kedarnath (Garhwal),30.7346,79.0669,3583,34.7,277.66
2025-07-24T10:00,13.1,74,20.9,0.0,1304.1,-85.8,Kedarnath (Garhwal),30.7346,79.0669,3583,33.3,246.01
2025-07-24T11:00,14.9,74,19.3,0.0,457.1,-29.0,Kedarnath (Garhwal),30.7346,79.0669,3583,33.57,265.1
2025-07-24T12:00,16.4,72,21.0,0.0,1233.2,-106.2,Kedarnath (Garhwal),30.7346,79.0669,3583,33.51,245.45
2025-07-24T13:00,17.3,77,8.1,0.0,978.9,-69.0,Kedarnath (Garhwal),30.7346,79.0669,3583,34.26,277.1
2025-07-24T14:00,17.1,82,69.6,22.19,2351.8,-21.7,Kedarnath (Garhwal),30.7346,79.0669,3583,49.98,219.29
2025-07-24T15:00,17.9,84,62.8,16.25,2769.9,-10.3,Kedarnath (Garhwal),30.7346,79.0669,3583,44.97,223.58
2025-07-24T16:00,15.9,78,18.8,0.0,409.6,-138.8,Kedarnath (Garhwal),30.7346,79.0669,3583,34.26,255.44
2025-07-24T17:00,18.8,78,76.0,25.95,3709.4,-22.8,Kedarnath (Garhwal),30.7346,79.0669,3583,58.6,230.61
2025-07-24T18:00,16.4,70,27.7,0.9,965.6,-108.0,Kedarnath (Garhwal),30.7346,79.0669,3583,33.14,264.38
2025-07-24T19:00,17.1,76,16.8,0.35,458.8,-31.7,Kedarnath (Garhwal),30.7346,79.0669,3583,34.21,261.9
2025-07-24T20:00,15.3,77,24.0,0.0,832.5,-25.3,Kedarnath (Garhwal),30.7346,79.0669,3583,34.07,266.53
2025-07-24T21:00,14.5,80,27.5,0.0,912.3,-43.0,Kedarnath (Garhwal),30.7346,79.0669,3583,34.33,249.32
2025-07-24T22:00,13.8,83,19.8,0.0,405.6,-113.5,Kedarnath (Garhwal),30.7346,79.0669,3583,34.75,266.33
2025-07-24T23:00,12.8,84,14.0,1.59,667.1,-63.9,Kedarnath (Garhwal),30.7346,79.0669,3583,34.69,261.18
2025-06-15T00:00,19.4,83,9.1,0.3,1341.9,-152.5,Kullu Valley,31.9579,77.1095,1279,35.48,250.07
2025-06-15T01:00,17.5,82,75.8,25.56,3478.8,-14.7,Kullu Valley,31.9579,77.1095,1279,45.77,233.44
2025-06-15T02:00,18.2,84,10.6,0.33,714.6,-126.2,Kullu Valley,31.9579,77.1095,1279,35.49,258.01
2025-06-15T03:00,15.7,88,10.6,0.34,619.4,-149.0,Kullu Valley,31.9579,77.1095,1279,35.7,277.65
2025-06-15T04:00,18.6,90,10.2,0.0,740.1,-124.2,Kullu Valley,31.9579,77.1095,1279,36.39,261.34
2025-06-15T05:00,17.3,86,11.5,0.0,1106.6,-104.7,Kullu Valley,31.9579,77.1095,1279,35.7,269.1
2025-06-15T06:00,18.5,83,84.7,22.24,3769.3,-22.5,Kullu Valley,31.9579,77.1095,1279,53.82,221.23
2025-06-15T07:00,19.1,87,15.3,2.12,352.1,-122.6,Kullu Valley,31.9579,77.1095,1279,36.12,254.42
2025-06-15T08:00,18.6,79,19.5,0.0,1201.8,-27.5,Kullu Valley,31.9579,77.1095,1279,34.74,274.67
2025-06-15T09:00,19.6,82,7.3,0.68,1214.4,-61.6,Kullu Valley,31.9579,77.1095,1279,35.4,272.7
2025-06-15T10:00,23.1,75,11.7,0.0,1019.7,-101.3,Kullu Valley,31.9579,77.1095,1279,34.82,265.81
2025-06-15T11:00,23.2,76,6.8,0.0,508.2,-82.5,Kullu Valley,31.9579,77.1095,1279,35.02,269.32
2025-06-15T12:00,24.7,73,12.6,0.08,1021.1,-71.8,Kullu Valley,31.9579,77.1095,1279,34.68,260.71
2025-06-15T13:00,24.4,72,12.6,0.06,961.8,-144.2,Kullu Valley,31.9579,77.1095,1279,34.5,259.92
2025-06-15T14:00,24.6,70,63.3,12.41,2910.3,-26.9,Kullu Valley,31.9579,77.1095,1279,57.31,232.92
2025-06-15T15:00,22.4,76,14.2,0.06,409.1,-107.1,Kullu Valley,31.9579,77.1095,1279,34.94,245.87
2025-06-15T16:00,24.1,68,10.5,0.0,568.6,-146.7,Kullu Valley,31.9579,77.1095,1279,33.94,275.43
2025-06-15T17:00,24.0,69,8.1,0.0,603.6,-114.1,Kullu Valley,31.9579,77.1095,1279,34.03,246.12
2025-06-15T18:00,25.8,82,28.0,0.0,1229.1,-28.2,Kullu Valley,31.9579,77.1095,1279,36.16,252.54
2025-06-15T19:00,23.6,78,12.2,0.55,419.2,-105.4,Kullu Valley,31.9579,77.1095,1279,35.39,270.41
2025-06-15T20:00,23.7,67,14.3,0.0,869.2,-100.7,Kullu Valley,31.9579,77.1095,1279,33.64,250.79
2025-06-15T21:00,21.7,76,11.8,0.0,1113.3,-87.6,Kullu Valley,31.9579,77.1095,1279,34.74,277.91
2025-06-15T22:00,19.2,73,14.2,0.0,855.2,-96.6,Kullu Valley,31.9579,77.1095,1279,33.93,246.87
2025-06-15T23:00,19.4,78,12.8,0.0,570.0,-143.8,Kullu Valley,31.9579,77.1095,1279,34.72,268.67
2025-06-16T00:00,18.8,70,12.7,0.0,1260.0,-42.5,Kullu Valley,31.9579,77.1095,1279,33.55,256.89
2025-06-16T01:00,16.8,84,19.4,0.0,1225.8,-73.4,Kullu Valley,31.9579,77.1095,1279,35.23,270.9
2025-06-16T02:00,17.2,80,61.5,29.42,1825.0,-10.4,Kullu Valley,31.9579,77.1095,1279,51.25,220.27
2025-06-16T03:00,17.3,85,6.9,0.08,866.6,-116.6,Kullu Valley,31.9579,77.1095,1279,35.53,279.0
2025-06-16T04:00,19.5,78,18.7,1.07,1221.7,-146.9,Kullu Valley,31.9579,77.1095,1279,34.82,262.72
2025-06-16T05:00,15.5,84,54.2,63.13,2430.9,-15.6,Kullu Valley,31.9579,77.1095,1279,59.17,227.01
2025-06-16T06:00,20.0,81,60.5,23.28,2942.1,-36.6,Kullu Valley,31.9579,77.1095,1279,52.39,219.45
2025-06-16T07:00,18.1,88,60.5,15.1,2380.5,-45.4,Kullu Valley,31.9579,77.1095,1279,46.91,214.17
2025-06-16T08:00,18.4,85,15.2,0.0,320.3,-125.6,Kullu Valley,31.9579,77.1095,1279,35.73,254.66
2025-06-16T09:00,22.4,81,69.8,27.54,2191.7,-48.2,Kullu Valley,31.9579,77.1095,1279,49.15,204.11
2025-06-16T10:00,22.8,75,56.8,99.91,4087.2,-9.6,Kullu Valley,31.9579,77.1095,1279,70.27,202.04
2025-06-16T11:00,24.3,82,11.8,0.96,767.4,-146.0,Kullu Valley,31.9579,77.1095,1279,36.08,256.77
2025-06-16T12:00,24.4,67,13.9,1.8,356.9,-50.1,Kullu Valley,31.9579,77.1095,1279,33.76,267.97
2025-06-16T13:00,26.5,66,8.8,0.0,653.1,-130.4,Kullu Valley,31.9579,77.1095,1279,33.96,257.3
2025-06-16T14:00,25.1,71,82.4,19.06,3529.7,-38.0,Kullu Valley,31.9579,77.1095,1279,49.8,219.35
2025-06-16T15:00,24.3,80,52.3,13.64,3082.8,-19.6,Kullu Valley,31.9579,77.1095,1279,45.04,216.0
2025-06-16T16:00,24.8,70,26.4,0.75,782.7,-68.0,Kullu Valley,31.9579,77.1095,1279,34.36,259.64
2025-06-16T17:00,25.5,71,19.3,0.0,583.6,-73.4,Kullu Valley,31.9579,77.1095,1279,34.57,266.48
2025-06-16T18:00,22.5,67,61.0,21.27,2896.0,-35.5,Kullu Valley,31.9579,77.1095,1279,48.31,217.0
2025-06-16T19:00,22.0,78,85.5,75.05,3253.9,-5.7,Kullu Valley,31.9579,77.1095,1279,66.52,211.17
2025-06-16T20:00,21.5,80,94.9,89.07,4597.8,-5.6,Kullu Valley,31.9579,77.1095,1279,61.87,209.59
2025-06-16T21:00,18.5,81,24.2,0.0,1138.1,-69.7,Kullu Valley,31.9579,77.1095,1279,35.1,265.1
2025-06-16T22:00,20.3,77,71.6,57.06,4391.5,-11.2,Kullu Valley,31.9579,77.1095,1279,77.82,201.75
2025-06-16T23:00,17.0,79,44.9,57.52,1912.4,-27.2,Kullu Valley,31.9579,77.1095,1279,53.57,223.47
2025-06-17T00:00,18.6,78,62.0,62.12,2260.4,-21.3,Kullu Valley,31.9579,77.1095,1279,55.03,220.27
2025-06-17T01:00,19.0,84,68.7,39.61,2176.2,-21.3,Kullu Valley,31.9579,77.1095,1279,55.52,209.03
2025-06-17T02:00,17.0,80,18.7,0.0,993.3,-66.6,Kullu Valley,31.9579,77.1095,1279,34.81,258.37
2025-06-17T03:00,19.5,80,66.1,16.9,2176.2,-39.1,Kullu Valley,31.9579,77.1095,1279,46.54,202.12
2025-06-17T04:00,15.9,83,24.9,0.0,503.3,-63.6,Kullu Valley,31.9579,77.1095,1279,35.03,249.24
2025-06-17T05:00,19.4,82,22.1,0.0,883.3,-77.5,Kullu Valley,31.9579,77.1095,1279,35.37,251.74
2025-06-17T06:00,19.3,81,44.6,60.16,2370.3,-22.5,Kullu Valley,31.9579,77.1095,1279,66.28,224.49
2025-06-17T07:00,17.2,83,18.6,0.0,1315.0,-84.2,Kullu Valley,31.9579,77.1095,1279,35.25,271.9
2025-06-17T08:00,23.3,80,6.4,0.75,246.0,-42.7,Kullu Valley,31.9579,77.1095,1279,35.62,276.24
2025-06-17T09:00,20.9,77,68.3,50.92,4158.0,-8.7,Kullu Valley,31.9579,77.1095,1279,76.53,209.75
2025-06-17T10:00,20.9,77,25.0,0.0,820.7,-30.4,Kullu Valley,31.9579,77.1095,1279,34.8,273.58
2025-06-17T11:00,21.1,71,27.0,0.0,994.6,-118.9,Kullu Valley,31.9579,77.1095,1279,33.87,276.26
2025-06-17T12:00,23.2,73,25.0,0.0,1357.4,-41.2,Kullu Valley,31.9579,77.1095,1279,34.61,245.64
2025-06-17T13:00,23.9,73,83.6,95.97,4344.3,-10.2,Kullu Valley,31.9579,77.1095,1279,61.81,204.55
2025-06-17T14:00,24.5,65,83.9,31.76,3109.0,-38.1,Kullu Valley,31.9579,77.1095,1279,43.65,206.46
2025-06-17T15:00,24.1,75,6.6,0.0,904.8,-82.9,Kullu Valley,31.9579,77.1095,1279,34.96,271.57
2025-06-17T16:00,25.1,68,20.3,0.52,1136.2,-60.7,Kullu Valley,31.9579,77.1095,1279,33.99,254.72
2025-06-17T17:00,23.6,72,64.1,24.84,3323.7,-43.8,Kullu Valley,31.9579,77.1095,1279,48.8,230.13
2025-06-17T18:00,21.2,78,18.1,0.0,466.4,-68.0,Kullu Valley,31.9579,77.1095,1279,34.96,272.07
2025-06-17T19:00,22.6,78,57.0,32.18,2501.6,-38.2,Kullu Valley,31.9579,77.1095,1279,46.09,219.84
2025-06-17T20:00,19.1,76,62.2,28.73,3087.3,-18.3,Kullu Valley,31.9579,77.1095,1279,51.8,220.6
2025-06-17T21:00,21.4,77,71.2,12.7,2895.5,-24.9,Kullu Valley,31.9579,77.1095,1279,52.43,222.23
2025-06-17T22:00,18.9,84,17.2,1.4,1309.7,-150.9,Kullu Valley,31.9579,77.1095,1279,35.52,257.78
2025-06-17T23:00,19.4,84,11.3,0.0,688.8,-99.0,Kullu Valley,31.9579,77.1095,1279,35.68,272.75
2025-06-18T00:00,20.1,80,27.7,0.0,1048.9,-87.1,Kullu Valley,31.9579,77.1095,1279,35.23,265.46
2025-06-18T01:00,16.8,81,15.5,0.0,1071.9,-118.2,Kullu Valley,31.9579,77.1095,1279,34.84,270.07
2025-06-18T02:00,18.9,76,25.4,0.0,239.9,-53.7,Kullu Valley,31.9579,77.1095,1279,34.47,250.41
2025-06-18T03:00,17.0,86,15.8,0.0,343.7,-118.0,Kullu Valley,31.9579,77.1095,1279,35.55,245.21
2025-06-18T04:00,19.7,84,19.8,0.0,1350.1,-154.2,Kullu Valley,31.9579,77.1095,1279,35.76,260.47
2025-06-18T05:00,17.5,89,10.5,0.0,732.9,-29.0,Kullu Valley,31.9579,77.1095,1279,36.06,272.85
2025-06-18T06:00,17.5,84,20.3,0.0,872.9,-134.5,Kullu Valley,31.9579,77.1095,1279,35.45,269.22
2025-06-18T07:00,20.1,87,21.8,0.0,682.4,-154.0,Kullu Valley,31.9579,77.1095,1279,36.15,279.84
2025-06-18T08:00,19.6,77,25.3,0.0,697.7,-139.9,Kullu Valley,31.9579,77.1095,1279,34.64,270.27
2025-06-18T09:00,20.0,83,10.6,0.7,337.8,-26.7,Kullu Valley,31.9579,77.1095,1279,35.52,264.85
2025-06-18T10:00,21.3,74,15.4,0.0,412.2,-34.3,Kullu Valley,31.9579,77.1095,1279,34.44,270.81
2025-06-18T11:00,22.7,78,23.8,0.0,912.3,-92.5,Kullu Valley,31.9579,77.1095,1279,35.15,271.02
2025-06-18T12:00,25.1,67,21.2,1.49,655.2,-128.0,Kullu Valley,31.9579,77.1095,1279,33.91,263.13
2025-06-18T13:00,21.7,73,13.5,0.0,425.5,-56.6,Kullu Valley,31.9579,77.1095,1279,34.31,271.3
2025-06-18T14:00,24.4,63,73.7,31.14,3355.0,-44.8,Kullu Valley,31.9579,77.1095,1279,46.11,215.99
2025-06-18T15:00,25.2,70,26.0,1.13,1014.2,-153.6,Kullu Valley,31.9579,77.1095,1279,34.34,262.89
2025-06-18T16:00,24.6,73,25.2,0.0,435.5,-96.7,Kullu Valley,31.9579,77.1095,1279,34.72,260.86
2025-06-18T17:00,25.6,70,13.9,0.0,1102.2,-33.3,Kullu Valley,31.9579,77.1095,1279,34.38,256.23
2025-06-18T18:00,23.4,69,15.8,0.0,1232.7,-82.7,Kullu Valley,31.9579,77.1095,1279,33.93,277.1
2025-06-18T19:00,22.5,78,74.8,21.47,3116.6,-24.1,Kullu Valley,31.9579,77.1095,1279,50.87,234.36
2025-06-18T20:00,22.6,76,48.2,32.09,2448.9,-43.6,Kullu Valley,31.9579,77.1095,1279,44.6,234.55
2025-06-18T21:00,21.1,76,6.8,0.0,1326.3,-64.4,Kullu Valley,31.9579,77.1095,1279,34.71,267.9
2025-06-18T22:00,19.6,80,25.0,0.0,834.4,-149.9,Kullu Valley,31.9579,77.1095,1279,35.09,260.01
2025-06-18T23:00,19.9,92,24.5,0.0,1351.8,-66.1,Kullu Valley,31.9579,77.1095,1279,36.88,276.01
2025-06-19T00:00,17.7,88,6.6,0.0,287.2,-137.1,Kullu Valley,31.9579,77.1095,1279,35.94,251.11
2025-06-19T01:00,17.2,89,6.4,0.5,1225.9,-156.4,Kullu Valley,31.9579,77.1095,1279,36.04,260.38
2025-06-19T02:00,17.0,87,22.4,0.0,571.1,-90.3,Kullu Valley,31.9579,77.1095,1279,35.68,256.85
2025-06-19T03:00,19.1,86,17.8,0.0,852.3,-53.4,Kullu Valley,31.9579,77.1095,1279,35.85,274.79
2025-06-19T04:00,13.8,75,21.7,0.0,629.3,-138.2,Kullu Valley,31.9579,77.1095,1279,33.58,260.87
2025-06-19T05:00,18.4,81,11.4,0.0,1379.9,-133.2,Kullu Valley,31.9579,77.1095,1279,35.13,250.6
2025-06-19T06:00,18.6,81,23.6,0.0,1108.4,-124.9,Kullu Valley,31.9579,77.1095,1279,35.1,262.85
2025-06-19T07:00,17.2,74,18.3,0.0,877.3,-153.3,Kullu Valley,31.9579,77.1095,1279,33.88,272.75
2025-06-19T08:00,20.5,75,24.9,0.0,714.0,-66.4,Kullu Valley,31.9579,77.1095,1279,34.49,279.2
2025-06-19T09:00,21.6,70,14.3,0.13,698.1,-40.9,Kullu Valley,31.9579,77.1095,1279,33.87,278.52
2025-06-19T10:00,22.6,76,19.4,0.0,228.8,-127.0,Kullu Valley,31.9579,77.1095,1279,34.91,265.33
2025-06-19T11:00,19.6,78,18.0,0.0,289.2,-60.4,Kullu Valley,31.9579,77.1095,1279,34.75,266.96
2025-06-19T12:00,25.1,77,24.5,0.0,527.6,-54.2,Kullu Valley,31.9579,77.1095,1279,35.46,249.8
2025-06-19T13:00,23.1,74,20.2,0.0,412.7,-142.2,Kullu Valley,31.9579,77.1095,1279,34.62,271.0
2025-06-19T14:00,25.2,67,24.5,0.21,1375.3,-131.6,Kullu Valley,31.9579,77.1095,1279,33.95,255.56
2025-06-19T15:00,25.4,63,11.2,3.26,423.1,-35.5,Kullu Valley,31.9579,77.1095,1279,33.34,270.3
2025-06-19T16:00,23.3,64,78.5,15.55,2879.3,-39.3,Kullu Valley,31.9579,77.1095,1279,58.04,220.99
2025-06-19T17:00,24.8,67,18.3,0.0,821.6,-51.7,Kullu Valley,31.9579,77.1095,1279,33.82,265.27
2025-06-19T18:00,23.0,69,25.2,0.16,958.0,-64.5,Kullu Valley,31.9579,77.1095,1279,33.98,253.13
2025-06-19T19:00,20.3,74,54.5,22.9,3563.6,-31.0,Kullu Valley,31.9579,77.1095,1279,59.37,228.4
2025-06-19T20:00,23.3,72,10.8,0.0,233.9,-22.1,Kullu Valley,31.9579,77.1095,1279,34.42,249.53
2025-06-19T21:00,20.1,79,11.8,0.0,365.6,-114.3,Kullu Valley,31.9579,77.1095,1279,35.06,265.86
2025-06-19T22:00,19.1,79,19.4,0.0,670.0,-41.6,Kullu Valley,31.9579,77.1095,1279,34.85,258.19
2025-06-19T23:00,18.8,82,22.3,0.0,612.6,-106.0,Kullu Valley,31.9579,77.1095,1279,35.2,275.13
2025-06-20T00:00,18.9,88,27.7,0.0,638.1,-143.1,Kullu Valley,31.9579,77.1095,1279,36.08,246.37
2025-06-20T01:00,17.9,79,7.4,0.0,245.6,-104.8,Kullu Valley,31.9579,77.1095,1279,34.76,261.97
2025-06-20T02:00,18.3,86,21.4,0.57,860.0,-77.9,Kullu Valley,31.9579,77.1095,1279,35.85,247.54
2025-06-20T03:00,15.9,85,26.6,0.0,720.5,-103.1,Kullu Valley,31.9579,77.1095,1279,35.3,253.17
2025-06-20T04:00,16.7,83,11.7,0.0,739.6,-132.8,Kullu Valley,31.9579,77.1095,1279,35.2,250.66
2025-06-20T05:00,17.8,88,6.6,0.0,1151.0,-38.3,Kullu Valley,31.9579,77.1095,1279,35.96,271.69
2025-06-20T06:00,20.8,86,19.2,0.0,897.6,-69.3,Kullu Valley,31.9579,77.1095,1279,36.2,253.14
2025-06-20T07:00,19.1,78,16.3,0.0,1379.9,-108.9,Kullu Valley,31.9579,77.1095,1279,34.68,260.5
2025-06-20T08:00,21.4,79,9.5,0.0,594.0,-30.5,Kullu Valley,31.9579,77.1095,1279,35.2,247.57
2025-06-20T09:00,21.0,79,17.7,0.0,782.6,-67.0,Kullu Valley,31.9579,77.1095,1279,35.16,247.88
2025-06-20T10:00,21.3,75,15.9,0.89,1372.6,-35.6,Kullu Valley,31.9579,77.1095,1279,34.59,252.42
2025-06-20T11:00,22.5,77,6.2,1.57,600.5,-158.9,Kullu Valley,31.9579,77.1095,1279,35.01,248.6
2025-06-20T12:00,23.3,74,9.8,0.66,336.1,-24.6,Kullu Valley,31.9579,77.1095,1279,34.72,248.66
2025-06-20T13:00,24.8,79,18.7,0.0,1131.4,-94.9,Kullu Valley,31.9579,77.1095,1279,35.68,272.91
2025-06-20T14:00,26.0,65,14.5,0.06,840.2,-135.3,Kullu Valley,31.9579,77.1095,1279,33.71,279.36
2025-06-20T15:00,24.9,71,19.0,0.0,645.7,-25.5,Kullu Valley,31.9579,77.1095,1279,34.39,257.71
2025-06-20T16:00,25.8,68,12.6,0.0,293.2,-150.2,Kullu Valley,31.9579,77.1095,1279,34.06,269.75
2025-06-20T17:00,22.9,74,16.2,0.14,921.8,-114.0,Kullu Valley,31.9579,77.1095,1279,34.69,258.62
2025-06-20T18:00,23.0,67,11.7,0.0,550.2,-127.1,Kullu Valley,31.9579,77.1095,1279,33.53,271.74
2025-06-20T19:00,21.9,76,70.2,14.2,2951.7,-19.0,Kullu Valley,31.9579,77.1095,1279,58.26,224.82
2025-06-20T20:00,22.3,74,19.4,0.19,1333.1,-102.5,Kullu Valley,31.9579,77.1095,1279,34.51,257.06
2025-06-20T21:00,20.6,75,19.1,0.0,1350.4,-44.1,Kullu Valley,31.9579,77.1095,1279,34.49,270.19
2025-06-20T22:00,21.0,74,14.7,0.0,576.7,-115.8,Kullu Valley,31.9579,77.1095,1279,34.39,252.54
2025-06-20T23:00,18.1,80,50.5,18.27,3745.8,-41.0,Kullu Valley,31.9579,77.1095,1279,44.13,227.83
2025-06-21T00:00,18.6,87,7.4,0.0,1040.7,-111.6,Kullu Valley,31.9579,77.1095,1279,36.01,246.72
2025-06-21T01:00,18.8,84,14.4,0.0,413.9,-116.4,Kullu Valley,31.9579,77.1095,1279,35.56,274.08
2025-06-21T02:00,15.1,87,26.7,0.04,1367.9,-69.0,Kullu Valley,31.9579,77.1095,1279,35.54,274.61
2025-06-21T03:00,20.0,92,26.1,0.15,344.1,-20.8,Kullu Valley,31.9579,77.1095,1279,36.85,246.81
2025-06-21T04:00,17.3,86,16.1,0.39,1346.0,-89.5,Kullu Valley,31.9579,77.1095,1279,35.62,258.78
2025-06-21T05:00,15.5,82,6.8,0.0,718.0,-55.3,Kullu Valley,31.9579,77.1095,1279,34.8,256.43
2025-06-21T06:00,18.7,85,27.0,1.82,1173.9,-78.9,Kullu Valley,31.9579,77.1095,1279,35.67,271.78
2025-06-21T07:00,19.3,79,24.9,0.0,398.4,-151.0,Kullu Valley,31.9579,77.1095,1279,34.95,275.4
2025-06-21T08:00,20.0,78,11.0,0.0,217.7,-124.7,Kullu Valley,31.9579,77.1095,1279,34.82,248.2
2025-06-21T09:00,22.2,72,20.7,0.0,218.9,-135.4,Kullu Valley,31.9579,77.1095,1279,34.23,275.76
2025-06-21T10:00,22.8,80,13.8,0.0,343.9,-123.3,Kullu Valley,31.9579,77.1095,1279,35.51,249.49
2025-06-21T11:00,23.1,73,17.3,0.0,204.5,-56.5,Kullu Valley,31.9579,77.1095,1279,34.51,263.84
2025-06-21T12:00,24.0,74,18.3,0.0,848.6,-46.6,Kullu Valley,31.9579,77.1095,1279,34.76,251.54
2025-06-21T13:00,23.9,68,51.7,14.58,3608.2,-17.5,Kullu Valley,31.9579,77.1095,1279,59.55,217.86
2025-06-21T14:00,26.5,73,15.0,0.0,1137.2,-71.3,Kullu Valley,31.9579,77.1095,1279,34.98,279.23
2025-06-21T15:00,22.7,68,18.7,0.0,1014.8,-136.5,Kullu Valley,31.9579,77.1095,1279,33.7,261.06
2025-06-21T16:00,24.5,71,17.9,0.0,1383.2,-26.9,Kullu Valley,31.9579,77.1095,1279,34.36,276.03
2025-06-21T17:00,24.1,75,10.6,0.57,780.0,-66.4,Kullu Valley,31.9579,77.1095,1279,35.02,251.35
2025-06-21T18:00,24.5,76,16.7,0.71,478.4,-37.0,Kullu Valley,31.9579,77.1095,1279,35.18,245.21
2025-06-21T19:00,21.7,74,23.8,0.0,1252.2,-129.4,Kullu Valley,31.9579,77.1095,1279,34.55,245.54
2025-06-21T20:00,19.8,69,77.5,26.8,3367.9,-40.5,Kullu Valley,31.9579,77.1095,1279,59.52,233.53
2025-06-21T21:00,21.2,90,12.5,0.36,718.5,-103.3,Kullu Valley,31.9579,77.1095,1279,36.76,257.2
2025-06-21T22:00,20.4,87,17.6,0.0,442.3,-140.3,Kullu Valley,31.9579,77.1095,1279,36.2,268.72
2025-06-21T23:00,21.0,84,13.9,0.0,268.9,-83.7,Kullu Valley,31.9579,77.1095,1279,35.93,272.84
2025-06-22T00:00,17.0,80,77.3,30.5,2538.4,-23.8,Kullu Valley,31.9579,77.1095,1279,45.03,219.53
2025-06-22T01:00,19.4,84,27.8,0.0,603.1,-38.8,Kullu Valley,31.9579,77.1095,1279,35.58,247.6
2025-06-22T02:00,20.5,83,5.4,0.0,1118.6,-137.6,Kullu Valley,31.9579,77.1095,1279,35.59,273.24
2025-06-22T03:00,17.0,90,27.0,0.0,650.9,-157.5,Kullu Valley,31.9579,77.1095,1279,36.2,268.29
2025-06-22T04:00,16.1,86,16.9,0.34,585.6,-158.5,Kullu Valley,31.9579,77.1095,1279,35.46,250.52
2025-06-22T05:00,17.5,81,6.3,0.63,1383.6,-79.5,Kullu Valley,31.9579,77.1095,1279,34.94,266.14
2025-06-22T06:00,18.5,81,5.0,0.0,219.4,-102.8,Kullu Valley,31.9579,77.1095,1279,35.1,245.44
2025-06-22T07:00,19.9,86,12.2,0.0,430.3,-111.5,Kullu Valley,31.9579,77.1095,1279,36.01,246.88
2025-06-22T08:00,19.4,86,7.1,0.0,994.1,-121.0,Kullu Valley,31.9579,77.1095,1279,35.97,253.93
2025-06-22T09:00,22.9,84,7.3,0.0,1335.0,-50.5,Kullu Valley,31.9579,77.1095,1279,36.14,253.99
2025-06-22T10:00,20.6,79,8.1,0.0,971.5,-140.6,Kullu Valley,31.9579,77.1095,1279,35.1,262.02
2025-06-22T11:00,20.7,73,19.7,0.53,935.7,-94.3,Kullu Valley,31.9579,77.1095,1279,34.26,268.9
2025-06-22T12:00,24.8,60,13.9,0.77,498.4,-114.9,Kullu Valley,31.9579,77.1095,1279,32.76,276.58
2025-06-22T13:00,21.3,73,66.6,15.72,3255.2,-29.2,Kullu Valley,31.9579,77.1095,1279,51.91,221.22
2025-06-22T14:00,24.1,71,8.7,0.0,318.4,-100.1,Kullu Valley,31.9579,77.1095,1279,34.39,248.35
2025-06-22T15:00,28.2,72,19.6,0.0,1210.4,-147.0,Kullu Valley,31.9579,77.1095,1279,34.99,247.52
2025-06-22T16:00,24.4,71,14.0,0.0,1000.4,-52.7,Kullu Valley,31.9579,77.1095,1279,34.46,262.14
2025-06-22T17:00,22.7,67,22.8,0.63,794.3,-58.5,Kullu Valley,31.9579,77.1095,1279,33.5,261.58
2025-06-22T18:00,23.4,75,13.9,0.0,890.9,-73.9,Kullu Valley,31.9579,77.1095,1279,34.9,249.43
2025-06-22T19:00,22.7,77,9.0,0.0,1323.0,-128.8,Kullu Valley,31.9579,77.1095,1279,35.07,250.32
2025-06-22T20:00,22.1,79,24.0,0.0,1047.3,-158.1,Kullu Valley,31.9579,77.1095,1279,35.27,263.27
2025-06-22T21:00,21.8,82,21.6,0.0,1065.2,-110.0,Kullu Valley,31.9579,77.1095,1279,35.65,264.78
2025-06-22T22:00,18.8,82,6.8,0.0,248.0,-87.1,Kullu Valley,31.9579,77.1095,1279,35.31,265.98
2025-06-22T23:00,21.3,80,8.8,0.0,875.4,-59.0,Kullu Valley,31.9579,77.1095,1279,35.3,248.35
2025-06-23T00:00,18.8,83,27.5,0.0,541.2,-120.1,Kullu Valley,31.9579,77.1095,1279,35.37,264.87
2025-06-23T01:00,18.8,84,67.1,40.78,2375.5,-9.1,Kullu Valley,31.9579,77.1095,1279,53.67,222.48
2025-06-23T02:00,16.9,85,66.7,17.69,3707.0,-39.7,Kullu Valley,31.9579,77.1095,1279,57.52,233.48
2025-06-23T03:00,19.0,89,17.3,0.07,1062.6,-142.6,Kullu Valley,31.9579,77.1095,1279,36.33,260.23
2025-06-23T04:00,17.3,87,18.9,0.0,391.2,-87.7,Kullu Valley,31.9579,77.1095,1279,35.85,252.64
2025-06-23T05:00,18.3,92,8.5,0.11,1236.0,-112.4,Kullu Valley,31.9579,77.1095,1279,36.71,270.24
2025-06-23T06:00,17.4,92,71.7,15.98,2835.9,-17.4,Kullu Valley,31.9579,77.1095,1279,52.34,233.43
2025-06-23T07:00,18.1,82,16.8,0.77,712.6,-102.8,Kullu Valley,31.9579,77.1095,1279,35.14,270.69
2025-06-23T08:00,20.9,64,8.2,0.0,381.0,-137.0,Kullu Valley,31.9579,77.1095,1279,32.93,277.76
2025-06-23T09:00,20.5,83,52.0,30.25,2303.0,-42.7,Kullu Valley,31.9579,77.1095,1279,51.88,207.53
2025-06-23T10:00,20.9,74,7.1,0.9,579.8,-109.7,Kullu Valley,31.9579,77.1095,1279,34.37,260.28
2025-06-23T11:00,22.0,71,36.1,45.29,2972.2,-20.3,Kullu Valley,31.9579,77.1095,1279,53.1,210.37
2025-06-23T12:00,24.3,71,10.0,0.0,345.0,-51.0,Kullu Valley,31.9579,77.1095,1279,34.45,256.45
2025-06-23T13:00,23.3,70,86.9,33.7,2388.0,-31.4,Kullu Valley,31.9579,77.1095,1279,43.73,209.77
2025-06-23T14:00,24.2,74,80.0,19.39,2279.8,-46.3,Kullu Valley,31.9579,77.1095,1279,43.98,199.83
2025-06-23T15:00,24.5,65,61.8,32.12,2477.1,-11.9,Kullu Valley,31.9579,77.1095,1279,54.51,231.74
2025-06-23T16:00,22.1,67,44.7,63.99,2822.3,-12.5,Kullu Valley,31.9579,77.1095,1279,59.77,217.8
2025-06-23T17:00,22.3,73,47.0,32.75,2952.2,-19.7,Kullu Valley,31.9579,77.1095,1279,61.03,224.77
2025-06-23T18:00,23.9,76,39.8,35.01,2867.2,-17.0,Kullu Valley,31.9579,77.1095,1279,62.24,226.15
2025-06-23T19:00,21.9,77,54.0,25.82,2888.2,-34.2,Kullu Valley,31.9579,77.1095,1279,52.34,234.54
2025-06-23T20:00,23.2,73,63.9,22.89,2640.8,-23.4,Kullu Valley,31.9579,77.1095,1279,50.0,219.88
2025-06-23T21:00,22.2,74,25.6,0.0,1118.1,-42.2,Kullu Valley,31.9579,77.1095,1279,34.56,265.75
2025-06-23T22:00,21.0,78,14.1,0.0,1100.4,-105.6,Kullu Valley,31.9579,77.1095,1279,34.94,248.52
2025-06-23T23:00,21.4,82,9.6,0.0,414.3,-157.5,Kullu Valley,31.9579,77.1095,1279,35.7,258.17
2025-06-24T00:00,18.4,89,28.0,0.0,456.2,-60.8,Kullu Valley,31.9579,77.1095,1279,36.23,274.91
2025-06-24T01:00,18.7,76,49.6,37.02,1955.0,-13.8,Kullu Valley,31.9579,77.1095,1279,53.12,216.72
2025-06-24T02:00,16.9,84,11.2,0.51,1302.6,-76.1,Kullu Valley,31.9579,77.1095,1279,35.29,251.73
2025-06-24T03:00,20.4,80,26.7,0.05,379.6,-83.0,Kullu Valley,31.9579,77.1095,1279,35.15,254.75
2025-06-24T04:00,20.0,78,17.1,0.0,470.1,-77.5,Kullu Valley,31.9579,77.1095,1279,34.87,275.69
2025-06-24T05:00,18.0,88,84.0,29.97,2387.6,-32.9,Kullu Valley,31.9579,77.1095,1279,57.62,233.63
2025-06-24T06:00,19.0,85,59.9,60.28,2276.2,-9.5,Kullu Valley,31.9579,77.1095,1279,60.53,221.97
2025-06-24T07:00,20.9,83,62.1,22.4,2790.4,-34.4,Kullu Valley,31.9579,77.1095,1279,54.52,210.49
2025-06-24T08:00,19.9,83,6.7,0.0,1239.9,-131.3,Kullu Valley,31.9579,77.1095,1279,35.65,278.7
2025-06-24T09:00,20.2,76,52.0,42.01,1939.8,-19.0,Kullu Valley,31.9579,77.1095,1279,57.41,222.87
2025-06-24T10:00,23.0,74,12.8,0.0,1246.3,-75.3,Kullu Valley,31.9579,77.1095,1279,34.72,256.67
2025-06-24T11:00,22.8,83,25.7,0.52,376.0,-147.2,Kullu Valley,31.9579,77.1095,1279,36.01,254.92
2025-06-24T12:00,23.7,72,14.3,0.17,591.0,-100.4,Kullu Valley,31.9579,77.1095,1279,34.46,255.23
2025-06-24T13:00,23.0,75,20.7,0.0,651.1,-94.5,Kullu Valley,31.9579,77.1095,1279,34.79,277.97
2025-06-24T14:00,22.3,71,14.2,0.0,1301.7,-54.8,Kullu Valley,31.9579,77.1095,1279,34.15,266.46
2025-06-24T15:00,24.8,64,68.5,91.06,4241.2,-6.8,Kullu Valley,31.9579,77.1095,1279,73.8,204.07
2025-06-24T16:00,25.5,63,11.6,0.0,869.7,-27.9,Kullu Valley,31.9579,77.1095,1279,33.32,250.95
2025-06-24T17:00,23.8,70,12.1,0.0,222.0,-125.8,Kullu Valley,31.9579,77.1095,1279,34.1,254.29
2025-06-24T18:00,25.2,77,49.7,53.27,2422.1,-26.2,Kullu Valley,31.9579,77.1095,1279,61.09,215.26
2025-06-24T19:00,21.9,78,5.1,0.0,1271.8,-67.9,Kullu Valley,31.9579,77.1095,1279,35.05,279.94
2025-06-24T20:00,20.6,80,14.8,0.59,439.4,-28.5,Kullu Valley,31.9579,77.1095,1279,35.21,253.3
2025-06-24T21:00,20.9,74,54.0,26.55,3589.0,-14.5,Kullu Valley,31.9579,77.1095,1279,54.13,229.4
2025-06-24T22:00,20.0,86,47.0,61.33,2057.2,-17.8,Kullu Valley,31.9579,77.1095,1279,51.68,226.58
2025-06-24T23:00,20.2,78,25.9,0.0,207.4,-85.0,Kullu Valley,31.9579,77.1095,1279,34.82,245.86
2025-06-25T00:00,17.6,84,20.9,0.27,332.3,-73.7,Kullu Valley,31.9579,77.1095,1279,35.37,277.91
2025-06-25T01:00,19.6,84,84.3,34.21,3716.2,-22.9,Kullu Valley,31.9579,77.1095,1279,44.16,228.78
2025-06-25T02:00,20.0,84,22.0,0.0,417.5,-99.2,Kullu Valley,31.9579,77.1095,1279,35.74,267.31
2025-06-25T03:00,17.5,90,14.5,0.52,966.5,-138.6,Kullu Valley,31.9579,77.1095,1279,36.3,263.9
2025-06-25T04:00,19.1,82,5.1,0.0,1344.0,-114.5,Kullu Valley,31.9579,77.1095,1279,35.31,264.21
2025-06-25T05:00,16.7,79,13.3,0.0,423.2,-55.7,Kullu Valley,31.9579,77.1095,1279,34.5,255.67
2025-06-25T06:00,19.8,83,15.2,0.0,250.8,-114.4,Kullu Valley,31.9579,77.1095,1279,35.56,263.81
2025-06-25T07:00,20.5,80,24.3,0.0,713.2,-109.8,Kullu Valley,31.9579,77.1095,1279,35.2,278.38
2025-06-25T08:00,21.1,93,16.9,0.31,412.5,-98.5,Kullu Valley,31.9579,77.1095,1279,37.24,279.35
2025-06-25T09:00,21.0,81,11.3,0.0,895.1,-25.9,Kullu Valley,31.9579,77.1095,1279,35.38,265.54
2025-06-25T10:00,18.4,75,9.5,0.27,530.9,-131.5,Kullu Valley,31.9579,77.1095,1279,34.11,255.09
2025-06-25T11:00,22.0,70,20.5,0.0,932.0,-98.5,Kullu Valley,31.9579,77.1095,1279,33.96,277.01
2025-06-25T12:00,22.7,66,19.4,0.64,417.3,-96.2,Kullu Valley,31.9579,77.1095,1279,33.33,278.27
2025-06-25T13:00,22.9,68,16.1,0.15,1333.4,-58.2,Kullu Valley,31.9579,77.1095,1279,33.7,250.94
2025-06-25T14:00,24.5,72,84.1,31.84,3412.9,-30.9,Kullu Valley,31.9579,77.1095,1279,48.39,220.06
2025-06-25T15:00,24.0,77,27.5,0.0,353.6,-125.7,Kullu Valley,31.9579,77.1095,1279,35.2,252.51
2025-06-25T16:00,23.4,76,13.6,0.0,714.4,-135.4,Kullu Valley,31.9579,77.1095,1279,34.97,271.82
2025-06-25T17:00,22.8,73,5.7,0.0,221.8,-132.3,Kullu Valley,31.9579,77.1095,1279,34.45,278.14
2025-06-25T18:00,22.6,72,18.0,0.0,305.3,-87.1,Kullu Valley,31.9579,77.1095,1279,34.27,270.5
2025-06-25T19:00,24.1,76,20.9,0.42,1021.8,-150.5,Kullu Valley,31.9579,77.1095,1279,35.04,250.14
2025-06-25T20:00,21.1,74,26.3,0.28,404.9,-141.4,Kullu Valley,31.9579,77.1095,1279,34.42,258.8
2025-06-25T21:00,20.4,85,20.6,0.0,232.6,-56.9,Kullu Valley,31.9579,77.1095,1279,35.91,269.86
2025-06-25T22:00,19.5,79,12.8,0.72,483.0,-84.6,Kullu Valley,31.9579,77.1095,1279,34.94,261.54
2025-06-25T23:00,19.7,81,20.5,1.02,812.6,-42.3,Kullu Valley,31.9579,77.1095,1279,35.27,258.03
2025-06-26T00:00,19.1,74,15.8,0.0,720.7,-31.6,Kullu Valley,31.9579,77.1095,1279,34.14,248.58
2025-06-26T01:00,14.3,83,22.4,0.0,971.3,-118.5,Kullu Valley,31.9579,77.1095,1279,34.85,255.47
2025-06-26T02:00,18.8,88,6.3,0.0,1165.1,-95.2,Kullu Valley,31.9579,77.1095,1279,36.17,276.78
2025-06-26T03:00,19.2,81,23.2,0.0,992.4,-136.7,Kullu Valley,31.9579,77.1095,1279,35.14,270.4
2025-06-26T04:00,16.4,82,9.3,0.0,952.1,-97.5,Kullu Valley,31.9579,77.1095,1279,34.9,278.64
2025-06-26T05:00,16.8,87,6.5,0.0,1241.6,-150.1,Kullu Valley,31.9579,77.1095,1279,35.76,256.76
2025-06-26T06:00,18.0,77,13.4,0.0,1383.8,-80.3,Kullu Valley,31.9579,77.1095,1279,34.43,255.7
2025-06-26T07:00,18.3,86,8.5,0.26,297.2,-64.3,Kullu Valley,31.9579,77.1095,1279,35.76,278.82
2025-06-26T08:00,20.4,78,10.3,0.0,319.5,-62.9,Kullu Valley,31.9579,77.1095,1279,34.85,262.53
2025-06-26T09:00,18.7,76,10.0,0.6,980.1,-146.6,Kullu Valley,31.9579,77.1095,1279,34.44,247.99
2025-06-26T10:00,20.6,72,26.6,0.71,783.6,-49.4,Kullu Valley,31.9579,77.1095,1279,33.98,251.97
2025-06-26T11:00,24.6,76,13.9,0.0,342.3,-141.9,Kullu Valley,31.9579,77.1095,1279,35.17,245.21
2025-06-26T12:00,22.4,83,18.9,0.0,500.6,-63.6,Kullu Valley,31.9579,77.1095,1279,35.89,274.75
2025-06-26T13:00,25.5,75,11.3,0.0,449.0,-80.6,Kullu Valley,31.9579,77.1095,1279,35.16,267.63
2025-06-26T14:00,24.8,68,12.8,0.0,1325.5,-94.1,Kullu Valley,31.9579,77.1095,1279,33.96,245.35
2025-06-26T15:00,22.3,76,11.3,0.0,723.5,-108.6,Kullu Valley,31.9579,77.1095,1279,34.8,249.24
2025-06-26T16:00,25.1,70,25.6,0.03,1389.3,-80.4,Kullu Valley,31.9579,77.1095,1279,34.34,275.44
2025-06-26T17:00,23.9,77,9.5,0.0,354.5,-24.8,Kullu Valley,31.9579,77.1095,1279,35.29,259.5
2025-06-26T18:00,22.9,76,17.5,0.34,498.1,-115.9,Kullu Valley,31.9579,77.1095,1279,34.99,251.54
2025-06-26T19:00,23.0,63,24.6,0.55,1363.2,-39.3,Kullu Valley,31.9579,77.1095,1279,32.94,259.65
2025-06-26T20:00,22.5,72,68.6,34.01,3434.5,-12.3,Kullu Valley,31.9579,77.1095,1279,53.94,219.71
2025-06-26T21:00,21.8,82,17.2,0.0,685.4,-60.8,Kullu Valley,31.9579,77.1095,1279,35.66,253.2
2025-06-26T22:00,21.5,80,27.3,0.26,201.6,-65.3,Kullu Valley,31.9579,77.1095,1279,35.41,252.7
2025-06-26T23:00,19.7,77,24.2,0.0,820.2,-49.9,Kullu Valley,31.9579,77.1095,1279,34.72,263.78
2025-06-27T00:00,16.9,80,16.8,0.0,849.2,-149.8,Kullu Valley,31.9579,77.1095,1279,34.78,277.62
2025-06-27T01:00,17.4,76,7.4,0.0,423.9,-109.1,Kullu Valley,31.9579,77.1095,1279,34.26,262.5
2025-06-27T02:00,21.2,84,12.8,0.0,1265.1,-99.3,Kullu Valley,31.9579,77.1095,1279,35.95,268.85
2025-06-27T03:00,18.4,94,11.8,0.0,991.0,-27.1,Kullu Valley,31.9579,77.1095,1279,36.93,262.27
2025-06-27T04:00,20.5,88,24.8,0.0,419.2,-63.6,Kullu Valley,31.9579,77.1095,1279,36.37,262.85
2025-06-27T05:00,19.6,93,13.2,0.03,1227.6,-63.4,Kullu Valley,31.9579,77.1095,1279,36.96,258.75
2025-06-27T06:00,18.8,86,17.4,0.0,1015.3,-99.2,Kullu Valley,31.9579,77.1095,1279,35.93,260.27
2025-06-27T07:00,19.6,86,25.0,0.0,802.0,-146.2,Kullu Valley,31.9579,77.1095,1279,35.91,254.13
2025-06-27T08:00,20.1,88,65.7,21.34,2569.2,-37.7,Kullu Valley,31.9579,77.1095,1279,53.46,219.6
2025-06-27T09:00,18.9,80,22.0,0.0,238.6,-145.4,Kullu Valley,31.9579,77.1095,1279,34.92,267.82
2025-06-27T10:00,21.9,75,17.8,0.16,906.2,-95.2,Kullu Valley,31.9579,77.1095,1279,34.73,272.51
2025-06-27T11:00,24.2,79,12.7,0.0,415.2,-133.8,Kullu Valley,31.9579,77.1095,1279,35.51,277.92
2025-06-27T12:00,22.8,79,25.1,0.72,295.4,-89.2,Kullu Valley,31.9579,77.1095,1279,35.35,257.62
2025-06-27T13:00,24.5,70,17.7,0.77,1080.4,-71.2,Kullu Valley,31.9579,77.1095,1279,34.26,259.16
2025-06-27T14:00,25.4,68,14.4,0.0,1124.5,-71.9,Kullu Valley,31.9579,77.1095,1279,34.12,270.57
2025-06-27T15:00,23.4,72,21.0,1.36,1024.3,-84.3,Kullu Valley,31.9579,77.1095,1279,34.34,264.79
2025-06-27T16:00,23.8,75,21.1,0.0,1341.8,-109.2,Kullu Valley,31.9579,77.1095,1279,34.85,272.57
2025-06-27T17:00,22.8,75,78.9,27.87,3606.4,-36.4,Kullu Valley,31.9579,77.1095,1279,58.94,219.4
2025-06-27T18:00,22.5,67,11.0,0.0,1156.3,-68.5,Kullu Valley,31.9579,77.1095,1279,33.58,272.1
2025-06-27T19:00,21.2,82,66.2,18.79,2641.5,-24.7,Kullu Valley,31.9579,77.1095,1279,47.24,222.76
2025-06-27T20:00,20.8,74,13.7,0.0,672.7,-122.1,Kullu Valley,31.9579,77.1095,1279,34.31,252.25
2025-06-27T21:00,22.7,77,23.4,0.0,951.1,-134.5,Kullu Valley,31.9579,77.1095,1279,35.06,260.95
2025-06-27T22:00,19.0,76,52.2,34.78,2475.2,-24.7,Kullu Valley,31.9579,77.1095,1279,57.33,215.38
2025-06-27T23:00,19.4,92,22.3,0.0,1370.7,-45.6,Kullu Valley,31.9579,77.1095,1279,36.85,257.64
2025-06-28T00:00,17.9,84,15.2,0.0,835.9,-138.1,Kullu Valley,31.9579,77.1095,1279,35.43,253.22
2025-06-28T01:00,19.4,81,5.6,0.0,500.7,-66.7,Kullu Valley,31.9579,77.1095,1279,35.16,261.49
2025-06-28T02:00,19.2,88,5.2,0.0,714.8,-141.1,Kullu Valley,31.9579,77.1095,1279,36.23,269.31
2025-06-28T03:00,18.5,88,20.7,0.0,1137.1,-158.8,Kullu Valley,31.9579,77.1095,1279,36.12,263.59
2025-06-28T04:00,18.0,84,15.2,0.28,1227.3,-43.4,Kullu Valley,31.9579,77.1095,1279,35.46,254.29
2025-06-28T05:00,17.7,87,10.2,0.0,313.3,-71.9,Kullu Valley,31.9579,77.1095,1279,35.91,269.81
2025-06-28T06:00,17.1,80,17.7,0.24,267.2,-36.9,Kullu Valley,31.9579,77.1095,1279,34.7,277.55
2025-06-28T07:00,21.6,80,21.8,0.0,793.9,-152.4,Kullu Valley,31.9579,77.1095,1279,35.29,271.17
2025-06-28T08:00,19.2,72,11.2,0.0,760.4,-149.9,Kullu Valley,31.9579,77.1095,1279,33.81,254.01
2025-06-28T09:00,21.8,73,24.8,0.2,355.0,-140.0,Kullu Valley,31.9579,77.1095,1279,34.3,264.54
2025-06-28T10:00,23.2,83,14.1,0.0,299.9,-148.1,Kullu Valley,31.9579,77.1095,1279,36.08,259.15
2025-06-28T11:00,22.1,81,24.2,0.0,502.1,-72.5,Kullu Valley,31.9579,77.1095,1279,35.58,273.0
2025-06-28T12:00,24.7,73,10.0,0.0,1248.6,-27.4,Kullu Valley,31.9579,77.1095,1279,34.78,276.12
2025-06-28T13:00,24.9,79,13.0,0.0,863.5,-140.3,Kullu Valley,31.9579,77.1095,1279,35.61,248.56
2025-06-28T14:00,26.5,71,9.3,0.06,459.7,-132.4,Kullu Valley,31.9579,77.1095,1279,34.61,258.99
2025-06-28T15:00,23.9,70,17.8,0.0,276.7,-69.9,Kullu Valley,31.9579,77.1095,1279,34.18,266.04
2025-06-28T16:00,22.8,71,24.6,0.0,472.1,-83.8,Kullu Valley,31.9579,77.1095,1279,34.25,278.36
2025-06-28T17:00,23.4,71,84.8,21.21,3245.7,-32.9,Kullu Valley,31.9579,77.1095,1279,53.48,216.99
2025-06-28T18:00,23.7,72,27.4,0.0,1262.9,-79.3,Kullu Valley,31.9579,77.1095,1279,34.48,272.09
2025-06-28T19:00,22.8,79,25.9,2.16,1286.7,-42.4,Kullu Valley,31.9579,77.1095,1279,35.39,246.0
2025-06-28T20:00,21.4,77,82.8,16.29,2857.4,-29.4,Kullu Valley,31.9579,77.1095,1279,47.9,216.04
2025-06-28T21:00,18.7,81,8.4,0.0,767.0,-88.8,Kullu Valley,31.9579,77.1095,1279,35.09,245.65
2025-06-28T22:00,20.7,84,25.4,0.0,474.1,-79.2,Kullu Valley,31.9579,77.1095,1279,35.81,264.51
2025-06-28T23:00,21.6,83,14.8,0.0,787.1,-124.5,Kullu Valley,31.9579,77.1095,1279,35.81,248.85
2025-06-29T00:00,19.1,79,66.4,12.93,3552.2,-31.1,Kullu Valley,31.9579,77.1095,1279,51.26,223.16
2025-06-29T01:00,18.7,79,8.3,0.0,1398.0,-45.4,Kullu Valley,31.9579,77.1095,1279,34.77,249.21
2025-06-29T02:00,18.3,85,19.1,0.0,1217.5,-125.3,Kullu Valley,31.9579,77.1095,1279,35.7,260.74
2025-06-29T03:00,18.0,84,19.8,0.0,770.8,-110.3,Kullu Valley,31.9579,77.1095,1279,35.5,264.51
2025-06-29T04:00,18.7,85,15.3,0.0,971.4,-92.8,Kullu Valley,31.9579,77.1095,1279,35.72,268.86
2025-06-29T05:00,18.4,84,59.8,31.62,3074.8,-29.5,Kullu Valley,31.9579,77.1095,1279,55.57,222.63
2025-06-29T06:00,18.1,93,16.9,0.0,416.3,-22.2,Kullu Valley,31.9579,77.1095,1279,36.82,252.37
2025-06-29T07:00,18.3,76,28.0,1.56,286.7,-124.2,Kullu Valley,31.9579,77.1095,1279,34.35,271.53
2025-06-29T08:00,19.8,72,6.3,0.39,938.6,-38.0,Kullu Valley,31.9579,77.1095,1279,33.9,266.78
2025-06-29T09:00,21.4,79,11.6,0.0,262.7,-94.8,Kullu Valley,31.9579,77.1095,1279,35.23,255.54
2025-06-29T10:00,21.5,75,54.2,26.52,3471.0,-27.2,Kullu Valley,31.9579,77.1095,1279,44.64,230.26
2025-06-29T11:00,23.1,76,8.0,0.75,1336.2,-60.8,Kullu Valley,31.9579,77.1095,1279,34.94,252.93
2025-06-29T12:00,24.0,75,17.9,0.0,799.3,-86.5,Kullu Valley,31.9579,77.1095,1279,35.0,248.85
2025-06-29T13:00,25.0,77,23.1,0.0,1155.9,-77.8,Kullu Valley,31.9579,77.1095,1279,35.39,250.3
2025-06-29T14:00,25.9,65,12.2,0.0,453.8,-98.0,Kullu Valley,31.9579,77.1095,1279,33.71,272.55
2025-06-29T15:00,24.6,69,26.8,2.79,1097.7,-51.0,Kullu Valley,31.9579,77.1095,1279,34.08,252.7
2025-06-29T16:00,22.8,73,12.3,0.93,425.8,-49.7,Kullu Valley,31.9579,77.1095,1279,34.47,256.91
2025-06-29T17:00,23.6,75,8.8,0.19,423.2,-147.3,Kullu Valley,31.9579,77.1095,1279,34.89,273.98
2025-06-29T18:00,23.5,82,79.8,15.01,3701.4,-32.3,Kullu Valley,31.9579,77.1095,1279,49.83,223.99
2025-06-29T19:00,20.5,78,12.3,0.0,892.7,-114.7,Kullu Valley,31.9579,77.1095,1279,34.97,271.72
2025-06-29T20:00,23.6,76,23.8,1.67,291.7,-33.4,Kullu Valley,31.9579,77.1095,1279,35.03,262.32
2025-06-29T21:00,21.2,74,16.2,0.0,650.9,-59.5,Kullu Valley,31.9579,77.1095,1279,34.48,275.13
2025-06-29T22:00,20.6,78,10.9,0.0,666.4,-94.4,Kullu Valley,31.9579,77.1095,1279,34.86,276.28
2025-06-29T23:00,20.9,79,9.8,0.15,605.7,-35.0,Kullu Valley,31.9579,77.1095,1279,35.13,269.4
2025-06-30T00:00,17.8,86,77.7,21.27,2333.8,-39.8,Kullu Valley,31.9579,77.1095,1279,41.36,212.83
2025-06-30T01:00,18.7,85,75.6,34.49,2400.4,-31.5,Kullu Valley,31.9579,77.1095,1279,47.19,220.25
2025-06-30T02:00,17.5,79,18.7,0.0,1220.7,-21.2,Kullu Valley,31.9579,77.1095,1279,34.72,246.28
2025-06-30T03:00,17.3,83,11.3,0.37,562.4,-80.5,Kullu Valley,31.9579,77.1095,1279,35.25,263.48
2025-06-30T04:00,16.7,88,7.8,0.0,1219.7,-63.7,Kullu Valley,31.9579,77.1095,1279,35.9,273.61
2025-06-30T05:00,20.0,85,26.7,0.0,1210.9,-74.3,Kullu Valley,31.9579,77.1095,1279,35.94,267.35
2025-06-30T06:00,18.1,85,59.1,64.72,1848.6,-16.7,Kullu Valley,31.9579,77.1095,1279,57.18,212.46
2025-06-30T07:00,20.1,83,15.7,0.08,949.5,-154.8,Kullu Valley,31.9579,77.1095,1279,35.6,274.1
2025-06-30T08:00,17.8,86,8.0,0.0,534.9,-42.6,Kullu Valley,31.9579,77.1095,1279,35.77,259.92
2025-06-30T09:00,22.4,79,18.4,0.06,837.4,-40.5,Kullu Valley,31.9579,77.1095,1279,35.32,249.89
2025-06-30T10:00,23.2,75,80.1,37.84,2424.3,-32.8,Kullu Valley,31.9579,77.1095,1279,48.17,214.29
2025-06-30T11:00,22.9,71,5.3,0.03,504.7,-66.4,Kullu Valley,31.9579,77.1095,1279,34.16,262.51
2025-06-30T12:00,23.2,74,70.6,23.65,2964.8,-45.9,Kullu Valley,31.9579,77.1095,1279,46.43,199.33
2025-06-30T13:00,24.5,62,20.1,0.0,1341.2,-88.0,Kullu Valley,31.9579,77.1095,1279,33.05,261.32
2025-06-30T14:00,27.1,71,64.4,36.69,1818.8,-10.1,Kullu Valley,31.9579,77.1095,1279,62.29,223.76
2025-06-30T15:00,22.4,70,7.8,0.08,863.5,-117.5,Kullu Valley,31.9579,77.1095,1279,34.0,265.89
2025-06-30T16:00,25.3,66,53.1,52.66,2808.5,-22.5,Kullu Valley,31.9579,77.1095,1279,58.12,219.4
2025-06-30T17:00,22.9,68,73.9,97.26,4327.7,-2.1,Kullu Valley,31.9579,77.1095,1279,68.35,210.1
2025-06-30T18:00,23.5,76,9.0,0.0,1083.8,-149.5,Kullu Valley,31.9579,77.1095,1279,35.06,260.64
2025-06-30T19:00,22.5,75,61.1,25.96,2382.1,-29.1,Kullu Valley,31.9579,77.1095,1279,63.23,211.11
2025-06-30T20:00,21.4,77,80.5,25.73,3470.5,-36.6,Kullu Valley,31.9579,77.1095,1279,42.94,211.58
2025-06-30T21:00,21.0,79,9.9,0.0,380.9,-59.0,Kullu Valley,31.9579,77.1095,1279,35.16,248.27
2025-06-30T22:00,18.7,80,25.7,0.84,293.7,-79.8,Kullu Valley,31.9579,77.1095,1279,35.0,263.63
2025-06-30T23:00,20.5,86,6.8,0.0,1144.5,-154.8,Kullu Valley,31.9579,77.1095,1279,36.16,269.75
2025-07-01T00:00,16.4,83,26.5,0.0,620.9,-58.3,Kullu Valley,31.9579,77.1095,1279,35.15,265.21
2025-07-01T01:00,18.6,78,22.5,0.0,1067.3,-155.0,Kullu Valley,31.9579,77.1095,1279,34.69,277.57
2025-07-01T02:00,17.2,91,70.5,12.92,3390.7,-36.6,Kullu Valley,31.9579,77.1095,1279,54.41,222.9
2025-07-01T03:00,16.1,86,24.3,0.0,319.5,-75.5,Kullu Valley,31.9579,77.1095,1279,35.56,248.63
2025-07-01T04:00,17.9,82,20.2,0.0,1019.1,-137.8,Kullu Valley,31.9579,77.1095,1279,35.2,249.64
2025-07-01T05:00,16.1,79,91.6,79.86,3140.8,-5.4,Kullu Valley,31.9579,77.1095,1279,74.83,202.21
2025-07-01T06:00,18.6,85,20.0,0.0,1100.5,-30.2,Kullu Valley,31.9579,77.1095,1279,35.61,248.13
2025-07-01T07:00,17.5,81,16.5,1.07,1299.5,-74.4,Kullu Valley,31.9579,77.1095,1279,34.96,265.87
2025-07-01T08:00,20.6,86,9.8,0.01,505.2,-128.2,Kullu Valley,31.9579,77.1095,1279,36.13,254.29
2025-07-01T09:00,19.9,77,13.1,0.0,379.1,-134.7,Kullu Valley,31.9579,77.1095,1279,34.63,254.66
2025-07-01T10:00,21.4,73,6.5,0.0,617.7,-112.0,Kullu Valley,31.9579,77.1095,1279,34.26,245.55
2025-07-01T11:00,23.1,78,18.2,0.2,1177.8,-144.3,Kullu Valley,31.9579,77.1095,1279,35.28,253.57
2025-07-01T12:00,22.5,77,8.5,0.0,828.8,-38.9,Kullu Valley,31.9579,77.1095,1279,35.01,245.91
2025-07-01T13:00,24.0,73,81.9,92.59,2980.1,-14.0,Kullu Valley,31.9579,77.1095,1279,57.54,205.79
2025-07-01T14:00,22.6,74,63.8,41.24,2624.2,-10.6,Kullu Valley,31.9579,77.1095,1279,65.25,218.85
2025-07-01T15:00,25.3,71,15.9,1.27,1124.6,-155.2,Kullu Valley,31.9579,77.1095,1279,34.48,263.0
2025-07-01T16:00,26.5,72,17.5,0.0,589.5,-131.8,Kullu Valley,31.9579,77.1095,1279,34.85,252.37
2025-07-01T17:00,27.4,77,68.8,16.31,3211.8,-30.8,Kullu Valley,31.9579,77.1095,1279,45.93,221.52
2025-07-01T18:00,23.6,76,15.5,0.2,1366.6,-50.1,Kullu Valley,31.9579,77.1095,1279,34.97,251.54
2025-07-01T19:00,23.7,74,60.1,78.88,2874.4,-12.1,Kullu Valley,31.9579,77.1095,1279,67.69,200.38
2025-07-01T20:00,19.8,82,58.7,18.98,3302.2,-41.3,Kullu Valley,31.9579,77.1095,1279,55.19,229.7
2025-07-01T21:00,22.8,69,23.8,0.0,556.0,-98.8,Kullu Valley,31.9579,77.1095,1279,33.8,253.73
2025-07-01T22:00,21.0,88,11.5,0.0,923.3,-46.2,Kullu Valley,31.9579,77.1095,1279,36.46,263.97
2025-07-01T23:00,18.7,75,64.2,31.84,2047.3,-38.2,Kullu Valley,31.9579,77.1095,1279,45.94,210.92
2025-07-02T00:00,20.0,80,11.4,0.0,1028.7,-36.0,Kullu Valley,31.9579,77.1095,1279,35.21,267.99
2025-07-02T01:00,17.7,84,12.1,0.0,720.3,-85.4,Kullu Valley,31.9579,77.1095,1279,35.4,269.67
2025-07-02T02:00,17.1,84,21.2,0.0,1024.2,-99.5,Kullu Valley,31.9579,77.1095,1279,35.35,257.23
2025-07-02T03:00,18.1,89,11.6,0.0,813.6,-109.1,Kullu Valley,31.9579,77.1095,1279,36.2,268.1
2025-07-02T04:00,16.3,81,8.9,1.07,967.3,-142.2,Kullu Valley,31.9579,77.1095,1279,34.72,259.33
2025-07-02T05:00,19.2,85,7.5,0.0,928.2,-140.5,Kullu Valley,31.9579,77.1095,1279,35.78,245.54
2025-07-02T06:00,17.3,81,12.1,0.11,283.5,-89.5,Kullu Valley,31.9579,77.1095,1279,34.86,261.54
2025-07-02T07:00,18.0,83,23.8,1.25,1129.0,-24.3,Kullu Valley,31.9579,77.1095,1279,35.26,268.55
2025-07-02T08:00,19.0,80,7.2,0.0,903.6,-30.8,Kullu Valley,31.9579,77.1095,1279,34.94,254.03
2025-07-02T09:00,21.9,78,15.6,0.21,616.6,-98.7,Kullu Valley,31.9579,77.1095,1279,35.16,260.17
2025-07-02T10:00,21.2,74,23.7,0.0,704.1,-28.6,Kullu Valley,31.9579,77.1095,1279,34.41,262.13
2025-07-02T11:00,21.1,72,18.0,0.0,384.4,-127.0,Kullu Valley,31.9579,77.1095,1279,34.17,270.34
2025-07-02T12:00,22.7,74,19.8,0.0,1120.0,-133.7,Kullu Valley,31.9579,77.1095,1279,34.65,273.46
2025-07-02T13:00,24.0,76,27.1,0.0,1311.2,-23.3,Kullu Valley,31.9579,77.1095,1279,35.05,246.8
2025-07-02T14:00,23.0,69,8.6,0.0,666.6,-36.7,Kullu Valley,31.9579,77.1095,1279,33.87,247.82
2025-07-02T15:00,23.1,68,16.9,0.0,1041.8,-158.1,Kullu Valley,31.9579,77.1095,1279,33.69,260.45
2025-07-02T16:00,26.9,74,7.2,0.0,821.3,-21.2,Kullu Valley,31.9579,77.1095,1279,35.14,245.06
2025-07-02T17:00,23.0,72,27.4,0.19,445.9,-145.3,Kullu Valley,31.9579,77.1095,1279,34.33,277.5
2025-07-02T18:00,23.1,76,24.6,0.0,410.5,-132.9,Kullu Valley,31.9579,77.1095,1279,35.02,276.1
2025-07-02T19:00,22.3,71,14.8,0.06,317.1,-25.6,Kullu Valley,31.9579,77.1095,1279,34.09,271.36
2025-07-02T20:00,21.4,69,26.1,0.0,776.0,-135.8,Kullu Valley,31.9579,77.1095,1279,33.7,273.6
2025-07-02T21:00,21.7,76,24.1,0.0,382.0,-31.5,Kullu Valley,31.9579,77.1095,1279,34.77,260.11
2025-07-02T22:00,21.2,77,6.4,0.22,1075.6,-49.3,Kullu Valley,31.9579,77.1095,1279,34.83,278.21
2025-07-02T23:00,18.9,81,9.4,0.0,706.8,-44.1,Kullu Valley,31.9579,77.1095,1279,35.16,257.54
2025-07-03T00:00,17.0,80,25.5,0.0,786.8,-131.7,Kullu Valley,31.9579,77.1095,1279,34.8,264.91
2025-07-03T01:00,19.5,87,6.6,0.9,1001.1,-82.9,Kullu Valley,31.9579,77.1095,1279,36.1,269.13
2025-07-03T02:00,17.5,84,6.5,0.85,1121.6,-21.8,Kullu Valley,31.9579,77.1095,1279,35.33,252.6
2025-07-03T03:00,19.6,86,8.6,0.0,205.4,-90.2,Kullu Valley,31.9579,77.1095,1279,35.91,269.67
2025-07-03T04:00,14.9,85,8.4,0.0,417.6,-86.6,Kullu Valley,31.9579,77.1095,1279,35.24,267.87
2025-07-03T05:00,18.2,85,20.0,0.0,486.4,-51.7,Kullu Valley,31.9579,77.1095,1279,35.61,258.83
2025-07-03T06:00,20.8,83,25.2,0.0,1063.1,-37.7,Kullu Valley,31.9579,77.1095,1279,35.68,246.71
2025-07-03T07:00,18.8,84,27.7,0.32,226.6,-108.0,Kullu Valley,31.9579,77.1095,1279,35.5,265.38
2025-07-03T08:00,19.8,77,8.0,0.0,556.2,-41.3,Kullu Valley,31.9579,77.1095,1279,34.62,249.83
2025-07-03T09:00,21.4,84,27.7,0.0,568.0,-154.6,Kullu Valley,31.9579,77.1095,1279,35.86,265.25
2025-07-03T10:00,21.2,75,26.7,0.03,589.5,-45.6,Kullu Valley,31.9579,77.1095,1279,34.6,250.01
2025-07-03T11:00,22.4,69,8.0,0.0,708.2,-46.1,Kullu Valley,31.9579,77.1095,1279,33.86,257.74
2025-07-03T12:00,23.1,74,27.6,0.0,622.3,-33.2,Kullu Valley,31.9579,77.1095,1279,34.64,259.98
2025-07-03T13:00,23.3,69,20.2,0.05,1211.8,-153.3,Kullu Valley,31.9579,77.1095,1279,33.87,272.65
2025-07-03T14:00,25.9,74,22.9,0.74,1387.1,-127.7,Kullu Valley,31.9579,77.1095,1279,35.03,278.67
2025-07-03T15:00,25.1,80,24.4,0.0,827.8,-149.4,Kullu Valley,31.9579,77.1095,1279,35.81,273.88
2025-07-03T16:00,24.7,68,11.9,0.0,242.8,-151.0,Kullu Valley,31.9579,77.1095,1279,33.99,265.51
2025-07-03T17:00,25.0,73,13.4,0.0,1203.8,-134.0,Kullu Valley,31.9579,77.1095,1279,34.82,267.58
2025-07-03T18:00,23.2,66,70.4,34.62,2216.8,-36.7,Kullu Valley,31.9579,77.1095,1279,45.71,217.34
2025-07-03T19:00,21.8,76,18.7,0.0,975.0,-62.5,Kullu Valley,31.9579,77.1095,1279,34.84,276.46
2025-07-03T20:00,21.2,73,20.6,0.0,719.0,-37.1,Kullu Valley,31.9579,77.1095,1279,34.21,247.76
2025-07-03T21:00,21.0,76,6.3,0.0,332.1,-105.4,Kullu Valley,31.9579,77.1095,1279,34.61,260.52
2025-07-03T22:00,18.8,75,8.1,0.0,1193.3,-108.5,Kullu Valley,31.9579,77.1095,1279,34.3,264.49
2025-07-03T23:00,18.6,84,12.9,0.0,959.9,-45.7,Kullu Valley,31.9579,77.1095,1279,35.61,245.31
2025-07-04T00:00,17.9,87,13.0,0.0,790.6,-67.4,Kullu Valley,31.9579,77.1095,1279,35.88,260.93
2025-07-04T01:00,20.5,84,63.7,15.35,2907.4,-32.9,Kullu Valley,31.9579,77.1095,1279,49.45,221.45
2025-07-04T02:00,14.3,81,16.4,0.0,618.4,-76.0,Kullu Valley,31.9579,77.1095,1279,34.56,276.29
2025-07-04T03:00,17.3,91,27.3,0.0,1264.1,-43.7,Kullu Valley,31.9579,77.1095,1279,36.42,261.56
2025-07-04T04:00,19.7,82,22.7,0.89,434.0,-36.0,Kullu Valley,31.9579,77.1095,1279,35.36,270.91
2025-07-04T05:00,18.1,75,12.2,0.53,248.1,-158.0,Kullu Valley,31.9579,77.1095,1279,34.21,256.92
2025-07-04T06:00,19.4,85,24.8,0.0,1266.9,-159.1,Kullu Valley,31.9579,77.1095,1279,35.77,248.03
2025-07-04T07:00,19.4,77,9.9,0.0,1297.8,-156.3,Kullu Valley,31.9579,77.1095,1279,34.63,254.18
2025-07-04T08:00,19.3,84,14.3,0.0,216.3,-77.7,Kullu Valley,31.9579,77.1095,1279,35.6,247.57
2025-07-04T09:00,18.3,76,22.2,0.0,451.7,-66.0,Kullu Valley,31.9579,77.1095,1279,34.39,275.45
2025-07-04T10:00,22.2,79,15.2,0.0,1058.8,-74.7,Kullu Valley,31.9579,77.1095,1279,35.23,271.81
2025-07-04T11:00,21.8,80,17.1,0.0,1098.3,-146.3,Kullu Valley,31.9579,77.1095,1279,35.41,246.74
2025-07-04T12:00,22.5,68,19.5,0.85,1262.3,-70.6,Kullu Valley,31.9579,77.1095,1279,33.72,277.64
2025-07-04T13:00,23.4,70,82.7,12.29,3574.3,-17.7,Kullu Valley,31.9579,77.1095,1279,46.46,233.2
2025-07-04T14:00,26.5,71,14.8,0.0,571.0,-72.5,Kullu Valley,31.9579,77.1095,1279,34.66,261.42
2025-07-04T15:00,27.4,77,15.1,0.0,758.7,-118.2,Kullu Valley,31.9579,77.1095,1279,35.72,270.15
2025-07-04T16:00,24.6,69,10.3,0.0,1127.5,-109.3,Kullu Valley,31.9579,77.1095,1279,34.06,265.58
2025-07-04T17:00,23.5,70,15.9,0.25,1303.5,-111.5,Kullu Valley,31.9579,77.1095,1279,34.05,254.74
2025-07-04T18:00,22.1,75,18.0,2.07,1015.6,-125.6,Kullu Valley,31.9579,77.1095,1279,34.67,251.09
2025-07-04T19:00,23.3,72,17.7,0.0,1380.4,-99.9,Kullu Valley,31.9579,77.1095,1279,34.43,260.49
2025-07-04T20:00,24.0,77,18.8,0.0,750.1,-138.8,Kullu Valley,31.9579,77.1095,1279,35.22,271.55
2025-07-04T21:00,20.7,72,14.8,0.0,617.3,-115.2,Kullu Valley,31.9579,77.1095,1279,34.02,254.21
2025-07-04T22:00,17.2,89,15.0,0.0,1260.5,-117.9,Kullu Valley,31.9579,77.1095,1279,36.03,256.96
2025-07-04T23:00,20.1,76,9.7,0.0,397.2,-38.3,Kullu Valley,31.9579,77.1095,1279,34.57,251.29
2025-07-05T00:00,19.7,82,14.7,0.09,1388.5,-143.1,Kullu Valley,31.9579,77.1095,1279,35.35,246.6
2025-07-05T01:00,16.1,84,20.6,0.0,911.2,-150.4,Kullu Valley,31.9579,77.1095,1279,35.18,275.66
2025-07-05T02:00,17.8,92,7.4,0.0,340.1,-78.2,Kullu Valley,31.9579,77.1095,1279,36.65,251.53
2025-07-05T03:00,18.0,80,16.7,0.0,220.6,-61.0,Kullu Valley,31.9579,77.1095,1279,34.83,259.84
2025-07-05T04:00,17.5,93,16.2,0.15,894.6,-93.1,Kullu Valley,31.9579,77.1095,1279,36.65,245.31
2025-07-05T05:00,17.0,87,25.7,0.0,224.7,-156.8,Kullu Valley,31.9579,77.1095,1279,35.77,247.33
2025-07-05T06:00,19.7,85,12.5,0.0,1015.2,-39.7,Kullu Valley,31.9579,77.1095,1279,35.79,260.53
2025-07-05T07:00,18.8,78,9.4,0.0,254.2,-111.5,Kullu Valley,31.9579,77.1095,1279,34.61,255.99
2025-07-05T08:00,18.3,82,24.9,0.0,578.3,-91.8,Kullu Valley,31.9579,77.1095,1279,35.22,253.62
2025-07-05T09:00,18.5,75,13.6,1.8,1102.2,-22.5,Kullu Valley,31.9579,77.1095,1279,34.22,254.38
2025-07-05T10:00,23.4,81,11.9,0.07,791.0,-109.7,Kullu Valley,31.9579,77.1095,1279,35.79,259.49
2025-07-05T11:00,23.5,71,5.5,0.0,1278.9,-121.2,Kullu Valley,31.9579,77.1095,1279,34.21,246.02
2025-07-05T12:00,23.6,73,11.3,0.0,731.6,-62.3,Kullu Valley,31.9579,77.1095,1279,34.52,279.53
2025-07-05T13:00,23.5,70,24.7,0.0,404.3,-48.4,Kullu Valley,31.9579,77.1095,1279,34.08,277.14
2025-07-05T14:00,23.7,67,25.2,0.0,451.0,-107.7,Kullu Valley,31.9579,77.1095,1279,33.74,247.84
2025-07-05T15:00,23.2,74,6.0,0.0,1135.7,-36.4,Kullu Valley,31.9579,77.1095,1279,34.68,259.16
2025-07-05T16:00,23.9,73,6.1,0.0,871.3,-150.6,Kullu Valley,31.9579,77.1095,1279,34.68,255.71
2025-07-05T17:00,21.5,77,24.4,0.59,1349.4,-42.1,Kullu Valley,31.9579,77.1095,1279,34.87,258.72
2025-07-05T18:00,22.6,66,9.0,0.0,540.8,-37.4,Kullu Valley,31.9579,77.1095,1279,33.38,277.26
2025-07-05T19:00,22.4,79,13.9,0.0,643.5,-69.4,Kullu Valley,31.9579,77.1095,1279,35.28,268.4
2025-07-05T20:00,22.6,86,23.0,0.0,1169.2,-155.3,Kullu Valley,31.9579,77.1095,1279,36.42,267.26
2025-07-05T21:00,21.0,76,27.0,0.3,1385.7,-81.4,Kullu Valley,31.9579,77.1095,1279,34.71,247.32
2025-07-05T22:00,21.0,87,11.3,0.0,614.6,-72.1,Kullu Valley,31.9579,77.1095,1279,36.37,266.34
2025-07-05T23:00,20.9,80,7.5,0.51,329.6,-94.9,Kullu Valley,31.9579,77.1095,1279,35.33,264.44
2025-07-06T00:00,19.8,77,9.3,0.0,573.7,-132.0,Kullu Valley,31.9579,77.1095,1279,34.74,263.31
2025-07-06T01:00,18.5,83,10.7,1.52,604.9,-111.8,Kullu Valley,31.9579,77.1095,1279,35.36,277.38
2025-07-06T02:00,17.6,89,14.4,0.0,1342.5,-137.9,Kullu Valley,31.9579,77.1095,1279,36.13,265.77
2025-07-06T03:00,16.3,82,24.0,0.41,561.7,-42.3,Kullu Valley,31.9579,77.1095,1279,34.88,249.93
2025-07-06T04:00,18.5,82,14.2,0.43,1013.1,-25.4,Kullu Valley,31.9579,77.1095,1279,35.29,264.89
2025-07-06T05:00,20.0,86,17.4,0.32,1054.8,-87.8,Kullu Valley,31.9579,77.1095,1279,36.08,252.86
2025-07-06T06:00,18.9,83,21.9,1.93,1373.6,-136.2,Kullu Valley,31.9579,77.1095,1279,35.43,268.07
2025-07-06T07:00,21.6,84,13.9,1.32,950.8,-73.9,Kullu Valley,31.9579,77.1095,1279,35.92,249.66
2025-07-06T08:00,18.3,81,21.4,0.0,844.4,-63.2,Kullu Valley,31.9579,77.1095,1279,35.02,260.91
2025-07-06T09:00,19.6,80,14.0,0.15,849.0,-51.5,Kullu Valley,31.9579,77.1095,1279,35.08,279.1
2025-07-06T10:00,22.9,74,10.3,0.0,940.3,-129.1,Kullu Valley,31.9579,77.1095,1279,34.72,264.84
2025-07-06T11:00,23.1,75,7.3,0.0,357.2,-68.0,Kullu Valley,31.9579,77.1095,1279,34.88,268.65
2025-07-06T12:00,25.1,69,11.8,0.15,1395.3,-74.2,Kullu Valley,31.9579,77.1095,1279,34.23,276.7
2025-07-06T13:00,24.0,77,23.9,0.0,1189.5,-134.3,Kullu Valley,31.9579,77.1095,1279,35.26,272.8
2025-07-06T14:00,23.3,69,26.4,0.0,781.8,-144.7,Kullu Valley,31.9579,77.1095,1279,33.9,255.39
2025-07-06T15:00,24.2,76,16.8,0.8,522.7,-77.4,Kullu Valley,31.9579,77.1095,1279,35.05,269.84
2025-07-06T16:00,22.5,70,10.7,0.0,1264.0,-113.2,Kullu Valley,31.9579,77.1095,1279,34.04,267.66
2025-07-06T17:00,22.7,73,18.7,0.0,1270.2,-64.2,Kullu Valley,31.9579,77.1095,1279,34.42,252.54
2025-07-06T18:00,24.6,71,16.6,0.0,1043.8,-69.7,Kullu Valley,31.9579,77.1095,1279,34.43,276.24
2025-07-06T19:00,23.8,70,14.0,0.0,700.8,-140.7,Kullu Valley,31.9579,77.1095,1279,34.23,252.45
2025-07-06T20:00,22.3,69,63.5,16.47,2268.5,-33.7,Kullu Valley,31.9579,77.1095,1279,50.64,217.48
2025-07-06T21:00,18.9,74,19.0,0.0,661.2,-123.4,Kullu Valley,31.9579,77.1095,1279,34.07,272.1
2025-07-06T22:00,19.7,79,9.6,0.0,1023.5,-24.8,Kullu Valley,31.9579,77.1095,1279,34.88,273.66
2025-07-06T23:00,17.8,82,6.7,1.52,703.8,-144.6,Kullu Valley,31.9579,77.1095,1279,35.18,260.31
2025-07-07T00:00,19.9,87,6.7,0.0,761.5,-33.0,Kullu Valley,31.9579,77.1095,1279,36.16,272.68
2025-07-07T01:00,17.3,82,8.2,0.0,392.2,-21.1,Kullu Valley,31.9579,77.1095,1279,35.1,259.81
2025-07-07T02:00,16.3,81,39.0,62.71,2208.7,-18.6,Kullu Valley,31.9579,77.1095,1279,54.99,219.92
2025-07-07T03:00,17.5,79,79.4,27.82,2588.2,-19.1,Kullu Valley,31.9579,77.1095,1279,52.49,205.28
2025-07-07T04:00,16.9,87,16.8,0.0,1288.7,-148.9,Kullu Valley,31.9579,77.1095,1279,35.69,263.73
2025-07-07T05:00,19.7,90,7.9,0.0,749.5,-37.9,Kullu Valley,31.9579,77.1095,1279,36.51,260.14
2025-07-07T06:00,17.6,88,22.8,0.27,605.3,-30.0,Kullu Valley,31.9579,77.1095,1279,35.99,278.02
2025-07-07T07:00,17.6,84,12.9,0.0,782.4,-48.2,Kullu Valley,31.9579,77.1095,1279,35.45,249.35
2025-07-07T08:00,17.5,82,11.9,0.0,259.0,-81.8,Kullu Valley,31.9579,77.1095,1279,35.15,260.82
2025-07-07T09:00,21.0,85,58.6,34.67,3021.4,-13.3,Kullu Valley,31.9579,77.1095,1279,52.39,224.61
2025-07-07T10:00,21.2,78,8.6,0.0,682.2,-151.4,Kullu Valley,31.9579,77.1095,1279,34.94,266.26
2025-07-07T11:00,21.0,77,25.4,0.78,1005.8,-137.9,Kullu Valley,31.9579,77.1095,1279,34.85,253.76
2025-07-07T12:00,24.9,72,60.4,23.6,2816.9,-22.2,Kullu Valley,31.9579,77.1095,1279,51.13,212.82
2025-07-07T13:00,24.8,66,23.2,0.66,649.1,-126.5,Kullu Valley,31.9579,77.1095,1279,33.76,260.85
2025-07-07T14:00,24.3,69,14.2,0.63,1327.1,-101.2,Kullu Valley,31.9579,77.1095,1279,34.0,253.31
2025-07-07T15:00,26.1,71,37.9,32.42,2151.5,-17.5,Kullu Valley,31.9579,77.1095,1279,63.44,220.13
2025-07-07T16:00,25.2,71,69.7,35.61,2739.5,-28.9,Kullu Valley,31.9579,77.1095,1279,63.85,220.87
2025-07-07T17:00,23.0,80,82.5,64.07,4327.8,-7.7,Kullu Valley,31.9579,77.1095,1279,71.25,198.28
2025-07-07T18:00,22.2,73,25.3,0.0,300.5,-128.2,Kullu Valley,31.9579,77.1095,1279,34.46,248.5
2025-07-07T19:00,23.7,79,77.3,37.59,3374.5,-29.2,Kullu Valley,31.9579,77.1095,1279,50.84,212.56
2025-07-07T20:00,22.4,74,35.3,32.55,3029.0,-29.3,Kullu Valley,31.9579,77.1095,1279,55.45,222.48
2025-07-07T21:00,21.2,77,22.6,0.0,279.1,-85.6,Kullu Valley,31.9579,77.1095,1279,34.83,268.19
2025-07-07T22:00,19.1,74,9.0,0.0,847.5,-27.3,Kullu Valley,31.9579,77.1095,1279,34.2,271.0
2025-07-07T23:00,20.0,79,7.5,0.0,1238.8,-41.1,Kullu Valley,31.9579,77.1095,1279,34.92,245.45
2025-07-08T00:00,17.6,85,21.0,0.0,431.6,-132.3,Kullu Valley,31.9579,77.1095,1279,35.56,271.37
2025-07-08T01:00,17.8,84,70.9,16.08,2338.3,-36.5,Kullu Valley,31.9579,77.1095,1279,40.45,216.64
2025-07-08T02:00,19.4,89,87.1,20.29,3324.4,-35.0,Kullu Valley,31.9579,77.1095,1279,53.88,207.48
2025-07-08T03:00,16.7,86,18.9,0.0,351.0,-82.6,Kullu Valley,31.9579,77.1095,1279,35.53,264.95
2025-07-08T04:00,15.7,83,58.4,26.07,2630.0,-17.3,Kullu Valley,31.9579,77.1095,1279,55.46,220.06
2025-07-08T05:00,16.7,93,24.9,0.04,269.2,-46.1,Kullu Valley,31.9579,77.1095,1279,36.53,264.62
2025-07-08T06:00,19.7,83,22.1,0.01,899.6,-40.6,Kullu Valley,31.9579,77.1095,1279,35.48,271.79
2025-07-08T07:00,19.6,86,63.1,14.57,3582.6,-13.8,Kullu Valley,31.9579,77.1095,1279,49.1,218.53
2025-07-08T08:00,19.9,78,26.9,0.0,624.6,-51.3,Kullu Valley,31.9579,77.1095,1279,34.87,267.48
2025-07-08T09:00,20.4,81,27.2,0.0,1090.9,-89.7,Kullu Valley,31.9579,77.1095,1279,35.32,276.42
2025-07-08T10:00,22.5,80,26.5,0.07,994.7,-76.5,Kullu Valley,31.9579,77.1095,1279,35.47,256.09
2025-07-08T11:00,21.7,75,48.1,28.1,2763.8,-10.7,Kullu Valley,31.9579,77.1095,1279,50.63,211.07
2025-07-08T12:00,23.8,64,16.3,0.0,976.7,-72.3,Kullu Valley,31.9579,77.1095,1279,33.19,271.0
2025-07-08T13:00,23.2,72,59.0,15.66,2906.4,-28.5,Kullu Valley,31.9579,77.1095,1279,51.19,224.86
2025-07-08T14:00,23.3,76,74.3,101.37,4364.5,-5.8,Kullu Valley,31.9579,77.1095,1279,63.05,211.97
2025-07-08T15:00,23.7,73,22.7,0.0,1311.6,-31.9,Kullu Valley,31.9579,77.1095,1279,34.62,254.49
2025-07-08T16:00,23.9,73,66.9,27.77,3162.1,-33.0,Kullu Valley,31.9579,77.1095,1279,40.17,211.47
2025-07-08T17:00,24.0,65,48.3,57.72,1902.8,-12.1,Kullu Valley,31.9579,77.1095,1279,54.37,214.47
2025-07-08T18:00,23.8,70,17.0,0.0,442.7,-96.0,Kullu Valley,31.9579,77.1095,1279,34.18,267.29
2025-07-08T19:00,18.3,76,39.2,62.37,2661.5,-29.9,Kullu Valley,31.9579,77.1095,1279,53.2,219.84
2025-07-08T20:00,20.9,78,56.9,21.35,3042.4,-28.9,Kullu Valley,31.9579,77.1095,1279,57.77,216.95
2025-07-08T21:00,20.5,83,5.1,0.0,1326.7,-159.0,Kullu Valley,31.9579,77.1095,1279,35.64,278.57
2025-07-08T22:00,21.9,79,48.6,64.93,2563.4,-15.6,Kullu Valley,31.9579,77.1095,1279,59.45,219.96
2025-07-08T23:00,18.0,83,27.7,0.32,1354.1,-157.1,Kullu Valley,31.9579,77.1095,1279,35.32,272.76
2025-07-09T00:00,18.7,83,6.5,1.83,1294.5,-119.8,Kullu Valley,31.9579,77.1095,1279,35.41,259.8
2025-07-09T01:00,19.8,80,12.3,0.0,382.3,-65.7,Kullu Valley,31.9579,77.1095,1279,35.13,265.39
2025-07-09T02:00,16.0,76,18.0,0.0,1004.9,-70.8,Kullu Valley,31.9579,77.1095,1279,33.98,277.75
2025-07-09T03:00,18.0,87,12.3,0.0,984.4,-137.4,Kullu Valley,31.9579,77.1095,1279,35.85,277.78
2025-07-09T04:00,16.7,85,14.1,1.49,1086.0,-131.3,Kullu Valley,31.9579,77.1095,1279,35.48,259.33
2025-07-09T05:00,17.4,82,13.2,0.0,1137.0,-107.2,Kullu Valley,31.9579,77.1095,1279,35.02,250.4
2025-07-09T06:00,17.6,76,17.4,0.0,938.4,-72.5,Kullu Valley,31.9579,77.1095,1279,34.29,258.79
2025-07-09T07:00,18.4,84,12.9,0.0,682.1,-87.3,Kullu Valley,31.9579,77.1095,1279,35.51,279.1
2025-07-09T08:00,23.4,79,20.9,0.0,1273.1,-138.5,Kullu Valley,31.9579,77.1095,1279,35.41,253.46
2025-07-09T09:00,22.0,80,19.6,1.26,618.8,-136.5,Kullu Valley,31.9579,77.1095,1279,35.45,256.15
2025-07-09T10:00,23.2,84,12.7,0.0,857.0,-68.8,Kullu Valley,31.9579,77.1095,1279,36.12,260.2
2025-07-09T11:00,23.3,66,11.6,0.02,430.4,-95.2,Kullu Valley,31.9579,77.1095,1279,33.48,254.76
2025-07-09T12:00,21.5,70,13.5,0.0,689.0,-87.9,Kullu Valley,31.9579,77.1095,1279,33.9,268.42
2025-07-09T13:00,24.5,71,12.9,0.0,1377.2,-22.8,Kullu Valley,31.9579,77.1095,1279,34.42,264.13
2025-07-09T14:00,25.7,77,15.7,0.0,966.7,-46.7,Kullu Valley,31.9579,77.1095,1279,35.48,276.95
2025-07-09T15:00,23.5,64,12.8,0.0,219.6,-80.5,Kullu Valley,31.9579,77.1095,1279,33.27,257.44
2025-07-09T16:00,25.5,79,56.4,26.31,3351.7,-39.2,Kullu Valley,31.9579,77.1095,1279,50.32,226.28
2025-07-09T17:00,24.9,72,55.9,26.38,2420.5,-33.5,Kullu Valley,31.9579,77.1095,1279,59.67,225.64
2025-07-09T18:00,25.7,73,18.2,1.05,839.8,-86.9,Kullu Valley,31.9579,77.1095,1279,34.82,268.58
2025-07-09T19:00,22.2,74,8.4,0.0,1070.9,-50.0,Kullu Valley,31.9579,77.1095,1279,34.51,272.38
2025-07-09T20:00,20.6,74,14.1,0.0,536.1,-137.2,Kullu Valley,31.9579,77.1095,1279,34.4,267.55
2025-07-09T21:00,20.6,82,26.2,0.53,461.3,-117.1,Kullu Valley,31.9579,77.1095,1279,35.54,269.76
2025-07-09T22:00,21.8,76,13.6,0.0,1195.0,-120.3,Kullu Valley,31.9579,77.1095,1279,34.73,246.14
2025-07-09T23:00,17.1,83,11.6,0.0,583.2,-40.2,Kullu Valley,31.9579,77.1095,1279,35.16,264.35
2025-07-10T00:00,16.0,81,7.7,0.0,1142.6,-88.3,Kullu Valley,31.9579,77.1095,1279,34.81,252.58
2025-07-10T01:00,18.1,81,24.7,0.0,983.4,-52.5,Kullu Valley,31.9579,77.1095,1279,35.03,260.28
2025-07-10T02:00,17.1,95,17.8,0.0,627.5,-37.4,Kullu Valley,31.9579,77.1095,1279,36.94,246.75
2025-07-10T03:00,17.5,87,8.0,0.0,617.1,-26.1,Kullu Valley,31.9579,77.1095,1279,35.78,259.02
2025-07-10T04:00,18.8,87,19.2,0.0,951.6,-82.4,Kullu Valley,31.9579,77.1095,1279,36.03,248.21
2025-07-10T05:00,17.3,89,5.9,0.04,996.8,-147.7,Kullu Valley,31.9579,77.1095,1279,36.03,261.12
2025-07-10T06:00,16.3,77,27.0,0.38,670.2,-71.2,Kullu Valley,31.9579,77.1095,1279,34.23,264.0
2025-07-10T07:00,21.7,89,5.8,0.0,896.5,-117.1,Kullu Valley,31.9579,77.1095,1279,36.62,274.03
2025-07-10T08:00,18.9,70,27.9,0.0,1339.2,-21.6,Kullu Valley,31.9579,77.1095,1279,33.47,252.05
2025-07-10T09:00,19.7,75,9.4,0.0,399.7,-145.2,Kullu Valley,31.9579,77.1095,1279,34.35,253.09
2025-07-10T10:00,23.2,74,25.9,0.83,1043.4,-127.6,Kullu Valley,31.9579,77.1095,1279,34.74,258.2
2025-07-10T11:00,22.3,77,23.2,0.0,639.4,-105.5,Kullu Valley,31.9579,77.1095,1279,34.98,276.85
2025-07-10T12:00,23.4,74,25.3,0.0,983.3,-93.7,Kullu Valley,31.9579,77.1095,1279,34.7,251.45
2025-07-10T13:00,24.6,71,13.9,0.0,1006.9,-88.4,Kullu Valley,31.9579,77.1095,1279,34.46,248.12
2025-07-10T14:00,25.7,71,17.4,0.47,208.6,-45.4,Kullu Valley,31.9579,77.1095,1279,34.59,256.57
2025-07-10T15:00,24.1,67,15.6,0.0,629.2,-125.2,Kullu Valley,31.9579,77.1095,1279,33.76,266.72
2025-07-10T16:00,26.2,65,10.4,0.0,945.1,-79.6,Kullu Valley,31.9579,77.1095,1279,33.75,276.13
2025-07-10T17:00,21.5,75,10.3,0.0,1263.3,-71.1,Kullu Valley,31.9579,77.1095,1279,34.58,267.67
2025-07-10T18:00,24.4,76,19.7,0.0,1240.4,-34.7,Kullu Valley,31.9579,77.1095,1279,35.12,257.47
2025-07-10T19:00,21.7,81,11.7,1.02,833.6,-60.4,Kullu Valley,31.9579,77.1095,1279,35.5,273.51
2025-07-10T20:00,23.6,73,10.3,0.0,273.6,-146.6,Kullu Valley,31.9579,77.1095,1279,34.58,272.65
2025-07-10T21:00,21.2,81,23.1,0.0,1381.3,-139.6,Kullu Valley,31.9579,77.1095,1279,35.42,277.56
2025-07-10T22:00,19.3,79,26.2,0.2,449.7,-41.2,Kullu Valley,31.9579,77.1095,1279,34.85,264.13
2025-07-10T23:00,20.0,86,13.5,0.73,916.5,-88.5,Kullu Valley,31.9579,77.1095,1279,36.07,268.3
2025-07-11T00:00,19.6,87,22.6,0.33,490.9,-43.6,Kullu Valley,31.9579,77.1095,1279,36.12,258.8
2025-07-11T01:00,18.7,85,23.4,0.0,764.5,-61.3,Kullu Valley,31.9579,77.1095,1279,35.69,270.87
2025-07-11T02:00,16.4,83,18.6,0.0,793.7,-46.1,Kullu Valley,31.9579,77.1095,1279,35.15,277.51
2025-07-11T03:00,16.9,89,6.7,0.35,1345.2,-123.3,Kullu Valley,31.9579,77.1095,1279,36.01,270.7
2025-07-11T04:00,17.6,87,6.1,0.0,1351.6,-34.0,Kullu Valley,31.9579,77.1095,1279,35.89,261.88
2025-07-11T05:00,17.9,81,24.8,0.42,1293.3,-75.8,Kullu Valley,31.9579,77.1095,1279,35.05,267.19
2025-07-11T06:00,19.4,78,6.5,0.0,290.9,-21.8,Kullu Valley,31.9579,77.1095,1279,34.72,266.31
2025-07-11T07:00,16.8,80,55.5,19.85,2665.7,-14.5,Kullu Valley,31.9579,77.1095,1279,57.49,229.94
2025-07-11T08:00,20.5,86,9.8,0.69,913.0,-132.2,Kullu Valley,31.9579,77.1095,1279,36.07,254.26
2025-07-11T09:00,20.7,83,11.2,0.0,863.2,-98.9,Kullu Valley,31.9579,77.1095,1279,35.61,270.75
2025-07-11T10:00,20.9,72,28.0,0.0,570.6,-96.5,Kullu Valley,31.9579,77.1095,1279,34.03,269.59
2025-07-11T11:00,21.9,70,15.7,0.0,1211.1,-132.8,Kullu Valley,31.9579,77.1095,1279,33.87,270.59
2025-07-11T12:00,23.2,78,14.9,0.0,1251.5,-143.7,Kullu Valley,31.9579,77.1095,1279,35.31,248.8
2025-07-11T13:00,19.7,67,18.0,0.0,1013.6,-77.0,Kullu Valley,31.9579,77.1095,1279,33.22,245.91
2025-07-11T14:00,23.5,73,25.6,0.0,1103.0,-84.5,Kullu Valley,31.9579,77.1095,1279,34.62,260.02
2025-07-11T15:00,23.4,69,9.5,0.0,1327.0,-133.3,Kullu Valley,31.9579,77.1095,1279,33.89,273.72
2025-07-11T16:00,25.0,78,83.9,30.57,3539.4,-17.0,Kullu Valley,31.9579,77.1095,1279,47.22,215.84
2025-07-11T17:00,23.1,69,21.5,0.0,778.3,-60.9,Kullu Valley,31.9579,77.1095,1279,33.89,265.9
2025-07-11T18:00,23.2,78,15.6,0.3,820.4,-40.2,Kullu Valley,31.9579,77.1095,1279,35.23,266.78
2025-07-11T19:00,24.6,75,27.8,0.0,980.9,-93.8,Kullu Valley,31.9579,77.1095,1279,35.06,258.11
2025-07-11T20:00,23.1,77,18.6,0.0,1237.3,-20.5,Kullu Valley,31.9579,77.1095,1279,35.15,252.04
2025-07-11T21:00,22.1,70,11.7,0.0,757.0,-103.6,Kullu Valley,31.9579,77.1095,1279,33.95,250.61
2025-07-11T22:00,19.5,71,11.7,0.0,1141.2,-57.7,Kullu Valley,31.9579,77.1095,1279,33.73,267.87
2025-07-11T23:00,19.9,81,16.5,0.0,346.2,-96.8,Kullu Valley,31.9579,77.1095,1279,35.22,245.42
2025-07-12T00:00,18.2,84,7.5,0.07,1326.5,-84.2,Kullu Valley,31.9579,77.1095,1279,35.48,277.84
2025-07-12T01:00,17.7,80,23.2,0.0,1325.6,-52.6,Kullu Valley,31.9579,77.1095,1279,34.77,246.22
2025-07-12T02:00,18.1,80,26.4,0.0,241.2,-111.5,Kullu Valley,31.9579,77.1095,1279,34.95,251.01
2025-07-12T03:00,16.8,87,24.7,0.0,479.1,-143.3,Kullu Valley,31.9579,77.1095,1279,35.76,263.82
2025-07-12T04:00,19.4,87,9.2,0.0,889.5,-26.8,Kullu Valley,31.9579,77.1095,1279,36.09,259.19
2025-07-12T05:00,17.8,84,5.9,1.79,769.9,-104.0,Kullu Valley,31.9579,77.1095,1279,35.35,264.98
2025-07-12T06:00,19.3,86,20.6,0.0,415.7,-95.6,Kullu Valley,31.9579,77.1095,1279,35.93,269.67
2025-07-12T07:00,21.0,77,7.0,0.0,1204.2,-79.6,Kullu Valley,31.9579,77.1095,1279,34.8,252.75
2025-07-12T08:00,21.3,78,27.7,0.0,998.5,-154.8,Kullu Valley,31.9579,77.1095,1279,35.09,250.36
2025-07-12T09:00,19.3,85,25.3,0.0,1265.8,-117.2,Kullu Valley,31.9579,77.1095,1279,35.72,257.21
2025-07-12T10:00,22.4,76,22.1,0.0,1275.7,-82.8,Kullu Valley,31.9579,77.1095,1279,34.95,267.99
2025-07-12T11:00,23.8,75,26.0,0.0,1125.7,-26.7,Kullu Valley,31.9579,77.1095,1279,34.91,270.13
2025-07-12T12:00,24.5,82,16.8,0.0,479.4,-98.7,Kullu Valley,31.9579,77.1095,1279,36.1,277.99
2025-07-12T13:00,22.7,66,12.5,0.25,1079.4,-75.1,Kullu Valley,31.9579,77.1095,1279,33.45,270.25
2025-07-12T14:00,23.6,74,26.5,0.0,1255.0,-96.8,Kullu Valley,31.9579,77.1095,1279,34.8,254.98
2025-07-12T15:00,25.7,78,10.6,0.0,937.6,-141.9,Kullu Valley,31.9579,77.1095,1279,35.57,269.37
2025-07-12T16:00,23.5,70,5.6,0.0,1185.0,-44.9,Kullu Valley,31.9579,77.1095,1279,34.11,269.49
2025-07-12T17:00,23.7,75,21.8,0.0,409.3,-63.6,Kullu Valley,31.9579,77.1095,1279,34.95,265.4
2025-07-12T18:00,25.4,69,13.8,0.19,1279.1,-121.7,Kullu Valley,31.9579,77.1095,1279,34.24,269.89
2025-07-12T19:00,22.7,72,8.0,1.01,637.1,-111.0,Kullu Valley,31.9579,77.1095,1279,34.28,275.16
2025-07-12T20:00,21.0,78,24.8,0.0,1112.8,-45.5,Kullu Valley,31.9579,77.1095,1279,34.95,250.94
2025-07-12T21:00,19.9,81,13.0,0.0,1026.5,-144.9,Kullu Valley,31.9579,77.1095,1279,35.31,267.13
2025-07-12T22:00,20.5,84,18.9,0.0,281.0,-50.4,Kullu Valley,31.9579,77.1095,1279,35.84,261.19
2025-07-12T23:00,17.7,88,17.2,0.0,249.7,-24.6,Kullu Valley,31.9579,77.1095,1279,35.96,254.75
2025-07-13T00:00,18.2,83,8.2,0.0,691.9,-55.3,Kullu Valley,31.9579,77.1095,1279,35.29,259.02
2025-07-13T01:00,18.4,89,14.0,0.0,1394.4,-65.7,Kullu Valley,31.9579,77.1095,1279,36.21,277.78
2025-07-13T02:00,19.2,83,16.6,0.0,312.4,-45.5,Kullu Valley,31.9579,77.1095,1279,35.53,279.08
2025-07-13T03:00,18.3,89,81.6,15.86,2256.1,-32.8,Kullu Valley,31.9579,77.1095,1279,52.56,224.19
2025-07-13T04:00,16.8,86,58.6,20.02,3616.5,-37.9,Kullu Valley,31.9579,77.1095,1279,50.11,220.76
2025-07-13T05:00,19.4,86,12.9,0.0,699.9,-38.6,Kullu Valley,31.9579,77.1095,1279,35.92,250.72
2025-07-13T06:00,18.2,85,14.8,0.0,783.4,-123.4,Kullu Valley,31.9579,77.1095,1279,35.57,270.8
2025-07-13T07:00,17.8,75,13.5,0.0,657.8,-39.3,Kullu Valley,31.9579,77.1095,1279,34.11,279.36
2025-07-13T08:00,19.9,75,10.7,0.0,371.4,-27.8,Kullu Valley,31.9579,77.1095,1279,34.43,266.9
2025-07-13T09:00,22.7,78,18.4,0.0,754.1,-24.1,Kullu Valley,31.9579,77.1095,1279,35.28,256.89
2025-07-13T10:00,22.1,69,63.7,12.34,3445.8,-41.1,Kullu Valley,31.9579,77.1095,1279,58.85,219.76
2025-07-13T11:00,22.8,78,13.5,0.0,385.5,-140.6,Kullu Valley,31.9579,77.1095,1279,35.2,256.53
2025-07-13T12:00,25.4,77,5.7,0.0,1266.0,-23.6,Kullu Valley,31.9579,77.1095,1279,35.37,259.22
2025-07-13T13:00,22.3,73,11.3,0.0,502.7,-142.9,Kullu Valley,31.9579,77.1095,1279,34.45,260.26
2025-07-13T14:00,22.8,67,49.9,15.98,2418.0,-10.9,Kullu Valley,31.9579,77.1095,1279,58.97,233.42
2025-07-13T15:00,22.6,77,67.9,13.37,2441.9,-38.4,Kullu Valley,31.9579,77.1095,1279,56.16,224.69
2025-07-13T16:00,24.8,79,20.4,0.0,1149.6,-100.3,Kullu Valley,31.9579,77.1095,1279,35.71,254.29
2025-07-13T17:00,24.2,73,25.3,0.0,785.1,-73.4,Kullu Valley,31.9579,77.1095,1279,34.6,270.16
2025-07-13T18:00,25.3,75,15.7,0.12,813.8,-118.1,Kullu Valley,31.9579,77.1095,1279,35.13,274.95
2025-07-13T19:00,23.0,75,19.8,0.0,989.0,-141.8,Kullu Valley,31.9579,77.1095,1279,34.86,276.23
2025-07-13T20:00,21.4,78,17.2,0.0,1376.0,-64.8,Kullu Valley,31.9579,77.1095,1279,35.09,271.05
2025-07-13T21:00,21.0,78,5.2,0.0,1357.8,-100.0,Kullu Valley,31.9579,77.1095,1279,34.91,277.82
2025-07-13T22:00,20.2,80,5.0,0.0,1094.1,-146.7,Kullu Valley,31.9579,77.1095,1279,35.13,245.15
2025-07-13T23:00,17.2,85,70.5,27.49,2329.7,-37.8,Kullu Valley,31.9579,77.1095,1279,49.19,232.14
2025-07-14T00:00,21.8,92,88.7,27.24,2817.2,-49.6,Kullu Valley,31.9579,77.1095,1279,52.67,217.87
2025-07-14T01:00,18.6,78,16.6,0.82,332.5,-81.8,Kullu Valley,31.9579,77.1095,1279,34.72,273.32
2025-07-14T02:00,17.9,84,68.3,20.78,2536.3,-40.3,Kullu Valley,31.9579,77.1095,1279,50.69,230.01
2025-07-14T03:00,18.2,80,25.6,0.0,901.4,-74.7,Kullu Valley,31.9579,77.1095,1279,34.94,248.84
2025-07-14T04:00,18.5,91,8.5,0.0,632.0,-109.5,Kullu Valley,31.9579,77.1095,1279,36.56,277.28
2025-07-14T05:00,17.8,82,22.4,0.86,1109.1,-93.6,Kullu Valley,31.9579,77.1095,1279,35.09,266.87
2025-07-14T06:00,17.8,77,88.6,25.89,2541.3,-43.7,Kullu Valley,31.9579,77.1095,1279,46.02,214.8
2025-07-14T07:00,20.0,84,19.1,0.0,954.4,-150.9,Kullu Valley,31.9579,77.1095,1279,35.73,253.99
2025-07-14T08:00,20.6,87,63.3,32.78,3611.3,-22.3,Kullu Valley,31.9579,77.1095,1279,52.84,227.84
2025-07-14T09:00,20.0,81,84.8,31.14,3486.1,-41.5,Kullu Valley,31.9579,77.1095,1279,53.39,209.44
2025-07-14T10:00,23.6,77,14.0,2.34,537.6,-103.3,Kullu Valley,31.9579,77.1095,1279,35.19,269.15
2025-07-14T11:00,23.1,76,19.8,0.0,668.8,-86.1,Kullu Valley,31.9579,77.1095,1279,34.99,274.85
2025-07-14T12:00,24.4,79,15.9,0.03,220.8,-129.0,Kullu Valley,31.9579,77.1095,1279,35.54,256.49
2025-07-14T13:00,25.7,68,73.8,71.53,3808.9,-0.9,Kullu Valley,31.9579,77.1095,1279,70.08,202.94
2025-07-14T14:00,24.4,71,23.6,0.0,499.3,-64.3,Kullu Valley,31.9579,77.1095,1279,34.36,278.71
2025-07-14T15:00,24.9,69,17.3,0.14,472.0,-118.8,Kullu Valley,31.9579,77.1095,1279,34.18,264.36
2025-07-14T16:00,25.4,67,74.1,75.21,4474.5,-13.6,Kullu Valley,31.9579,77.1095,1279,56.31,198.5
2025-07-14T17:00,23.2,71,50.5,18.33,3446.3,-29.4,Kullu Valley,31.9579,77.1095,1279,45.56,206.89
2025-07-14T18:00,23.5,77,27.2,0.0,1373.6,-42.1,Kullu Valley,31.9579,77.1095,1279,35.25,263.74
2025-07-14T19:00,22.9,77,43.8,32.91,2618.3,-16.0,Kullu Valley,31.9579,77.1095,1279,55.44,211.21
2025-07-14T20:00,20.8,79,56.5,21.62,2458.2,-10.5,Kullu Valley,31.9579,77.1095,1279,57.14,227.73
2025-07-14T21:00,23.8,79,10.0,0.52,846.4,-62.0,Kullu Valley,31.9579,77.1095,1279,35.45,254.35
2025-07-14T22:00,18.4,82,9.2,0.0,1232.1,-158.2,Kullu Valley,31.9579,77.1095,1279,35.21,253.73
2025-07-14T23:00,17.7,78,91.4,91.97,3304.8,-2.1,Kullu Valley,31.9579,77.1095,1279,70.73,200.31
2025-07-15T00:00,20.1,82,19.4,0.46,871.3,-26.4,Kullu Valley,31.9579,77.1095,1279,35.41,277.62
2025-07-15T01:00,18.8,85,22.9,0.15,267.5,-108.4,Kullu Valley,31.9579,77.1095,1279,35.69,271.76
2025-07-15T02:00,16.4,86,11.7,0.0,1394.2,-30.6,Kullu Valley,31.9579,77.1095,1279,35.51,277.78
2025-07-15T03:00,18.2,86,55.2,32.92,2746.6,-30.0,Kullu Valley,31.9579,77.1095,1279,45.22,210.91
2025-07-15T04:00,19.4,84,12.5,0.0,1165.5,-140.4,Kullu Valley,31.9579,77.1095,1279,35.68,257.59
2025-07-15T05:00,17.9,83,86.6,112.52,4515.5,-3.6,Kullu Valley,31.9579,77.1095,1279,65.84,210.95
2025-07-15T06:00,21.6,96,8.8,0.61,600.5,-135.7,Kullu Valley,31.9579,77.1095,1279,37.64,255.2
2025-07-15T07:00,17.2,85,20.3,2.41,1354.3,-140.0,Kullu Valley,31.9579,77.1095,1279,35.51,247.1
2025-07-15T08:00,20.9,81,18.8,0.0,403.9,-139.4,Kullu Valley,31.9579,77.1095,1279,35.48,256.11
2025-07-15T09:00,22.4,77,5.3,0.0,1079.0,-70.6,Kullu Valley,31.9579,77.1095,1279,35.03,269.26
2025-07-15T10:00,23.0,74,66.5,24.33,2950.0,-39.1,Kullu Valley,31.9579,77.1095,1279,50.53,210.07
2025-07-15T11:00,22.5,74,13.0,0.0,276.4,-142.6,Kullu Valley,31.9579,77.1095,1279,34.59,273.89
2025-07-15T12:00,23.1,74,17.0,0.48,526.0,-123.9,Kullu Valley,31.9579,77.1095,1279,34.71,247.9
2025-07-15T13:00,24.6,64,89.7,30.56,3212.2,-31.2,Kullu Valley,31.9579,77.1095,1279,42.89,210.94
2025-07-15T14:00,25.4,65,64.2,108.24,3044.0,-12.3,Kullu Valley,31.9579,77.1095,1279,71.93,208.1
2025-07-15T15:00,25.2,68,80.2,72.01,4435.1,-7.5,Kullu Valley,31.9579,77.1095,1279,70.09,202.06
2025-07-15T16:00,25.6,72,77.5,31.81,2556.3,-14.0,Kullu Valley,31.9579,77.1095,1279,54.92,223.81
2025-07-15T17:00,22.8,71,12.4,0.0,575.6,-90.8,Kullu Valley,31.9579,77.1095,1279,34.18,267.75
2025-07-15T18:00,23.2,79,61.8,30.03,3474.7,-16.7,Kullu Valley,31.9579,77.1095,1279,48.6,234.66
2025-07-15T19:00,21.6,69,82.3,26.88,3699.9,-16.5,Kullu Valley,31.9579,77.1095,1279,54.19,229.93
2025-07-15T20:00,21.4,73,13.8,0.0,613.6,-69.0,Kullu Valley,31.9579,77.1095,1279,34.32,264.01
2025-07-15T21:00,22.2,84,17.0,0.0,1102.1,-124.6,Kullu Valley,31.9579,77.1095,1279,36.05,257.08
2025-07-15T22:00,20.2,80,90.6,75.38,2824.2,-6.3,Kullu Valley,31.9579,77.1095,1279,70.31,203.61
2025-07-15T23:00,22.4,85,60.4,36.44,2875.3,-27.2,Kullu Valley,31.9579,77.1095,1279,53.5,205.22
2025-07-16T00:00,18.8,91,10.9,0.0,220.2,-74.6,Kullu Valley,31.9579,77.1095,1279,36.6,267.91
2025-07-16T01:00,18.0,81,14.7,0.0,905.7,-125.9,Kullu Valley,31.9579,77.1095,1279,35.06,259.47
2025-07-16T02:00,17.7,84,26.8,0.0,385.6,-87.4,Kullu Valley,31.9579,77.1095,1279,35.47,263.52
2025-07-16T03:00,16.7,84,9.7,0.0,831.8,-92.3,Kullu Valley,31.9579,77.1095,1279,35.27,275.56
2025-07-16T04:00,17.5,77,12.1,0.0,614.2,-22.5,Kullu Valley,31.9579,77.1095,1279,34.36,253.8
2025-07-16T05:00,19.3,83,27.4,0.0,695.7,-87.5,Kullu Valley,31.9579,77.1095,1279,35.46,261.07
2025-07-16T06:00,18.7,86,15.4,1.36,898.3,-131.4,Kullu Valley,31.9579,77.1095,1279,35.91,260.06
2025-07-16T07:00,18.3,84,12.4,0.0,439.1,-89.5,Kullu Valley,31.9579,77.1095,1279,35.45,276.51
2025-07-16T08:00,19.0,82,27.2,0.0,1134.4,-98.9,Kullu Valley,31.9579,77.1095,1279,35.34,259.09
2025-07-16T09:00,20.5,76,10.6,0.44,614.0,-113.8,Kullu Valley,31.9579,77.1095,1279,34.69,254.02
2025-07-16T10:00,22.0,74,18.7,0.0,523.3,-103.8,Kullu Valley,31.9579,77.1095,1279,34.46,260.54
2025-07-16T11:00,24.2,80,20.2,0.0,1167.1,-56.4,Kullu Valley,31.9579,77.1095,1279,35.65,255.52
2025-07-16T12:00,21.9,71,10.9,0.0,1019.2,-75.0,Kullu Valley,31.9579,77.1095,1279,34.06,258.82
2025-07-16T13:00,23.6,73,24.7,0.32,311.8,-151.3,Kullu Valley,31.9579,77.1095,1279,34.61,273.93
2025-07-16T14:00,24.6,72,6.7,0.67,389.7,-23.0,Kullu Valley,31.9579,77.1095,1279,34.55,272.47
2025-07-16T15:00,22.3,77,24.3,0.0,495.0,-114.3,Kullu Valley,31.9579,77.1095,1279,34.99,246.51
2025-07-16T16:00,23.4,75,8.9,0.16,469.4,-29.6,Kullu Valley,31.9579,77.1095,1279,34.88,261.85
2025-07-16T17:00,23.2,67,23.8,0.0,880.9,-59.9,Kullu Valley,31.9579,77.1095,1279,33.59,258.23
2025-07-16T18:00,22.5,68,62.1,26.89,2795.9,-37.6,Kullu Valley,31.9579,77.1095,1279,44.63,223.64
2025-07-16T19:00,23.0,77,5.7,0.0,812.5,-158.2,Kullu Valley,31.9579,77.1095,1279,35.07,255.58
2025-07-16T20:00,21.7,76,12.8,0.0,579.6,-33.6,Kullu Valley,31.9579,77.1095,1279,34.77,260.14
2025-07-16T21:00,20.3,76,19.1,0.0,1263.7,-62.3,Kullu Valley,31.9579,77.1095,1279,34.62,269.99
2025-07-16T22:00,20.6,84,9.9,0.0,642.8,-102.9,Kullu Valley,31.9579,77.1095,1279,35.8,257.28
2025-07-16T23:00,21.3,82,25.1,0.0,728.4,-107.5,Kullu Valley,31.9579,77.1095,1279,35.65,262.16
2025-07-17T00:00,20.5,83,9.1,1.08,1309.5,-120.8,Kullu Valley,31.9579,77.1095,1279,35.67,248.9
2025-07-17T01:00,15.7,87,20.6,0.0,865.3,-108.5,Kullu Valley,31.9579,77.1095,1279,35.6,260.37
2025-07-17T02:00,18.3,83,8.7,0.0,1100.2,-108.4,Kullu Valley,31.9579,77.1095,1279,35.39,256.07
2025-07-17T03:00,17.3,91,23.7,0.0,960.5,-73.6,Kullu Valley,31.9579,77.1095,1279,36.41,266.47
2025-07-17T04:00,17.8,82,16.9,0.03,1110.3,-96.5,Kullu Valley,31.9579,77.1095,1279,35.08,267.8
2025-07-17T05:00,17.5,87,8.6,1.76,309.7,-42.4,Kullu Valley,31.9579,77.1095,1279,35.78,258.41
2025-07-17T06:00,18.7,89,19.4,0.0,967.7,-94.7,Kullu Valley,31.9579,77.1095,1279,36.23,273.55
2025-07-17T07:00,19.4,76,25.9,0.0,1096.2,-91.4,Kullu Valley,31.9579,77.1095,1279,34.47,276.6
2025-07-17T08:00,19.4,78,9.2,0.82,1395.8,-61.8,Kullu Valley,31.9579,77.1095,1279,34.83,256.36
2025-07-17T09:00,19.9,83,6.1,0.0,1378.1,-122.3,Kullu Valley,31.9579,77.1095,1279,35.51,274.77
2025-07-17T10:00,21.4,81,13.6,0.11,851.5,-113.3,Kullu Valley,31.9579,77.1095,1279,35.45,273.63
2025-07-17T11:00,23.0,74,23.5,0.0,252.0,-71.0,Kullu Valley,31.9579,77.1095,1279,34.63,258.3
2025-07-17T12:00,24.2,70,19.4,0.0,982.5,-27.4,Kullu Valley,31.9579,77.1095,1279,34.23,251.31
2025-07-17T13:00,25.1,76,27.2,0.0,683.6,-121.2,Kullu Valley,31.9579,77.1095,1279,35.2,268.94
2025-07-17T14:00,23.8,76,17.0,0.0,922.1,-159.8,Kullu Valley,31.9579,77.1095,1279,35.06,252.04
2025-07-17T15:00,24.8,66,12.7,0.0,478.6,-26.7,Kullu Valley,31.9579,77.1095,1279,33.74,265.04
2025-07-17T16:00,25.5,66,23.7,0.0,259.1,-153.1,Kullu Valley,31.9579,77.1095,1279,33.84,265.34
2025-07-17T17:00,25.4,73,21.9,0.0,780.0,-100.4,Kullu Valley,31.9579,77.1095,1279,34.81,262.21
2025-07-17T18:00,23.4,76,7.2,0.0,374.6,-104.9,Kullu Valley,31.9579,77.1095,1279,34.95,262.12
2025-07-17T19:00,22.5,73,23.9,0.0,1192.3,-30.7,Kullu Valley,31.9579,77.1095,1279,34.48,257.2
2025-07-17T20:00,22.1,79,27.5,0.27,1214.4,-89.1,Kullu Valley,31.9579,77.1095,1279,35.27,262.44
2025-07-17T21:00,19.6,75,14.1,1.23,590.8,-24.3,Kullu Valley,31.9579,77.1095,1279,34.37,245.73
2025-07-17T22:00,19.9,71,5.6,0.09,878.3,-20.8,Kullu Valley,31.9579,77.1095,1279,33.84,252.54
2025-07-17T23:00,20.1,80,19.4,0.76,972.0,-52.1,Kullu Valley,31.9579,77.1095,1279,35.13,250.52
2025-07-18T00:00,19.3,83,22.2,0.0,904.9,-63.5,Kullu Valley,31.9579,77.1095,1279,35.52,279.97
2025-07-18T01:00,17.6,83,14.1,0.59,941.8,-67.8,Kullu Valley,31.9579,77.1095,1279,35.26,246.01
2025-07-18T02:00,17.9,80,11.8,0.0,1262.0,-57.6,Kullu Valley,31.9579,77.1095,1279,34.87,253.53
2025-07-18T03:00,16.5,78,23.0,0.0,789.7,-120.5,Kullu Valley,31.9579,77.1095,1279,34.33,256.08
2025-07-18T04:00,18.5,83,20.3,0.0,996.6,-115.6,Kullu Valley,31.9579,77.1095,1279,35.33,261.85
2025-07-18T05:00,17.9,88,22.0,0.0,266.7,-40.8,Kullu Valley,31.9579,77.1095,1279,35.97,265.19
2025-07-18T06:00,18.2,88,22.1,0.0,1368.3,-104.8,Kullu Valley,31.9579,77.1095,1279,36.06,261.84
2025-07-18T07:00,18.8,86,11.0,0.0,1299.4,-153.8,Kullu Valley,31.9579,77.1095,1279,35.9,277.45
2025-07-18T08:00,20.0,77,19.3,0.8,729.6,-64.0,Kullu Valley,31.9579,77.1095,1279,34.63,258.1
2025-07-18T09:00,20.5,73,17.3,0.0,238.6,-26.7,Kullu Valley,31.9579,77.1095,1279,34.22,272.63
2025-07-18T10:00,22.7,78,26.1,0.0,506.4,-109.4,Kullu Valley,31.9579,77.1095,1279,35.24,275.07
2025-07-18T11:00,22.3,77,25.8,1.44,1199.7,-95.3,Kullu Valley,31.9579,77.1095,1279,35.01,263.09
2025-07-18T12:00,25.4,75,23.3,0.0,829.3,-137.9,Kullu Valley,31.9579,77.1095,1279,35.08,248.89
2025-07-18T13:00,25.8,64,20.7,0.0,934.4,-47.1,Kullu Valley,31.9579,77.1095,1279,33.49,261.57
2025-07-18T14:00,23.3,68,6.4,0.12,1279.2,-92.7,Kullu Valley,31.9579,77.1095,1279,33.75,262.71
2025-07-18T15:00,24.6,71,10.5,0.5,1164.3,-50.2,Kullu Valley,31.9579,77.1095,1279,34.4,263.46
2025-07-18T16:00,23.6,73,17.6,0.0,1273.5,-110.8,Kullu Valley,31.9579,77.1095,1279,34.61,270.39
2025-07-18T17:00,23.6,75,13.9,0.0,1289.9,-78.3,Kullu Valley,31.9579,77.1095,1279,34.89,256.0
2025-07-18T18:00,25.9,74,69.6,12.98,2780.5,-31.5,Kullu Valley,31.9579,77.1095,1279,58.05,234.11
2025-07-18T19:00,22.4,76,8.3,0.0,1047.0,-67.0,Kullu Valley,31.9579,77.1095,1279,34.85,250.15
2025-07-18T20:00,22.3,77,83.8,22.1,3319.9,-39.0,Kullu Valley,31.9579,77.1095,1279,56.66,232.65
2025-07-18T21:00,21.6,81,20.8,0.28,1067.9,-29.9,Kullu Valley,31.9579,77.1095,1279,35.48,268.86
2025-07-18T22:00,18.9,81,17.0,0.14,214.6,-66.5,Kullu Valley,31.9579,77.1095,1279,35.15,247.18
2025-07-18T23:00,18.2,82,6.8,0.0,444.8,-36.9,Kullu Valley,31.9579,77.1095,1279,35.16,262.88
2025-07-19T00:00,17.1,82,80.2,16.92,3652.5,-19.9,Kullu Valley,31.9579,77.1095,1279,58.38,230.47
2025-07-19T01:00,16.9,84,22.0,0.0,312.3,-48.3,Kullu Valley,31.9579,77.1095,1279,35.36,255.85
2025-07-19T02:00,14.2,87,22.7,0.0,285.0,-72.7,Kullu Valley,31.9579,77.1095,1279,35.33,247.84
2025-07-19T03:00,18.2,86,15.4,0.0,836.3,-152.8,Kullu Valley,31.9579,77.1095,1279,35.78,255.16
2025-07-19T04:00,20.1,86,21.3,0.0,705.6,-144.9,Kullu Valley,31.9579,77.1095,1279,36.08,249.13
2025-07-19T05:00,18.1,89,14.0,0.43,664.0,-143.2,Kullu Valley,31.9579,77.1095,1279,36.27,279.32
2025-07-19T06:00,16.8,84,11.2,0.0,254.4,-98.0,Kullu Valley,31.9579,77.1095,1279,35.3,247.46
2025-07-19T07:00,18.5,79,8.6,0.0,873.1,-151.1,Kullu Valley,31.9579,77.1095,1279,34.77,273.36
2025-07-19T08:00,19.5,83,18.2,0.19,1326.1,-158.3,Kullu Valley,31.9579,77.1095,1279,35.57,271.71
2025-07-19T09:00,19.8,73,12.9,1.14,985.2,-142.1,Kullu Valley,31.9579,77.1095,1279,34.0,278.94
2025-07-19T10:00,22.9,72,19.0,0.0,617.1,-106.7,Kullu Valley,31.9579,77.1095,1279,34.33,265.46
2025-07-19T11:00,23.7,76,11.5,0.18,404.1,-71.4,Kullu Valley,31.9579,77.1095,1279,35.03,265.51
2025-07-19T12:00,22.1,75,18.1,0.0,1252.8,-31.2,Kullu Valley,31.9579,77.1095,1279,34.7,273.72
2025-07-19T13:00,24.9,67,6.6,0.87,247.0,-92.1,Kullu Valley,31.9579,77.1095,1279,33.84,246.72
2025-07-19T14:00,26.2,70,15.8,0.43,944.6,-131.3,Kullu Valley,31.9579,77.1095,1279,34.44,276.14
2025-07-19T15:00,26.8,69,12.9,0.0,1374.8,-53.0,Kullu Valley,31.9579,77.1095,1279,34.34,250.9
2025-07-19T16:00,27.8,69,13.5,0.0,1091.6,-86.9,Kullu Valley,31.9579,77.1095,1279,34.59,258.13
2025-07-19T17:00,22.9,76,15.2,0.09,949.6,-39.5,Kullu Valley,31.9579,77.1095,1279,34.91,279.05
2025-07-19T18:00,26.9,76,27.1,0.0,941.2,-134.8,Kullu Valley,31.9579,77.1095,1279,35.46,266.02
2025-07-19T19:00,22.3,74,11.3,0.39,1253.1,-120.0,Kullu Valley,31.9579,77.1095,1279,34.63,263.35
2025-07-19T20:00,21.2,74,18.4,0.0,295.1,-89.6,Kullu Valley,31.9579,77.1095,1279,34.41,269.44
2025-07-19T21:00,21.4,73,19.3,0.0,571.6,-118.1,Kullu Valley,31.9579,77.1095,1279,34.23,252.85
2025-07-19T22:00,19.4,85,17.1,0.0,272.9,-35.1,Kullu Valley,31.9579,77.1095,1279,35.87,262.71
2025-07-19T23:00,19.7,84,24.8,0.0,793.7,-68.5,Kullu Valley,31.9579,77.1095,1279,35.67,256.16
2025-07-20T00:00,16.9,80,12.6,0.0,455.8,-107.5,Kullu Valley,31.9579,77.1095,1279,34.74,273.38
2025-07-20T01:00,17.7,87,7.4,0.0,943.0,-54.4,Kullu Valley,31.9579,77.1095,1279,35.84,275.7
2025-07-20T02:00,19.2,84,12.7,0.0,1214.8,-111.2,Kullu Valley,31.9579,77.1095,1279,35.69,278.52
2025-07-20T03:00,17.4,84,5.1,0.0,845.4,-102.7,Kullu Valley,31.9579,77.1095,1279,35.36,257.16
2025-07-20T04:00,17.8,87,23.8,0.0,827.9,-134.9,Kullu Valley,31.9579,77.1095,1279,35.79,255.51
2025-07-20T05:00,18.5,81,20.4,0.0,1373.5,-91.7,Kullu Valley,31.9579,77.1095,1279,35.1,267.03
2025-07-20T06:00,19.9,82,22.4,0.0,1244.3,-74.2,Kullu Valley,31.9579,77.1095,1279,35.36,268.0
2025-07-20T07:00,17.3,82,19.0,0.0,330.6,-104.3,Kullu Valley,31.9579,77.1095,1279,35.06,273.03
2025-07-20T08:00,20.8,78,23.0,0.0,1201.9,-62.4,Kullu Valley,31.9579,77.1095,1279,34.93,274.14
2025-07-20T09:00,20.7,81,19.7,0.0,851.5,-120.5,Kullu Valley,31.9579,77.1095,1279,35.33,275.82
2025-07-20T10:00,22.1,84,9.2,0.0,1112.0,-48.9,Kullu Valley,31.9579,77.1095,1279,35.97,269.34
2025-07-20T11:00,24.0,71,26.4,0.0,541.9,-110.6,Kullu Valley,31.9579,77.1095,1279,34.41,250.63
2025-07-20T12:00,22.0,66,27.8,0.0,721.6,-99.3,Kullu Valley,31.9579,77.1095,1279,33.37,245.79
2025-07-20T13:00,22.8,64,83.4,29.2,2252.7,-38.4,Kullu Valley,31.9579,77.1095,1279,52.99,225.92
2025-07-20T14:00,22.1,71,12.4,0.0,624.8,-97.6,Kullu Valley,31.9579,77.1095,1279,34.02,266.54
2025-07-20T15:00,23.8,68,26.1,0.0,372.1,-72.4,Kullu Valley,31.9579,77.1095,1279,33.91,270.88
2025-07-20T16:00,26.0,72,22.9,0.18,323.6,-146.6,Kullu Valley,31.9579,77.1095,1279,34.77,264.9
2025-07-20T17:00,23.9,72,27.1,0.0,1352.6,-32.5,Kullu Valley,31.9579,77.1095,1279,34.54,268.91
2025-07-20T18:00,21.9,67,12.7,0.0,1320.4,-124.6,Kullu Valley,31.9579,77.1095,1279,33.39,253.1
2025-07-20T19:00,22.2,67,6.8,0.78,1219.5,-108.6,Kullu Valley,31.9579,77.1095,1279,33.52,257.34
2025-07-20T20:00,20.1,77,19.5,0.0,1076.6,-136.0,Kullu Valley,31.9579,77.1095,1279,34.77,271.11
2025-07-20T21:00,19.6,79,11.7,0.0,981.2,-75.8,Kullu Valley,31.9579,77.1095,1279,34.88,247.92
2025-07-20T22:00,20.6,78,23.4,0.0,465.5,-93.8,Kullu Valley,31.9579,77.1095,1279,34.94,250.94
2025-07-20T23:00,17.8,75,23.6,0.15,376.9,-65.4,Kullu Valley,31.9579,77.1095,1279,34.09,259.35
2025-07-21T00:00,19.9,85,18.0,0.0,492.1,-158.4,Kullu Valley,31.9579,77.1095,1279,35.83,278.32
2025-07-21T01:00,17.9,89,18.7,0.0,1065.2,-118.0,Kullu Valley,31.9579,77.1095,1279,36.19,278.55
2025-07-21T02:00,17.7,86,13.5,0.0,1003.9,-122.6,Kullu Valley,31.9579,77.1095,1279,35.69,253.2
2025-07-21T03:00,17.2,82,23.1,0.0,746.9,-159.6,Kullu Valley,31.9579,77.1095,1279,34.99,266.39
2025-07-21T04:00,18.5,85,17.6,0.0,938.1,-117.6,Kullu Valley,31.9579,77.1095,1279,35.67,255.31
2025-07-21T05:00,18.9,79,20.4,1.07,1298.2,-145.8,Kullu Valley,31.9579,77.1095,1279,34.79,278.98
2025-07-21T06:00,18.9,87,82.4,30.66,3444.5,-28.7,Kullu Valley,31.9579,77.1095,1279,46.41,211.32
2025-07-21T07:00,19.9,82,20.6,0.0,647.5,-87.1,Kullu Valley,31.9579,77.1095,1279,35.4,251.9
2025-07-21T08:00,19.8,73,62.9,58.19,3183.3,-6.1,Kullu Valley,31.9579,77.1095,1279,77.81,195.01
2025-07-21T09:00,21.7,77,14.3,0.0,623.0,-84.0,Kullu Valley,31.9579,77.1095,1279,34.89,250.2
2025-07-21T10:00,21.5,78,21.7,0.0,317.5,-130.7,Kullu Valley,31.9579,77.1095,1279,35.06,264.83
2025-07-21T11:00,22.8,73,15.8,1.07,317.9,-93.3,Kullu Valley,31.9579,77.1095,1279,34.5,263.01
2025-07-21T12:00,23.1,72,21.0,0.0,372.6,-107.1,Kullu Valley,31.9579,77.1095,1279,34.37,247.81
2025-07-21T13:00,23.5,67,62.8,103.89,3598.8,-3.6,Kullu Valley,31.9579,77.1095,1279,61.04,199.09
2025-07-21T14:00,23.6,74,64.9,53.12,2644.6,-27.6,Kullu Valley,31.9579,77.1095,1279,57.16,224.59
2025-07-21T15:00,25.1,68,93.1,50.53,3994.2,-3.2,Kullu Valley,31.9579,77.1095,1279,64.3,208.19
2025-07-21T16:00,26.0,63,66.2,32.37,2840.4,-35.9,Kullu Valley,31.9579,77.1095,1279,48.07,228.97
2025-07-21T17:00,25.4,70,42.6,50.26,2269.2,-17.7,Kullu Valley,31.9579,77.1095,1279,63.19,213.57
2025-07-21T18:00,22.0,77,54.6,18.72,2822.5,-36.3,Kullu Valley,31.9579,77.1095,1279,50.19,232.97
2025-07-21T19:00,24.3,73,59.9,25.22,2738.6,-45.0,Kullu Valley,31.9579,77.1095,1279,48.37,205.25
2025-07-21T20:00,21.5,83,57.9,17.97,3344.1,-36.2,Kullu Valley,31.9579,77.1095,1279,50.98,217.2
2025-07-21T21:00,21.7,80,27.7,0.0,753.2,-80.7,Kullu Valley,31.9579,77.1095,1279,35.33,262.36
2025-07-21T22:00,19.0,81,17.8,0.0,487.4,-85.3,Kullu Valley,31.9579,77.1095,1279,35.18,252.0
2025-07-21T23:00,19.4,81,57.5,51.29,3882.8,-11.3,Kullu Valley,31.9579,77.1095,1279,64.97,204.31
2025-07-22T00:00,18.9,83,5.0,0.0,271.6,-43.7,Kullu Valley,31.9579,77.1095,1279,35.39,272.85
2025-07-22T01:00,16.2,83,16.7,0.41,914.5,-128.8,Kullu Valley,31.9579,77.1095,1279,35.06,262.71
2025-07-22T02:00,18.3,84,5.1,0.0,1277.3,-76.2,Kullu Valley,31.9579,77.1095,1279,35.44,258.48
2025-07-22T03:00,19.1,87,69.1,79.36,4358.7,-14.2,Kullu Valley,31.9579,77.1095,1279,70.28,203.19
2025-07-22T04:00,17.4,81,57.7,16.6,3648.2,-17.0,Kullu Valley,31.9579,77.1095,1279,59.83,215.15
2025-07-22T05:00,19.6,80,78.9,70.63,3912.2,-10.4,Kullu Valley,31.9579,77.1095,1279,59.93,206.69
2025-07-22T06:00,18.3,78,9.2,0.0,881.5,-89.1,Kullu Valley,31.9579,77.1095,1279,34.68,267.46
2025-07-22T07:00,20.3,90,23.8,0.0,753.2,-85.7,Kullu Valley,31.9579,77.1095,1279,36.6,275.85
2025-07-22T08:00,17.4,82,12.3,0.0,251.4,-124.2,Kullu Valley,31.9579,77.1095,1279,35.08,262.02
2025-07-22T09:00,23.9,79,46.4,25.29,3190.0,-21.3,Kullu Valley,31.9579,77.1095,1279,53.91,213.67
2025-07-22T10:00,23.7,72,16.0,0.17,522.4,-134.1,Kullu Valley,31.9579,77.1095,1279,34.44,257.57
2025-07-22T11:00,22.4,77,13.1,0.58,1106.1,-50.9,Kullu Valley,31.9579,77.1095,1279,35.02,262.53
2025-07-22T12:00,21.1,73,24.9,0.92,1135.2,-52.9,Kullu Valley,31.9579,77.1095,1279,34.19,271.38
2025-07-22T13:00,24.4,73,84.1,22.33,2899.3,-13.9,Kullu Valley,31.9579,77.1095,1279,47.52,226.9
2025-07-22T14:00,22.6,67,8.3,0.32,847.3,-89.8,Kullu Valley,31.9579,77.1095,1279,33.6,247.26
2025-07-22T15:00,25.0,72,71.2,24.92,2243.9,-23.1,Kullu Valley,31.9579,77.1095,1279,41.23,216.4
2025-07-22T16:00,24.9,70,59.7,23.61,2419.9,-12.3,Kullu Valley,31.9579,77.1095,1279,57.94,229.61
2025-07-22T17:00,22.9,69,79.0,47.32,4581.9,-4.2,Kullu Valley,31.9579,77.1095,1279,76.24,211.93
2025-07-22T18:00,24.8,76,74.5,92.19,4251.2,-11.3,Kullu Valley,31.9579,77.1095,1279,72.19,211.27
2025-07-22T19:00,23.7,68,23.0,0.0,775.4,-87.4,Kullu Valley,31.9579,77.1095,1279,33.9,256.15
2025-07-22T20:00,23.1,78,59.8,24.13,3772.0,-15.5,Kullu Valley,31.9579,77.1095,1279,52.65,216.98
2025-07-22T21:00,21.0,81,8.4,0.0,669.5,-29.1,Kullu Valley,31.9579,77.1095,1279,35.39,258.59
2025-07-22T22:00,18.4,76,14.7,0.0,280.9,-85.1,Kullu Valley,31.9579,77.1095,1279,34.38,266.33
2025-07-22T23:00,20.4,78,15.9,0.0,640.5,-129.0,Kullu Valley,31.9579,77.1095,1279,34.94,256.4
2025-07-23T00:00,18.2,82,20.9,0.0,226.2,-70.4,Kullu Valley,31.9579,77.1095,1279,35.2,276.13
2025-07-23T01:00,16.3,85,25.0,0.0,1270.7,-118.0,Kullu Valley,31.9579,77.1095,1279,35.4,250.2
2025-07-23T02:00,19.2,84,26.4,0.0,831.4,-139.1,Kullu Valley,31.9579,77.1095,1279,35.65,277.61
2025-07-23T03:00,20.0,87,16.0,0.0,265.3,-57.2,Kullu Valley,31.9579,77.1095,1279,36.13,263.02
2025-07-23T04:00,17.6,92,26.2,0.0,1321.3,-53.7,Kullu Valley,31.9579,77.1095,1279,36.53,254.59
2025-07-23T05:00,20.6,82,9.0,0.09,1018.1,-90.8,Kullu Valley,31.9579,77.1095,1279,35.52,269.3
2025-07-23T06:00,18.6,76,26.6,0.47,290.3,-96.3,Kullu Valley,31.9579,77.1095,1279,34.38,268.44
2025-07-23T07:00,18.8,85,14.4,0.12,774.1,-98.6,Kullu Valley,31.9579,77.1095,1279,35.68,265.86
2025-07-23T08:00,19.3,87,16.7,0.0,1066.7,-146.6,Kullu Valley,31.9579,77.1095,1279,36.01,275.94
2025-07-23T09:00,23.0,80,25.6,0.0,761.8,-146.9,Kullu Valley,31.9579,77.1095,1279,35.48,277.57
2025-07-23T10:00,21.0,72,22.9,0.0,1338.0,-70.6,Kullu Valley,31.9579,77.1095,1279,34.06,263.15
2025-07-23T11:00,23.6,74,16.4,0.47,746.9,-120.0,Kullu Valley,31.9579,77.1095,1279,34.74,272.74
2025-07-23T12:00,22.8,69,26.2,0.0,329.4,-75.1,Kullu Valley,31.9579,77.1095,1279,33.81,270.69
2025-07-23T13:00,23.5,75,19.7,0.0,384.8,-116.7,Kullu Valley,31.9579,77.1095,1279,34.8,278.61
2025-07-23T14:00,25.6,66,20.2,0.92,306.1,-122.1,Kullu Valley,31.9579,77.1095,1279,33.76,266.07
2025-07-23T15:00,24.0,70,7.5,0.0,1312.6,-158.6,Kullu Valley,31.9579,77.1095,1279,34.16,265.34
2025-07-23T16:00,23.9,67,21.8,0.0,233.3,-28.0,Kullu Valley,31.9579,77.1095,1279,33.75,247.35
2025-07-23T17:00,25.4,72,11.1,0.0,326.7,-122.5,Kullu Valley,31.9579,77.1095,1279,34.74,256.24
2025-07-23T18:00,25.4,72,23.3,0.0,634.9,-109.8,Kullu Valley,31.9579,77.1095,1279,34.61,254.49
2025-07-23T19:00,23.5,75,7.7,0.9,1138.9,-119.1,Kullu Valley,31.9579,77.1095,1279,34.91,251.39
2025-07-23T20:00,21.1,76,5.4,0.0,989.8,-37.4,Kullu Valley,31.9579,77.1095,1279,34.74,262.75
2025-07-23T21:00,20.4,74,6.0,0.0,770.2,-79.0,Kullu Valley,31.9579,77.1095,1279,34.31,260.55
2025-07-23T22:00,20.2,82,14.7,0.0,642.7,-120.1,Kullu Valley,31.9579,77.1095,1279,35.51,257.93
2025-07-23T23:00,19.6,81,26.8,0.4,330.6,-24.6,Kullu Valley,31.9579,77.1095,1279,35.29,266.28
2025-07-24T00:00,17.3,79,25.1,0.41,974.0,-97.8,Kullu Valley,31.9579,77.1095,1279,34.63,267.19
2025-07-24T01:00,18.8,93,5.4,0.0,967.5,-83.8,Kullu Valley,31.9579,77.1095,1279,36.88,261.02
2025-07-24T02:00,17.7,87,12.9,0.0,1187.2,-59.0,Kullu Valley,31.9579,77.1095,1279,35.81,263.29
2025-07-24T03:00,15.4,84,13.0,0.22,1225.6,-31.0,Kullu Valley,31.9579,77.1095,1279,35.16,270.19
2025-07-24T04:00,16.5,90,21.3,0.0,881.5,-136.9,Kullu Valley,31.9579,77.1095,1279,36.18,251.74
2025-07-24T05:00,17.4,91,15.3,2.79,297.3,-148.0,Kullu Valley,31.9579,77.1095,1279,36.45,262.18
2025-07-24T06:00,18.4,82,16.8,0.0,352.5,-90.9,Kullu Valley,31.9579,77.1095,1279,35.28,263.52
2025-07-24T07:00,21.5,83,80.2,16.94,3237.2,-40.7,Kullu Valley,31.9579,77.1095,1279,50.1,226.8
2025-07-24T08:00,20.4,76,13.1,1.86,1352.9,-86.3,Kullu Valley,31.9579,77.1095,1279,34.58,253.85
2025-07-24T09:00,20.0,77,7.8,0.0,1038.7,-91.3,Kullu Valley,31.9579,77.1095,1279,34.76,251.39
2025-07-24T10:00,22.2,75,71.7,32.12,2300.8,-31.0,Kullu Valley,31.9579,77.1095,1279,46.0,230.93
2025-07-24T11:00,22.3,75,14.6,0.8,334.5,-73.3,Kullu Valley,31.9579,77.1095,1279,34.75,272.11
2025-07-24T12:00,23.9,74,64.1,18.78,3783.3,-18.5,Kullu Valley,31.9579,77.1095,1279,57.41,224.41
2025-07-24T13:00,24.7,74,8.1,0.34,1256.8,-56.6,Kullu Valley,31.9579,77.1095,1279,34.92,248.33
2025-07-24T14:00,25.8,72,65.8,25.78,2464.8,-15.0,Kullu Valley,31.9579,77.1095,1279,52.66,227.29
2025-07-24T15:00,24.5,66,20.6,0.0,775.5,-112.1,Kullu Valley,31.9579,77.1095,1279,33.66,260.14
2025-07-24T16:00,26.3,67,20.4,0.26,564.3,-77.5,Kullu Valley,31.9579,77.1095,1279,34.12,245.81
2025-07-24T17:00,25.1,70,79.7,19.0,3358.7,-19.5,Kullu Valley,31.9579,77.1095,1279,52.68,234.84
2025-07-24T18:00,22.6,72,19.4,0.0,780.3,-76.6,Kullu Valley,31.9579,77.1095,1279,34.29,257.99
2025-07-24T19:00,25.4,79,18.0,0.41,1088.1,-136.2,Kullu Valley,31.9579,77.1095,1279,35.68,274.45
2025-07-24T20:00,22.3,72,7.4,0.0,428.8,-148.2,Kullu Valley,31.9579,77.1095,1279,34.19,254.05
2025-07-24T21:00,20.0,77,10.9,0.0,477.2,-97.8,Kullu Valley,31.9579,77.1095,1279,34.63,273.28
2025-07-24T22:00,22.1,84,27.9,0.0,835.7,-113.4,Kullu Valley,31.9579,77.1095,1279,35.96,257.26
2025-07-24T23:00,21.7,80,10.1,0.0,1070.2,-139.4,Kullu Valley,31.9579,77.1095,1279,35.42,251.08
2025-06-15T00:00,21.6,94,17.2,0.0,689.0,-41.9,Wayanad (Meppadi),11.5534,76.132,780,37.38,255.23
2025-06-15T01:00,22.0,94,70.8,13.62,2810.6,-38.8,Wayanad (Meppadi),11.5534,76.132,780,49.33,223.8
2025-06-15T02:00,20.7,91,24.9,0.0,888.3,-91.1,Wayanad (Meppadi),11.5534,76.132,780,36.87,274.38
2025-06-15T03:00,20.5,99,13.1,0.0,277.7,-35.9,Wayanad (Meppadi),11.5534,76.132,780,37.94,265.89
2025-06-15T04:00,22.1,95,27.9,0.19,685.7,-135.2,Wayanad (Meppadi),11.5534,76.132,780,37.62,265.77
2025-06-15T05:00,21.7,92,10.3,0.61,603.1,-138.1,Wayanad (Meppadi),11.5534,76.132,780,37.12,245.96
2025-06-15T06:00,22.4,89,10.9,0.0,463.0,-140.8,Wayanad (Meppadi),11.5534,76.132,780,36.85,276.28
2025-06-15T07:00,20.8,95,26.0,0.0,1125.2,-133.9,Wayanad (Meppadi),11.5534,76.132,780,37.42,263.14
2025-06-15T08:00,24.1,91,6.9,0.21,1050.5,-95.5,Wayanad (Meppadi),11.5534,76.132,780,37.3,274.91
2025-06-15T09:00,23.2,85,13.5,0.0,248.2,-105.3,Wayanad (Meppadi),11.5534,76.132,780,36.34,270.1
2025-06-15T10:00,25.4,84,11.4,0.27,1199.8,-65.3,Wayanad (Meppadi),11.5534,76.132,780,36.5,253.84
2025-06-15T11:00,25.0,85,66.6,28.06,2644.1,-22.9,Wayanad (Meppadi),11.5534,76.132,780,53.86,223.32
2025-06-15T12:00,28.1,83,11.7,0.0,429.2,-92.9,Wayanad (Meppadi),11.5534,76.132,780,36.74,257.46
2025-06-15T13:00,29.7,83,15.8,0.0,1263.9,-122.8,Wayanad (Meppadi),11.5534,76.132,780,36.87,268.38
2025-06-15T14:00,27.7,74,9.7,1.54,1175.8,-74.3,Wayanad (Meppadi),11.5534,76.132,780,35.31,264.73
2025-06-15T15:00,27.8,81,82.8,31.07,3157.7,-16.3,Wayanad (Meppadi),11.5534,76.132,780,46.33,215.08
2025-06-15T16:00,29.1,76,63.7,17.8,3687.9,-40.0,Wayanad (Meppadi),11.5534,76.132,780,51.37,231.53
2025-06-15T17:00,28.2,88,8.1,1.65,564.7,-65.3,Wayanad (Meppadi),11.5534,76.132,780,37.39,279.64
2025-06-15T18:00,26.9,87,14.6,0.35,203.0,-72.5,Wayanad (Meppadi),11.5534,76.132,780,37.15,248.9
2025-06-15T19:00,26.7,89,12.1,0.5,868.1,-101.4,Wayanad (Meppadi),11.5534,76.132,780,37.4,274.97
2025-06-15T20:00,27.8,76,10.3,0.51,554.2,-70.6,Wayanad (Meppadi),11.5534,76.132,780,35.66,266.79
2025-06-15T21:00,23.7,87,11.3,0.02,255.7,-68.0,Wayanad (Meppadi),11.5534,76.132,780,36.65,245.8
2025-06-15T22:00,22.9,89,19.3,0.26,341.1,-78.4,Wayanad (Meppadi),11.5534,76.132,780,36.93,274.36
2025-06-15T23:00,23.7,94,26.1,0.0,1051.1,-79.1,Wayanad (Meppadi),11.5534,76.132,780,37.67,259.93
2025-06-16T00:00,24.6,97,19.0,0.0,700.4,-51.3,Wayanad (Meppadi),11.5534,76.132,780,38.18,270.32
2025-06-16T01:00,21.7,99,25.5,0.0,449.9,-131.2,Wayanad (Meppadi),11.5534,76.132,780,38.13,278.19
2025-06-16T02:00,19.1,85,26.3,0.0,1170.1,-103.3,Wayanad (Meppadi),11.5534,76.132,780,35.82,264.18
2025-06-16T03:00,21.5,92,26.0,0.0,250.4,-29.7,Wayanad (Meppadi),11.5534,76.132,780,37.07,245.26
2025-06-16T04:00,20.5,95,11.8,0.11,1214.5,-105.3,Wayanad (Meppadi),11.5534,76.132,780,37.39,266.33
2025-06-16T05:00,22.0,97,38.2,30.89,2195.2,-21.8,Wayanad (Meppadi),11.5534,76.132,780,53.92,222.18
2025-06-16T06:00,20.4,96,20.0,0.0,1306.3,-140.3,Wayanad (Meppadi),11.5534,76.132,780,37.55,278.91
2025-06-16T07:00,21.0,93,13.9,0.0,947.4,-40.6,Wayanad (Meppadi),11.5534,76.132,780,37.23,264.03
2025-06-16T08:00,23.2,87,27.5,0.0,354.1,-70.3,Wayanad (Meppadi),11.5534,76.132,780,36.65,247.22
2025-06-16T09:00,26.5,86,49.9,22.08,2417.0,-23.4,Wayanad (Meppadi),11.5534,76.132,780,45.85,219.0
2025-06-16T10:00,23.8,84,12.9,0.06,903.2,-104.9,Wayanad (Meppadi),11.5534,76.132,780,36.2,252.02
2025-06-16T11:00,25.9,81,12.8,0.92,780.4,-137.2,Wayanad (Meppadi),11.5534,76.132,780,36.03,256.13
2025-06-16T12:00,25.2,79,52.9,27.23,3528.4,-12.4,Wayanad (Meppadi),11.5534,76.132,780,56.64,230.67
2025-06-16T13:00,27.9,78,63.8,28.39,2892.7,-27.1,Wayanad (Meppadi),11.5534,76.132,780,45.03,224.72
2025-06-16T14:00,28.1,83,9.1,0.0,422.3,-48.9,Wayanad (Meppadi),11.5534,76.132,780,36.64,253.79
2025-06-16T15:00,26.3,81,12.2,2.08,982.5,-104.9,Wayanad (Meppadi),11.5534,76.132,780,36.22,259.35
2025-06-16T16:00,29.4,78,72.6,32.99,3793.2,-28.5,Wayanad (Meppadi),11.5534,76.132,780,57.44,217.99
2025-06-16T17:00,25.2,75,63.7,27.27,2593.7,-30.4,Wayanad (Meppadi),11.5534,76.132,780,50.72,219.12
2025-06-16T18:00,28.9,82,76.1,70.62,3931.1,-10.6,Wayanad (Meppadi),11.5534,76.132,780,75.45,199.91
2025-06-16T19:00,27.9,90,91.7,84.3,4197.5,-11.8,Wayanad (Meppadi),11.5534,76.132,780,55.79,210.41
2025-06-16T20:00,25.8,86,61.1,34.74,2596.6,-18.6,Wayanad (Meppadi),11.5534,76.132,780,46.98,229.48
2025-06-16T21:00,25.6,91,11.8,0.35,640.9,-40.9,Wayanad (Meppadi),11.5534,76.132,780,37.55,265.72
2025-06-16T22:00,23.4,91,73.8,38.56,2471.4,-39.9,Wayanad (Meppadi),11.5534,76.132,780,42.59,198.26
2025-06-16T23:00,20.9,91,21.5,0.15,1139.5,-114.2,Wayanad (Meppadi),11.5534,76.132,780,36.91,262.41
2025-06-17T00:00,22.3,87,12.9,0.0,468.5,-83.3,Wayanad (Meppadi),11.5534,76.132,780,36.49,275.98
2025-06-17T01:00,19.6,92,16.3,0.0,818.4,-95.0,Wayanad (Meppadi),11.5534,76.132,780,36.9,275.13
2025-06-17T02:00,21.1,93,40.7,50.26,3084.4,-15.2,Wayanad (Meppadi),11.5534,76.132,780,54.19,225.61
2025-06-17T03:00,19.5,99,10.8,0.0,1009.3,-47.4,Wayanad (Meppadi),11.5534,76.132,780,37.83,250.33
2025-06-17T04:00,22.3,95,39.2,36.75,2500.9,-27.6,Wayanad (Meppadi),11.5534,76.132,780,61.37,217.17
2025-06-17T05:00,21.9,99,25.3,0.0,724.8,-86.1,Wayanad (Meppadi),11.5534,76.132,780,38.17,262.45
2025-06-17T06:00,22.8,97,26.8,1.73,667.3,-24.1,Wayanad (Meppadi),11.5534,76.132,780,38.07,277.58
2025-06-17T07:00,23.2,88,8.1,0.0,1021.5,-138.2,Wayanad (Meppadi),11.5534,76.132,780,36.77,266.02
2025-06-17T08:00,25.9,90,12.7,0.0,621.4,-141.5,Wayanad (Meppadi),11.5534,76.132,780,37.39,248.26
2025-06-17T09:00,25.7,95,59.3,49.81,2972.9,-6.6,Wayanad (Meppadi),11.5534,76.132,780,55.38,210.18
2025-06-17T10:00,27.5,88,23.7,0.0,649.3,-49.2,Wayanad (Meppadi),11.5534,76.132,780,37.4,270.21
2025-06-17T11:00,25.2,87,17.4,0.0,498.5,-43.5,Wayanad (Meppadi),11.5534,76.132,780,36.81,270.7
2025-06-17T12:00,26.3,87,15.6,0.0,1360.0,-138.8,Wayanad (Meppadi),11.5534,76.132,780,36.99,275.8
2025-06-17T13:00,24.6,84,61.6,14.87,3150.4,-20.1,Wayanad (Meppadi),11.5534,76.132,780,57.57,218.02
2025-06-17T14:00,27.4,83,72.4,25.39,3116.7,-26.5,Wayanad (Meppadi),11.5534,76.132,780,54.68,234.13
2025-06-17T15:00,28.0,82,21.9,2.61,958.5,-43.2,Wayanad (Meppadi),11.5534,76.132,780,36.55,256.02
2025-06-17T16:00,28.4,80,26.2,0.0,1279.5,-27.6,Wayanad (Meppadi),11.5534,76.132,780,36.27,264.82
2025-06-17T17:00,26.9,78,62.1,42.94,2369.7,-27.7,Wayanad (Meppadi),11.5534,76.132,780,63.62,227.67
2025-06-17T18:00,27.9,76,75.5,14.52,2608.6,-25.2,Wayanad (Meppadi),11.5534,76.132,780,52.26,216.93
2025-06-17T19:00,27.0,83,48.2,25.9,3185.4,-44.9,Wayanad (Meppadi),11.5534,76.132,780,48.67,227.62
2025-06-17T20:00,24.8,88,65.5,22.33,3775.6,-27.6,Wayanad (Meppadi),11.5534,76.132,780,59.22,225.1
2025-06-17T21:00,23.3,89,11.0,0.0,840.4,-83.4,Wayanad (Meppadi),11.5534,76.132,780,36.91,246.29
2025-06-17T22:00,23.7,92,19.8,0.22,918.6,-126.9,Wayanad (Meppadi),11.5534,76.132,780,37.45,278.49
2025-06-17T23:00,22.9,91,52.7,31.49,3053.5,-19.0,Wayanad (Meppadi),11.5534,76.132,780,55.26,223.37
2025-06-18T00:00,21.3,99,13.7,0.0,1293.7,-138.0,Wayanad (Meppadi),11.5534,76.132,780,38.08,265.54
2025-06-18T01:00,21.2,99,26.4,0.61,1102.5,-70.4,Wayanad (Meppadi),11.5534,76.132,780,38.06,253.24
2025-06-18T02:00,19.4,89,7.7,2.97,373.9,-34.5,Wayanad (Meppadi),11.5534,76.132,780,36.33,266.57
2025-06-18T03:00,21.8,98,25.6,0.0,744.4,-119.6,Wayanad (Meppadi),11.5534,76.132,780,37.96,277.8
2025-06-18T04:00,22.0,99,16.5,0.15,1105.5,-116.4,Wayanad (Meppadi),11.5534,76.132,780,38.12,249.66
2025-06-18T05:00,21.5,86,12.2,0.91,263.6,-129.5,Wayanad (Meppadi),11.5534,76.132,780,36.17,266.55
2025-06-18T06:00,22.9,94,17.1,0.0,641.3,-116.0,Wayanad (Meppadi),11.5534,76.132,780,37.54,266.09
2025-06-18T07:00,22.9,94,19.9,0.0,845.9,-45.0,Wayanad (Meppadi),11.5534,76.132,780,37.52,276.78
2025-06-18T08:00,25.5,90,13.4,0.0,741.1,-98.2,Wayanad (Meppadi),11.5534,76.132,780,37.34,245.1
2025-06-18T09:00,22.9,90,9.8,0.03,774.8,-62.2,Wayanad (Meppadi),11.5534,76.132,780,36.94,261.37
2025-06-18T10:00,25.6,87,27.2,0.0,813.6,-106.7,Wayanad (Meppadi),11.5534,76.132,780,36.87,255.59
2025-06-18T11:00,27.3,87,27.8,0.14,1392.1,-143.4,Wayanad (Meppadi),11.5534,76.132,780,37.22,263.77
2025-06-18T12:00,28.8,89,18.4,0.0,601.4,-68.2,Wayanad (Meppadi),11.5534,76.132,780,37.7,271.62
2025-06-18T13:00,28.5,85,26.6,0.15,556.2,-159.6,Wayanad (Meppadi),11.5534,76.132,780,37.04,278.4
2025-06-18T14:00,26.6,86,5.9,1.51,469.2,-56.4,Wayanad (Meppadi),11.5534,76.132,780,36.93,266.38
2025-06-18T15:00,26.0,77,20.8,0.0,818.5,-85.3,Wayanad (Meppadi),11.5534,76.132,780,35.48,275.88
2025-06-18T16:00,27.7,89,7.1,1.36,714.8,-154.3,Wayanad (Meppadi),11.5534,76.132,780,37.57,251.14
2025-06-18T17:00,28.0,83,6.6,0.0,813.2,-112.4,Wayanad (Meppadi),11.5534,76.132,780,36.7,264.72
2025-06-18T18:00,28.1,81,71.3,29.52,2686.5,-42.9,Wayanad (Meppadi),11.5534,76.132,780,48.0,221.29
2025-06-18T19:00,24.9,86,9.5,0.31,1258.5,-25.6,Wayanad (Meppadi),11.5534,76.132,780,36.72,277.28
2025-06-18T20:00,26.1,84,10.6,0.0,1006.0,-44.6,Wayanad (Meppadi),11.5534,76.132,780,36.57,277.13
2025-06-18T21:00,21.3,89,24.1,0.0,327.0,-51.1,Wayanad (Meppadi),11.5534,76.132,780,36.57,262.63
2025-06-18T22:00,22.7,91,23.0,0.0,1053.5,-140.5,Wayanad (Meppadi),11.5534,76.132,780,37.13,277.74
2025-06-18T23:00,23.8,89,21.9,0.0,334.5,-119.4,Wayanad (Meppadi),11.5534,76.132,780,36.95,279.75
2025-06-19T00:00,20.6,94,17.8,0.0,937.6,-116.6,Wayanad (Meppadi),11.5534,76.132,780,37.2,270.19
2025-06-19T01:00,20.1,91,26.2,0.31,1036.0,-53.2,Wayanad (Meppadi),11.5534,76.132,780,36.81,256.28
2025-06-19T02:00,20.5,92,48.7,14.42,3206.6,-30.4,Wayanad (Meppadi),11.5534,76.132,780,54.14,229.35
2025-06-19T03:00,21.2,91,23.8,1.02,385.8,-30.5,Wayanad (Meppadi),11.5534,76.132,780,36.91,267.43
2025-06-19T04:00,19.8,93,9.2,0.0,1082.4,-58.0,Wayanad (Meppadi),11.5534,76.132,780,37.05,279.76
2025-06-19T05:00,21.4,92,19.5,0.0,1370.4,-158.4,Wayanad (Meppadi),11.5534,76.132,780,37.07,272.82
2025-06-19T06:00,21.5,95,12.7,0.1,1034.7,-152.3,Wayanad (Meppadi),11.5534,76.132,780,37.51,256.08
2025-06-19T07:00,24.1,96,21.5,0.0,809.0,-149.7,Wayanad (Meppadi),11.5534,76.132,780,38.03,256.79
2025-06-19T08:00,23.0,92,10.8,0.21,805.2,-155.4,Wayanad (Meppadi),11.5534,76.132,780,37.38,269.22
2025-06-19T09:00,24.5,92,11.0,0.98,322.5,-146.0,Wayanad (Meppadi),11.5534,76.132,780,37.51,255.01
2025-06-19T10:00,25.6,90,24.0,0.0,1123.2,-147.8,Wayanad (Meppadi),11.5534,76.132,780,37.34,247.75
2025-06-19T11:00,25.7,81,22.5,0.0,791.4,-117.7,Wayanad (Meppadi),11.5534,76.132,780,36.04,246.19
2025-06-19T12:00,27.9,82,15.4,0.0,381.2,-135.3,Wayanad (Meppadi),11.5534,76.132,780,36.47,255.98
2025-06-19T13:00,28.7,89,9.4,0.0,777.4,-130.5,Wayanad (Meppadi),11.5534,76.132,780,37.67,247.57
2025-06-19T14:00,27.3,79,19.7,0.0,289.7,-26.0,Wayanad (Meppadi),11.5534,76.132,780,36.0,250.48
2025-06-19T15:00,28.4,88,19.4,0.0,286.3,-47.5,Wayanad (Meppadi),11.5534,76.132,780,37.53,255.5
2025-06-19T16:00,26.8,80,81.2,14.46,3756.7,-11.8,Wayanad (Meppadi),11.5534,76.132,780,44.6,232.88
2025-06-19T17:00,28.2,74,20.7,0.96,1202.5,-38.0,Wayanad (Meppadi),11.5534,76.132,780,35.32,254.36
2025-06-19T18:00,27.3,82,27.8,0.0,611.2,-112.6,Wayanad (Meppadi),11.5534,76.132,780,36.44,248.96
2025-06-19T19:00,25.8,88,13.3,0.0,1251.4,-20.1,Wayanad (Meppadi),11.5534,76.132,780,37.1,279.16
2025-06-19T20:00,25.8,93,68.6,22.73,3730.7,-10.8,Wayanad (Meppadi),11.5534,76.132,780,52.61,219.36
2025-06-19T21:00,25.2,82,24.5,0.0,861.2,-154.4,Wayanad (Meppadi),11.5534,76.132,780,36.16,264.33
2025-06-19T22:00,25.1,93,18.8,0.0,764.5,-59.0,Wayanad (Meppadi),11.5534,76.132,780,37.76,258.29
2025-06-19T23:00,23.2,95,8.1,0.0,622.2,-64.2,Wayanad (Meppadi),11.5534,76.132,780,37.78,266.41
2025-06-20T00:00,23.1,98,56.8,26.44,3440.9,-32.1,Wayanad (Meppadi),11.5534,76.132,780,45.55,234.5
2025-06-20T01:00,23.8,83,24.2,0.0,1327.1,-104.6,Wayanad (Meppadi),11.5534,76.132,780,36.15,254.07
2025-06-20T02:00,19.9,99,65.4,32.97,3266.2,-33.5,Wayanad (Meppadi),11.5534,76.132,780,47.11,219.0
2025-06-20T03:00,22.4,97,81.2,22.53,2534.9,-35.9,Wayanad (Meppadi),11.5534,76.132,780,50.53,225.22
2025-06-20T04:00,20.1,97,18.4,0.0,1354.1,-83.2,Wayanad (Meppadi),11.5534,76.132,780,37.56,264.63
2025-06-20T05:00,20.6,98,28.0,0.0,1072.0,-49.9,Wayanad (Meppadi),11.5534,76.132,780,37.87,245.47
2025-06-20T06:00,22.0,85,5.9,0.75,540.3,-106.5,Wayanad (Meppadi),11.5534,76.132,780,36.14,249.82
2025-06-20T07:00,22.0,96,14.1,0.0,270.2,-88.1,Wayanad (Meppadi),11.5534,76.132,780,37.68,254.67
2025-06-20T08:00,22.6,99,12.7,0.0,664.4,-155.1,Wayanad (Meppadi),11.5534,76.132,780,38.26,254.32
2025-06-20T09:00,24.4,83,7.6,0.12,1212.2,-76.3,Wayanad (Meppadi),11.5534,76.132,780,36.12,273.22
2025-06-20T10:00,25.0,86,84.1,18.24,3165.6,-34.0,Wayanad (Meppadi),11.5534,76.132,780,50.3,230.48
2025-06-20T11:00,25.5,85,10.1,0.0,1314.2,-116.1,Wayanad (Meppadi),11.5534,76.132,780,36.57,268.84
2025-06-20T12:00,25.8,84,6.5,0.0,1040.2,-159.6,Wayanad (Meppadi),11.5534,76.132,780,36.6,246.18
2025-06-20T13:00,29.2,84,15.5,0.0,363.6,-107.1,Wayanad (Meppadi),11.5534,76.132,780,36.94,256.36
2025-06-20T14:00,26.4,79,7.8,0.0,903.4,-152.2,Wayanad (Meppadi),11.5534,76.132,780,35.8,265.11
2025-06-20T15:00,27.8,81,14.5,0.0,1070.7,-26.9,Wayanad (Meppadi),11.5534,76.132,780,36.38,269.63
2025-06-20T16:00,29.2,88,12.0,0.0,1207.9,-28.9,Wayanad (Meppadi),11.5534,76.132,780,37.62,255.14
2025-06-20T17:00,28.5,84,12.1,0.0,214.0,-62.1,Wayanad (Meppadi),11.5534,76.132,780,36.83,277.68
2025-06-20T18:00,27.3,85,25.1,0.77,874.0,-133.2,Wayanad (Meppadi),11.5534,76.132,780,36.8,251.66
2025-06-20T19:00,25.5,82,49.5,21.52,2390.4,-24.3,Wayanad (Meppadi),11.5534,76.132,780,51.46,218.41
2025-06-20T20:00,25.4,92,11.1,0.0,1249.0,-33.7,Wayanad (Meppadi),11.5534,76.132,780,37.57,263.36
2025-06-20T21:00,23.2,87,27.1,0.0,622.5,-71.1,Wayanad (Meppadi),11.5534,76.132,780,36.62,252.33
2025-06-20T22:00,23.3,82,5.7,0.0,743.8,-55.4,Wayanad (Meppadi),11.5534,76.132,780,35.82,273.36
2025-06-20T23:00,22.4,93,12.2,0.0,373.1,-43.2,Wayanad (Meppadi),11.5534,76.132,780,37.4,268.07
2025-06-21T00:00,21.8,96,15.7,0.0,1119.8,-143.6,Wayanad (Meppadi),11.5534,76.132,780,37.68,273.69
2025-06-21T01:00,20.5,93,22.9,0.0,407.4,-135.2,Wayanad (Meppadi),11.5534,76.132,780,37.09,272.94
2025-06-21T02:00,19.1,86,15.7,0.0,1311.5,-66.0,Wayanad (Meppadi),11.5534,76.132,780,35.87,252.86
2025-06-21T03:00,22.5,91,16.8,0.0,605.6,-100.7,Wayanad (Meppadi),11.5534,76.132,780,37.03,265.82
2025-06-21T04:00,22.4,94,8.3,0.4,407.1,-125.2,Wayanad (Meppadi),11.5534,76.132,780,37.55,272.7
2025-06-21T05:00,22.5,93,22.3,0.0,970.6,-90.7,Wayanad (Meppadi),11.5534,76.132,780,37.31,249.97
2025-06-21T06:00,22.5,95,7.1,0.0,1040.4,-118.4,Wayanad (Meppadi),11.5534,76.132,780,37.63,264.2
2025-06-21T07:00,23.0,94,11.1,0.01,773.1,-146.9,Wayanad (Meppadi),11.5534,76.132,780,37.57,245.08
2025-06-21T08:00,22.8,88,51.5,17.91,2673.1,-41.9,Wayanad (Meppadi),11.5534,76.132,780,55.9,222.9
2025-06-21T09:00,23.8,82,23.6,0.0,572.4,-66.2,Wayanad (Meppadi),11.5534,76.132,780,36.02,251.64
2025-06-21T10:00,27.2,92,16.6,1.03,697.2,-80.7,Wayanad (Meppadi),11.5534,76.132,780,37.88,259.4
2025-06-21T11:00,28.3,87,7.9,1.03,321.3,-132.0,Wayanad (Meppadi),11.5534,76.132,780,37.27,249.21
2025-06-21T12:00,26.8,86,19.1,0.16,1250.0,-158.5,Wayanad (Meppadi),11.5534,76.132,780,36.91,266.37
2025-06-21T13:00,27.5,83,12.2,0.0,1111.5,-68.3,Wayanad (Meppadi),11.5534,76.132,780,36.68,249.73
2025-06-21T14:00,28.8,86,25.8,0.0,1037.6,-94.3,Wayanad (Meppadi),11.5534,76.132,780,37.17,278.91
2025-06-21T15:00,28.1,79,20.2,0.0,685.2,-52.3,Wayanad (Meppadi),11.5534,76.132,780,36.17,253.14
2025-06-21T16:00,28.1,85,17.3,0.0,1023.3,-23.1,Wayanad (Meppadi),11.5534,76.132,780,36.92,246.89
2025-06-21T17:00,27.5,85,19.7,3.75,862.6,-102.0,Wayanad (Meppadi),11.5534,76.132,780,36.84,255.59
2025-06-21T18:00,25.8,86,26.6,0.0,869.0,-47.1,Wayanad (Meppadi),11.5534,76.132,780,36.77,268.85
2025-06-21T19:00,25.8,80,6.4,0.49,378.8,-123.1,Wayanad (Meppadi),11.5534,76.132,780,35.89,259.23
2025-06-21T20:00,25.2,87,12.8,0.0,612.8,-60.6,Wayanad (Meppadi),11.5534,76.132,780,36.85,260.94
2025-06-21T21:00,21.5,90,24.3,0.0,1009.4,-61.2,Wayanad (Meppadi),11.5534,76.132,780,36.74,263.51
2025-06-21T22:00,23.7,97,22.1,0.0,867.4,-109.5,Wayanad (Meppadi),11.5534,76.132,780,38.12,252.4
2025-06-21T23:00,25.5,92,18.0,0.0,402.7,-125.2,Wayanad (Meppadi),11.5534,76.132,780,37.65,247.93
2025-06-22T00:00,21.5,97,10.0,0.03,1213.5,-20.6,Wayanad (Meppadi),11.5534,76.132,780,37.86,263.21
2025-06-22T01:00,21.5,88,19.5,0.0,1205.7,-136.6,Wayanad (Meppadi),11.5534,76.132,780,36.54,250.34
2025-06-22T02:00,20.1,92,7.2,0.0,1067.6,-94.4,Wayanad (Meppadi),11.5534,76.132,780,36.89,270.57
2025-06-22T03:00,19.7,97,26.5,0.0,1367.1,-140.0,Wayanad (Meppadi),11.5534,76.132,780,37.53,270.66
2025-06-22T04:00,20.7,96,5.4,0.0,590.3,-122.6,Wayanad (Meppadi),11.5534,76.132,780,37.64,270.77
2025-06-22T05:00,22.2,91,50.7,16.89,3386.7,-15.2,Wayanad (Meppadi),11.5534,76.132,780,47.57,223.49
2025-06-22T06:00,21.7,97,7.6,0.55,1341.6,-46.8,Wayanad (Meppadi),11.5534,76.132,780,37.82,275.16
2025-06-22T07:00,22.3,91,18.5,0.32,1240.8,-103.5,Wayanad (Meppadi),11.5534,76.132,780,37.04,277.12
2025-06-22T08:00,24.2,89,25.6,1.97,1189.0,-43.3,Wayanad (Meppadi),11.5534,76.132,780,37.04,265.17
2025-06-22T09:00,24.7,88,14.1,0.0,641.0,-91.0,Wayanad (Meppadi),11.5534,76.132,780,36.92,253.14
2025-06-22T10:00,25.7,92,13.3,0.0,508.0,-37.5,Wayanad (Meppadi),11.5534,76.132,780,37.62,269.97
2025-06-22T11:00,27.7,89,25.4,0.0,281.9,-149.3,Wayanad (Meppadi),11.5534,76.132,780,37.5,255.31
2025-06-22T12:00,28.3,91,9.9,0.25,496.5,-44.5,Wayanad (Meppadi),11.5534,76.132,780,37.83,274.73
2025-06-22T13:00,29.3,84,13.5,1.19,1289.2,-157.4,Wayanad (Meppadi),11.5534,76.132,780,37.03,257.59
2025-06-22T14:00,26.4,89,82.7,31.49,3790.4,-14.9,Wayanad (Meppadi),11.5534,76.132,780,52.95,228.3
2025-06-22T15:00,29.0,82,20.8,0.23,887.1,-153.5,Wayanad (Meppadi),11.5534,76.132,780,36.66,270.75
2025-06-22T16:00,29.9,81,5.4,0.0,479.4,-79.9,Wayanad (Meppadi),11.5534,76.132,780,36.59,276.15
2025-06-22T17:00,25.6,80,7.6,0.0,438.3,-137.4,Wayanad (Meppadi),11.5534,76.132,780,35.93,269.38
2025-06-22T18:00,27.0,82,22.5,0.0,371.0,-132.0,Wayanad (Meppadi),11.5534,76.132,780,36.44,257.83
2025-06-22T19:00,25.6,84,7.5,0.0,314.2,-40.1,Wayanad (Meppadi),11.5534,76.132,780,36.5,275.91
2025-06-22T20:00,25.4,83,8.4,0.02,975.1,-34.1,Wayanad (Meppadi),11.5534,76.132,780,36.38,279.01
2025-06-22T21:00,25.9,86,19.2,1.25,856.0,-49.1,Wayanad (Meppadi),11.5534,76.132,780,36.78,267.51
2025-06-22T22:00,21.9,92,13.2,0.0,788.4,-107.0,Wayanad (Meppadi),11.5534,76.132,780,37.19,270.52
2025-06-22T23:00,23.0,90,18.5,1.17,1386.1,-102.3,Wayanad (Meppadi),11.5534,76.132,780,36.96,252.85
2025-06-23T00:00,21.3,86,22.9,0.0,1265.9,-66.9,Wayanad (Meppadi),11.5534,76.132,780,36.23,262.76
2025-06-23T01:00,22.9,87,27.9,0.0,1197.4,-127.8,Wayanad (Meppadi),11.5534,76.132,780,36.57,278.99
2025-06-23T02:00,21.6,86,11.9,0.18,313.4,-119.4,Wayanad (Meppadi),11.5534,76.132,780,36.3,252.7
2025-06-23T03:00,20.8,89,19.4,0.0,413.8,-33.1,Wayanad (Meppadi),11.5534,76.132,780,36.62,256.88
2025-06-23T04:00,20.3,90,26.7,0.0,1050.5,-34.4,Wayanad (Meppadi),11.5534,76.132,780,36.63,260.64
2025-06-23T05:00,24.7,90,28.0,0.0,1085.8,-129.1,Wayanad (Meppadi),11.5534,76.132,780,37.27,271.94
2025-06-23T06:00,22.4,94,25.0,0.0,1340.2,-139.3,Wayanad (Meppadi),11.5534,76.132,780,37.52,260.89
2025-06-23T07:00,21.0,86,7.3,0.52,422.3,-134.2,Wayanad (Meppadi),11.5534,76.132,780,36.23,266.51
2025-06-23T08:00,22.6,86,14.7,0.0,540.2,-142.0,Wayanad (Meppadi),11.5534,76.132,780,36.4,264.08
2025-06-23T09:00,25.0,81,17.9,0.82,1034.1,-70.1,Wayanad (Meppadi),11.5534,76.132,780,35.92,258.48
2025-06-23T10:00,24.5,84,5.2,0.21,604.4,-93.3,Wayanad (Meppadi),11.5534,76.132,780,36.28,275.45
2025-06-23T11:00,25.5,87,55.2,31.48,2274.3,-10.6,Wayanad (Meppadi),11.5534,76.132,780,51.63,216.91
2025-06-23T12:00,28.2,83,25.0,0.0,960.4,-46.2,Wayanad (Meppadi),11.5534,76.132,780,36.69,274.0
2025-06-23T13:00,28.6,82,7.4,0.0,1213.8,-122.4,Wayanad (Meppadi),11.5534,76.132,780,36.65,270.69
2025-06-23T14:00,27.2,81,81.8,109.12,3121.6,-9.3,Wayanad (Meppadi),11.5534,76.132,780,59.32,198.57
2025-06-23T15:00,29.4,76,56.8,48.34,2662.2,-19.9,Wayanad (Meppadi),11.5534,76.132,780,57.96,218.57
2025-06-23T16:00,27.0,80,53.9,19.86,2983.1,-10.3,Wayanad (Meppadi),11.5534,76.132,780,59.5,230.03
2025-06-23T17:00,29.6,83,64.5,46.42,3181.0,-27.6,Wayanad (Meppadi),11.5534,76.132,780,66.71,213.33
2025-06-23T18:00,27.6,87,11.2,0.0,461.0,-119.7,Wayanad (Meppadi),11.5534,76.132,780,37.21,277.0
2025-06-23T19:00,26.6,86,81.4,45.91,4196.0,-0.9,Wayanad (Meppadi),11.5534,76.132,780,71.22,208.94
2025-06-23T20:00,24.9,90,60.9,36.38,3147.7,-21.3,Wayanad (Meppadi),11.5534,76.132,780,55.35,226.73
2025-06-23T21:00,23.8,84,25.6,0.0,439.3,-156.0,Wayanad (Meppadi),11.5534,76.132,780,36.2,263.11
2025-06-23T22:00,20.8,84,13.4,0.84,264.7,-157.5,Wayanad (Meppadi),11.5534,76.132,780,35.81,276.92
2025-06-23T23:00,22.4,84,22.9,0.0,568.7,-85.2,Wayanad (Meppadi),11.5534,76.132,780,36.13,275.27
2025-06-24T00:00,22.0,96,11.6,0.0,256.3,-129.5,Wayanad (Meppadi),11.5534,76.132,780,37.78,252.24
2025-06-24T01:00,19.3,88,9.0,0.31,824.7,-96.3,Wayanad (Meppadi),11.5534,76.132,780,36.26,256.6
2025-06-24T02:00,22.1,99,6.0,2.73,973.6,-147.3,Wayanad (Meppadi),11.5534,76.132,780,38.19,269.76
2025-06-24T03:00,20.8,93,12.6,0.0,1363.5,-96.6,Wayanad (Meppadi),11.5534,76.132,780,37.18,261.09
2025-06-24T04:00,22.6,99,63.1,12.51,2241.8,-25.4,Wayanad (Meppadi),11.5534,76.132,780,58.43,232.13
2025-06-24T05:00,20.6,92,27.8,0.0,1089.4,-61.2,Wayanad (Meppadi),11.5534,76.132,780,37.02,261.68
2025-06-24T06:00,23.5,91,26.3,0.0,953.0,-45.2,Wayanad (Meppadi),11.5534,76.132,780,37.29,251.97
2025-06-24T07:00,22.2,92,6.0,0.0,852.5,-146.0,Wayanad (Meppadi),11.5534,76.132,780,37.17,272.35
2025-06-24T08:00,23.5,88,27.6,0.0,770.7,-116.8,Wayanad (Meppadi),11.5534,76.132,780,36.82,251.87
2025-06-24T09:00,24.8,90,5.6,0.0,920.2,-50.3,Wayanad (Meppadi),11.5534,76.132,780,37.21,267.18
2025-06-24T10:00,25.4,82,17.2,0.0,1169.6,-55.4,Wayanad (Meppadi),11.5534,76.132,780,36.17,263.88
2025-06-24T11:00,26.6,85,63.5,27.39,3093.0,-30.7,Wayanad (Meppadi),11.5534,76.132,780,52.62,229.14
2025-06-24T12:00,24.7,80,55.6,49.9,2458.0,-9.2,Wayanad (Meppadi),11.5534,76.132,780,50.34,221.99
2025-06-24T13:00,27.4,81,35.1,37.56,2451.5,-27.2,Wayanad (Meppadi),11.5534,76.132,780,52.9,211.87
2025-06-24T14:00,27.8,76,49.2,45.51,2805.7,-14.3,Wayanad (Meppadi),11.5534,76.132,780,60.91,221.64
2025-06-24T15:00,25.6,84,20.2,0.92,771.6,-22.0,Wayanad (Meppadi),11.5534,76.132,780,36.57,245.45
2025-06-24T16:00,28.7,80,59.9,19.09,3037.2,-33.1,Wayanad (Meppadi),11.5534,76.132,780,55.98,219.92
2025-06-24T17:00,26.4,86,78.6,17.11,3189.3,-12.5,Wayanad (Meppadi),11.5534,76.132,780,54.63,225.56
2025-06-24T18:00,28.1,80,67.7,44.5,2894.7,-7.6,Wayanad (Meppadi),11.5534,76.132,780,55.01,214.68
2025-06-24T19:00,26.4,84,60.6,95.72,3903.3,-4.6,Wayanad (Meppadi),11.5534,76.132,780,72.08,210.23
2025-06-24T20:00,24.7,90,82.0,19.94,2557.5,-31.2,Wayanad (Meppadi),11.5534,76.132,780,58.47,217.67
2025-06-24T21:00,25.7,83,21.1,1.04,638.0,-77.2,Wayanad (Meppadi),11.5534,76.132,780,36.41,254.07
2025-06-24T22:00,25.6,86,14.8,0.81,1117.6,-109.3,Wayanad (Meppadi),11.5534,76.132,780,36.83,278.53
2025-06-24T23:00,22.8,95,5.9,0.0,230.8,-89.6,Wayanad (Meppadi),11.5534,76.132,780,37.68,263.49
2025-06-25T00:00,23.7,98,5.8,0.0,711.3,-46.1,Wayanad (Meppadi),11.5534,76.132,780,38.32,262.97
2025-06-25T01:00,21.3,94,25.2,0.0,629.2,-126.8,Wayanad (Meppadi),11.5534,76.132,780,37.37,249.75
2025-06-25T02:00,22.3,91,15.3,0.14,807.3,-84.6,Wayanad (Meppadi),11.5534,76.132,780,37.05,253.35
2025-06-25T03:00,20.6,94,18.2,0.0,490.3,-97.3,Wayanad (Meppadi),11.5534,76.132,780,37.22,277.56
2025-06-25T04:00,23.3,99,7.9,0.48,668.5,-26.5,Wayanad (Meppadi),11.5534,76.132,780,38.36,262.87
2025-06-25T05:00,22.8,89,26.7,0.9,1347.3,-152.0,Wayanad (Meppadi),11.5534,76.132,780,36.8,248.52
2025-06-25T06:00,22.6,95,8.9,0.0,415.4,-156.5,Wayanad (Meppadi),11.5534,76.132,780,37.69,252.47
2025-06-25T07:00,19.7,92,10.2,0.0,771.4,-148.9,Wayanad (Meppadi),11.5534,76.132,780,36.85,256.7
2025-06-25T08:00,24.1,85,11.3,0.0,669.8,-68.4,Wayanad (Meppadi),11.5534,76.132,780,36.47,252.63
2025-06-25T09:00,23.0,87,26.3,0.0,295.7,-39.3,Wayanad (Meppadi),11.5534,76.132,780,36.55,258.03
2025-06-25T10:00,25.8,79,11.4,0.0,701.6,-113.6,Wayanad (Meppadi),11.5534,76.132,780,35.78,265.78
2025-06-25T11:00,27.8,86,20.2,0.33,406.6,-42.7,Wayanad (Meppadi),11.5534,76.132,780,37.04,264.15
2025-06-25T12:00,27.8,85,19.5,0.0,339.8,-144.5,Wayanad (Meppadi),11.5534,76.132,780,36.91,267.16
2025-06-25T13:00,28.6,76,55.4,17.66,3751.9,-44.6,Wayanad (Meppadi),11.5534,76.132,780,54.28,232.74
2025-06-25T14:00,27.4,83,18.6,0.0,362.3,-46.8,Wayanad (Meppadi),11.5534,76.132,780,36.67,259.72
2025-06-25T15:00,26.2,78,15.0,0.65,1304.7,-148.1,Wayanad (Meppadi),11.5534,76.132,780,35.73,258.72
2025-06-25T16:00,27.0,78,15.5,0.0,697.1,-68.7,Wayanad (Meppadi),11.5534,76.132,780,35.82,253.24
2025-06-25T17:00,27.1,78,5.1,0.0,1134.6,-72.5,Wayanad (Meppadi),11.5534,76.132,780,35.82,271.76
2025-06-25T18:00,27.0,86,25.9,0.0,956.1,-86.4,Wayanad (Meppadi),11.5534,76.132,780,36.93,267.56
2025-06-25T19:00,27.8,78,5.9,0.0,1376.9,-118.8,Wayanad (Meppadi),11.5534,76.132,780,35.87,265.07
2025-06-25T20:00,26.3,80,11.3,0.33,1156.6,-81.3,Wayanad (Meppadi),11.5534,76.132,780,35.97,278.6
2025-06-25T21:00,27.2,86,17.0,0.0,1163.0,-61.5,Wayanad (Meppadi),11.5534,76.132,780,36.95,248.39
2025-06-25T22:00,22.4,88,20.7,1.71,1362.0,-27.7,Wayanad (Meppadi),11.5534,76.132,780,36.58,265.71
2025-06-25T23:00,24.1,94,18.5,0.61,826.1,-42.6,Wayanad (Meppadi),11.5534,76.132,780,37.76,258.45
2025-06-26T00:00,23.1,93,8.7,0.0,715.0,-121.9,Wayanad (Meppadi),11.5534,76.132,780,37.4,250.03
2025-06-26T01:00,21.3,94,15.8,0.53,291.2,-132.2,Wayanad (Meppadi),11.5534,76.132,780,37.32,253.17
2025-06-26T02:00,20.0,88,18.5,0.0,540.9,-148.9,Wayanad (Meppadi),11.5534,76.132,780,36.35,259.95
2025-06-26T03:00,20.3,94,11.3,1.16,467.9,-116.1,Wayanad (Meppadi),11.5534,76.132,780,37.23,270.14
2025-06-26T04:00,20.3,85,9.6,0.0,393.5,-62.5,Wayanad (Meppadi),11.5534,76.132,780,35.94,275.11
2025-06-26T05:00,23.5,95,24.5,0.0,591.7,-78.0,Wayanad (Meppadi),11.5534,76.132,780,37.82,260.62
2025-06-26T06:00,23.0,96,10.6,0.0,940.3,-93.8,Wayanad (Meppadi),11.5534,76.132,780,37.84,256.4
2025-06-26T07:00,23.8,88,14.6,0.33,1292.6,-88.8,Wayanad (Meppadi),11.5534,76.132,780,36.89,262.91
2025-06-26T08:00,23.7,91,19.0,0.23,1234.4,-103.6,Wayanad (Meppadi),11.5534,76.132,780,37.31,265.7
2025-06-26T09:00,24.2,86,81.2,26.03,2935.5,-15.4,Wayanad (Meppadi),11.5534,76.132,780,49.05,232.15
2025-06-26T10:00,25.8,91,9.4,0.0,1055.4,-105.2,Wayanad (Meppadi),11.5534,76.132,780,37.57,279.43
2025-06-26T11:00,26.4,85,23.7,0.0,1297.7,-89.3,Wayanad (Meppadi),11.5534,76.132,780,36.81,249.72
2025-06-26T12:00,26.9,79,17.9,0.0,755.0,-48.5,Wayanad (Meppadi),11.5534,76.132,780,35.91,245.84
2025-06-26T13:00,28.0,87,8.0,0.08,723.6,-81.9,Wayanad (Meppadi),11.5534,76.132,780,37.21,254.6
2025-06-26T14:00,26.6,85,7.9,0.0,565.8,-141.3,Wayanad (Meppadi),11.5534,76.132,780,36.72,259.35
2025-06-26T15:00,28.3,79,13.5,0.0,1057.4,-78.5,Wayanad (Meppadi),11.5534,76.132,780,36.18,249.42
2025-06-26T16:00,27.7,83,19.2,0.0,293.9,-97.9,Wayanad (Meppadi),11.5534,76.132,780,36.68,254.66
2025-06-26T17:00,26.7,84,11.6,0.0,692.5,-95.3,Wayanad (Meppadi),11.5534,76.132,780,36.62,254.39
2025-06-26T18:00,27.7,81,9.0,0.0,276.6,-154.9,Wayanad (Meppadi),11.5534,76.132,780,36.4,266.85
2025-06-26T19:00,28.4,85,26.0,0.0,569.2,-59.1,Wayanad (Meppadi),11.5534,76.132,780,36.99,261.39
2025-06-26T20:00,26.9,87,16.4,0.4,1167.9,-20.6,Wayanad (Meppadi),11.5534,76.132,780,37.15,251.91
2025-06-26T21:00,24.2,85,25.5,0.0,1316.0,-66.0,Wayanad (Meppadi),11.5534,76.132,780,36.49,272.59
2025-06-26T22:00,24.4,95,26.4,0.0,1052.9,-146.6,Wayanad (Meppadi),11.5534,76.132,780,37.96,253.8
2025-06-26T23:00,23.8,84,14.0,0.0,722.8,-44.9,Wayanad (Meppadi),11.5534,76.132,780,36.19,247.78
2025-06-27T00:00,22.2,96,15.2,0.57,458.6,-75.9,Wayanad (Meppadi),11.5534,76.132,780,37.72,259.35
2025-06-27T01:00,21.4,89,69.4,24.02,3252.6,-12.3,Wayanad (Meppadi),11.5534,76.132,780,50.26,220.57
2025-06-27T02:00,21.5,94,25.2,0.04,577.4,-39.3,Wayanad (Meppadi),11.5534,76.132,780,37.36,270.98
2025-06-27T03:00,24.0,89,22.1,0.0,1071.8,-152.6,Wayanad (Meppadi),11.5534,76.132,780,36.96,253.85
2025-06-27T04:00,21.4,89,13.4,0.0,621.0,-127.6,Wayanad (Meppadi),11.5534,76.132,780,36.73,275.22
2025-06-27T05:00,19.9,94,25.6,0.0,700.3,-70.5,Wayanad (Meppadi),11.5534,76.132,780,37.13,251.41
2025-06-27T06:00,20.8,93,9.1,0.19,1268.2,-147.7,Wayanad (Meppadi),11.5534,76.132,780,37.18,272.76
2025-06-27T07:00,22.5,96,18.4,1.19,1050.9,-129.9,Wayanad (Meppadi),11.5534,76.132,780,37.79,247.98
2025-06-27T08:00,22.1,88,67.2,13.15,2709.2,-45.0,Wayanad (Meppadi),11.5534,76.132,780,53.28,216.84
2025-06-27T09:00,24.3,90,27.6,0.0,735.2,-94.8,Wayanad (Meppadi),11.5534,76.132,780,37.27,279.17
2025-06-27T10:00,28.1,86,25.2,0.0,1180.5,-53.3,Wayanad (Meppadi),11.5534,76.132,780,37.15,271.27
2025-06-27T11:00,25.6,87,13.4,0.23,1307.8,-143.7,Wayanad (Meppadi),11.5534,76.132,780,36.92,270.05
2025-06-27T12:00,25.7,79,21.8,0.0,818.0,-159.6,Wayanad (Meppadi),11.5534,76.132,780,35.72,273.15
2025-06-27T13:00,27.3,82,16.2,1.21,1227.1,-99.5,Wayanad (Meppadi),11.5534,76.132,780,36.47,273.46
2025-06-27T14:00,27.8,83,20.8,0.24,216.3,-55.7,Wayanad (Meppadi),11.5534,76.132,780,36.6,277.02
2025-06-27T15:00,26.8,79,13.1,0.0,975.5,-45.0,Wayanad (Meppadi),11.5534,76.132,780,35.92,278.9
2025-06-27T16:00,26.4,83,23.5,0.0,310.1,-107.5,Wayanad (Meppadi),11.5534,76.132,780,36.42,253.35
2025-06-27T17:00,29.2,84,27.2,0.0,975.7,-126.7,Wayanad (Meppadi),11.5534,76.132,780,36.96,253.09
2025-06-27T18:00,27.6,81,58.5,28.49,3494.7,-20.7,Wayanad (Meppadi),11.5534,76.132,780,49.3,216.41
2025-06-27T19:00,25.7,88,22.1,0.01,297.7,-36.1,Wayanad (Meppadi),11.5534,76.132,780,37.04,258.19
2025-06-27T20:00,24.0,77,11.2,0.0,709.1,-147.6,Wayanad (Meppadi),11.5534,76.132,780,35.24,262.55
2025-06-27T21:00,23.9,80,19.9,0.0,1004.0,-25.8,Wayanad (Meppadi),11.5534,76.132,780,35.72,258.63
2025-06-27T22:00,22.1,86,26.1,0.0,628.7,-126.2,Wayanad (Meppadi),11.5534,76.132,780,36.27,247.12
2025-06-27T23:00,22.1,93,25.9,0.0,1208.8,-141.7,Wayanad (Meppadi),11.5534,76.132,780,37.27,248.25
2025-06-28T00:00,24.5,90,18.8,0.0,282.3,-73.3,Wayanad (Meppadi),11.5534,76.132,780,37.22,260.78
2025-06-28T01:00,21.8,89,21.4,0.0,1351.6,-45.9,Wayanad (Meppadi),11.5534,76.132,780,36.66,250.53
2025-06-28T02:00,20.4,94,11.5,0.0,780.9,-63.4,Wayanad (Meppadi),11.5534,76.132,780,37.29,277.57
2025-06-28T03:00,21.8,95,22.1,0.13,374.9,-71.0,Wayanad (Meppadi),11.5534,76.132,780,37.64,268.83
2025-06-28T04:00,20.0,92,72.4,17.59,2480.2,-43.9,Wayanad (Meppadi),11.5534,76.132,780,47.41,218.82
2025-06-28T05:00,21.0,89,16.2,0.0,213.1,-20.8,Wayanad (Meppadi),11.5534,76.132,780,36.64,262.67
2025-06-28T06:00,19.8,93,27.5,0.0,694.0,-144.6,Wayanad (Meppadi),11.5534,76.132,780,37.01,245.32
2025-06-28T07:00,24.3,95,11.9,0.0,256.1,-95.3,Wayanad (Meppadi),11.5534,76.132,780,37.87,253.22
2025-06-28T08:00,23.4,85,23.2,0.0,864.2,-30.9,Wayanad (Meppadi),11.5534,76.132,780,36.33,263.43
2025-06-28T09:00,23.5,94,27.9,0.0,894.0,-153.1,Wayanad (Meppadi),11.5534,76.132,780,37.72,250.18
2025-06-28T10:00,26.2,84,19.8,0.0,818.3,-23.3,Wayanad (Meppadi),11.5534,76.132,780,36.57,277.89
2025-06-28T11:00,25.0,82,59.8,20.29,3513.1,-43.0,Wayanad (Meppadi),11.5534,76.132,780,54.54,224.52
2025-06-28T12:00,25.8,84,9.6,0.33,589.4,-117.2,Wayanad (Meppadi),11.5534,76.132,780,36.46,265.57
2025-06-28T13:00,27.1,82,23.3,0.0,1043.1,-105.9,Wayanad (Meppadi),11.5534,76.132,780,36.46,255.89
2025-06-28T14:00,26.4,72,22.8,0.0,528.0,-106.2,Wayanad (Meppadi),11.5534,76.132,780,34.86,252.63
2025-06-28T15:00,27.2,81,21.1,0.0,1233.9,-70.7,Wayanad (Meppadi),11.5534,76.132,780,36.21,258.5
2025-06-28T16:00,27.6,84,83.7,12.5,3128.2,-38.7,Wayanad (Meppadi),11.5534,76.132,780,57.01,221.75
2025-06-28T17:00,27.4,86,17.9,1.21,1358.7,-67.4,Wayanad (Meppadi),11.5534,76.132,780,37.05,267.68
2025-06-28T18:00,25.4,83,14.9,0.0,1179.1,-63.7,Wayanad (Meppadi),11.5534,76.132,780,36.26,253.0
2025-06-28T19:00,26.0,83,5.8,0.0,1016.4,-75.2,Wayanad (Meppadi),11.5534,76.132,780,36.41,272.85
2025-06-28T20:00,26.1,89,25.8,0.0,1329.1,-119.9,Wayanad (Meppadi),11.5534,76.132,780,37.31,272.87
2025-06-28T21:00,25.4,95,21.3,2.23,1243.7,-124.7,Wayanad (Meppadi),11.5534,76.132,780,38.1,259.86
2025-06-28T22:00,23.0,90,10.7,0.27,590.4,-79.0,Wayanad (Meppadi),11.5534,76.132,780,37.05,248.83
2025-06-28T23:00,22.5,91,12.0,0.0,999.2,-129.5,Wayanad (Meppadi),11.5534,76.132,780,37.06,251.4
2025-06-29T00:00,21.7,98,25.2,0.0,1379.5,-136.9,Wayanad (Meppadi),11.5534,76.132,780,37.99,261.79
2025-06-29T01:00,19.8,90,7.5,0.0,468.4,-128.1,Wayanad (Meppadi),11.5534,76.132,780,36.51,260.98
2025-06-29T02:00,20.5,95,21.5,0.0,1099.2,-30.2,Wayanad (Meppadi),11.5534,76.132,780,37.39,268.08
2025-06-29T03:00,22.0,99,19.0,0.0,413.8,-102.2,Wayanad (Meppadi),11.5534,76.132,780,38.17,277.94
2025-06-29T04:00,22.1,97,5.3,0.15,599.8,-118.1,Wayanad (Meppadi),11.5534,76.132,780,37.84,277.07
2025-06-29T05:00,22.0,97,26.6,0.0,1222.8,-135.3,Wayanad (Meppadi),11.5534,76.132,780,37.9,276.22
2025-06-29T06:00,18.8,92,22.1,0.0,668.6,-69.1,Wayanad (Meppadi),11.5534,76.132,780,36.68,260.11
2025-06-29T07:00,21.8,94,15.0,0.0,1094.3,-22.9,Wayanad (Meppadi),11.5534,76.132,780,37.41,267.06
2025-06-29T08:00,24.2,95,17.7,0.02,857.1,-144.0,Wayanad (Meppadi),11.5534,76.132,780,37.86,269.95
2025-06-29T09:00,26.6,82,58.3,19.4,2576.7,-44.4,Wayanad (Meppadi),11.5534,76.132,780,52.68,228.25
2025-06-29T10:00,25.4,86,18.6,0.06,1038.5,-86.3,Wayanad (Meppadi),11.5534,76.132,780,36.73,263.12
2025-06-29T11:00,26.4,86,14.4,0.0,875.9,-113.7,Wayanad (Meppadi),11.5534,76.132,780,36.88,256.46
2025-06-29T12:00,26.8,83,10.1,0.0,796.4,-159.5,Wayanad (Meppadi),11.5534,76.132,780,36.49,262.14
2025-06-29T13:00,26.0,80,60.1,34.63,3750.6,-17.8,Wayanad (Meppadi),11.5534,76.132,780,47.53,224.2
2025-06-29T14:00,28.3,87,66.6,28.36,3524.5,-44.9,Wayanad (Meppadi),11.5534,76.132,780,53.41,219.09
2025-06-29T15:00,26.2,82,25.1,0.0,200.6,-90.7,Wayanad (Meppadi),11.5534,76.132,780,36.25,253.23
2025-06-29T16:00,27.8,78,10.5,0.0,519.3,-69.9,Wayanad (Meppadi),11.5534,76.132,780,35.97,277.92
2025-06-29T17:00,27.6,86,78.2,34.67,2723.7,-34.2,Wayanad (Meppadi),11.5534,76.132,780,44.98,232.15
2025-06-29T18:00,27.0,89,8.1,0.0,627.4,-75.9,Wayanad (Meppadi),11.5534,76.132,780,37.37,271.11
2025-06-29T19:00,24.7,89,74.5,25.79,2668.0,-28.3,Wayanad (Meppadi),11.5534,76.132,780,52.17,222.22
2025-06-29T20:00,24.6,85,25.3,0.0,1379.4,-151.6,Wayanad (Meppadi),11.5534,76.132,780,36.43,278.44
2025-06-29T21:00,25.3,87,13.4,0.0,477.3,-158.1,Wayanad (Meppadi),11.5534,76.132,780,36.83,250.34
2025-06-29T22:00,23.7,86,18.2,0.87,496.5,-109.6,Wayanad (Meppadi),11.5534,76.132,780,36.48,247.66
2025-06-29T23:00,21.9,93,22.0,0.41,1297.7,-127.8,Wayanad (Meppadi),11.5534,76.132,780,37.23,245.19
2025-06-30T00:00,20.7,97,65.6,31.21,2297.2,-12.0,Wayanad (Meppadi),11.5534,76.132,780,62.15,224.01
2025-06-30T01:00,22.4,96,15.5,0.0,505.8,-79.8,Wayanad (Meppadi),11.5534,76.132,780,37.85,276.55
2025-06-30T02:00,21.2,99,62.8,26.79,2883.8,-7.9,Wayanad (Meppadi),11.5534,76.132,780,60.05,217.37
2025-06-30T03:00,19.6,87,20.5,0.0,581.9,-39.8,Wayanad (Meppadi),11.5534,76.132,780,36.15,258.26
2025-06-30T04:00,20.9,95,7.7,0.0,911.4,-102.2,Wayanad (Meppadi),11.5534,76.132,780,37.5,263.53
2025-06-30T05:00,20.5,97,5.9,0.04,802.8,-118.9,Wayanad (Meppadi),11.5534,76.132,780,37.74,264.95
2025-06-30T06:00,22.4,91,25.6,0.09,458.5,-91.7,Wayanad (Meppadi),11.5534,76.132,780,37.01,247.23
2025-06-30T07:00,24.3,87,68.7,18.9,2519.4,-18.0,Wayanad (Meppadi),11.5534,76.132,780,44.74,200.75
2025-06-30T08:00,22.3,85,17.8,0.0,465.2,-123.4,Wayanad (Meppadi),11.5534,76.132,780,36.19,245.96
2025-06-30T09:00,24.7,88,68.5,49.8,4595.4,-14.5,Wayanad (Meppadi),11.5534,76.132,780,72.88,202.11
2025-06-30T10:00,25.6,81,27.3,0.13,387.3,-55.6,Wayanad (Meppadi),11.5534,76.132,780,36.09,276.22
2025-06-30T11:00,23.7,90,15.6,0.24,369.8,-91.1,Wayanad (Meppadi),11.5534,76.132,780,37.17,267.53
2025-06-30T12:00,28.0,85,21.1,0.0,290.5,-139.3,Wayanad (Meppadi),11.5534,76.132,780,36.99,259.47
2025-06-30T13:00,30.0,81,27.1,0.07,808.3,-58.9,Wayanad (Meppadi),11.5534,76.132,780,36.68,266.88
2025-06-30T14:00,28.0,81,73.4,62.09,4196.5,-4.7,Wayanad (Meppadi),11.5534,76.132,780,71.13,210.84
2025-06-30T15:00,29.6,85,14.7,0.0,766.7,-77.1,Wayanad (Meppadi),11.5534,76.132,780,37.25,257.37
2025-06-30T16:00,26.4,87,56.9,16.4,2524.8,-17.1,Wayanad (Meppadi),11.5534,76.132,780,55.14,232.33
2025-06-30T17:00,26.7,78,7.1,0.36,945.0,-82.6,Wayanad (Meppadi),11.5534,76.132,780,35.78,248.36
2025-06-30T18:00,27.1,80,8.8,0.0,889.7,-106.6,Wayanad (Meppadi),11.5534,76.132,780,36.12,277.7
2025-06-30T19:00,25.2,83,73.6,90.74,3608.3,-2.5,Wayanad (Meppadi),11.5534,76.132,780,57.17,203.04
2025-06-30T20:00,25.5,84,75.7,15.46,3650.9,-15.6,Wayanad (Meppadi),11.5534,76.132,780,55.04,226.88
2025-06-30T21:00,25.7,81,22.0,0.3,945.2,-138.6,Wayanad (Meppadi),11.5534,76.132,780,36.04,253.63
2025-06-30T22:00,22.5,87,6.0,0.0,989.4,-33.1,Wayanad (Meppadi),11.5534,76.132,780,36.45,270.75
2025-06-30T23:00,24.0,89,19.4,1.31,318.0,-156.1,Wayanad (Meppadi),11.5534,76.132,780,36.97,275.39
2025-07-01T00:00,19.7,88,58.7,26.0,2861.3,-29.5,Wayanad (Meppadi),11.5534,76.132,780,55.42,215.6
2025-07-01T01:00,20.8,96,8.4,0.0,1130.0,-111.2,Wayanad (Meppadi),11.5534,76.132,780,37.55,253.2
2025-07-01T02:00,20.9,94,7.5,0.0,402.7,-65.7,Wayanad (Meppadi),11.5534,76.132,780,37.34,255.61
2025-07-01T03:00,19.9,97,15.0,0.0,890.6,-135.7,Wayanad (Meppadi),11.5534,76.132,780,37.66,249.46
2025-07-01T04:00,20.5,91,7.2,0.0,1034.9,-122.1,Wayanad (Meppadi),11.5534,76.132,780,36.79,267.8
2025-07-01T05:00,23.1,97,16.8,3.45,1392.2,-117.1,Wayanad (Meppadi),11.5534,76.132,780,37.99,269.04
2025-07-01T06:00,23.5,94,21.3,0.08,935.0,-31.1,Wayanad (Meppadi),11.5534,76.132,780,37.6,270.44
2025-07-01T07:00,23.6,89,20.7,0.0,554.9,-126.4,Wayanad (Meppadi),11.5534,76.132,780,37.0,253.41
2025-07-01T08:00,24.8,96,61.5,98.47,4520.5,-14.9,Wayanad (Meppadi),11.5534,76.132,780,68.05,197.95
2025-07-01T09:00,23.8,88,24.7,0.0,858.5,-85.2,Wayanad (Meppadi),11.5534,76.132,780,36.9,270.38
2025-07-01T10:00,23.9,84,74.8,31.08,3163.9,-44.1,Wayanad (Meppadi),11.5534,76.132,780,59.0,223.55
2025-07-01T11:00,25.3,86,15.0,0.0,281.8,-62.3,Wayanad (Meppadi),11.5534,76.132,780,36.69,256.21
2025-07-01T12:00,26.2,79,6.5,1.68,995.9,-89.6,Wayanad (Meppadi),11.5534,76.132,780,35.87,268.3
2025-07-01T13:00,26.8,81,7.7,0.0,1257.7,-38.4,Wayanad (Meppadi),11.5534,76.132,780,36.25,272.91
2025-07-01T14:00,28.5,89,79.5,19.1,3606.1,-23.9,Wayanad (Meppadi),11.5534,76.132,780,47.94,219.52
2025-07-01T15:00,28.4,74,80.0,17.75,2595.9,-43.0,Wayanad (Meppadi),11.5534,76.132,780,58.41,219.98
2025-07-01T16:00,27.7,79,56.8,52.46,3377.3,-14.4,Wayanad (Meppadi),11.5534,76.132,780,68.56,208.39
2025-07-01T17:00,27.4,81,17.4,0.04,948.3,-46.7,Wayanad (Meppadi),11.5534,76.132,780,36.35,259.17
2025-07-01T18:00,28.3,82,11.4,0.86,1060.4,-156.9,Wayanad (Meppadi),11.5534,76.132,780,36.51,273.25
2025-07-01T19:00,24.7,82,7.4,0.17,1184.2,-146.5,Wayanad (Meppadi),11.5534,76.132,780,36.15,248.45
2025-07-01T20:00,26.4,93,85.1,103.9,2941.3,-5.2,Wayanad (Meppadi),11.5534,76.132,780,76.63,195.52
2025-07-01T21:00,22.0,86,66.7,33.89,2381.4,-17.4,Wayanad (Meppadi),11.5534,76.132,780,53.94,223.39
2025-07-01T22:00,22.9,91,22.1,0.0,1258.0,-112.5,Wayanad (Meppadi),11.5534,76.132,780,37.21,249.26
2025-07-01T23:00,24.6,89,76.6,12.19,3162.7,-43.9,Wayanad (Meppadi),11.5534,76.132,780,57.68,219.12
2025-07-02T00:00,22.4,95,13.4,0.0,439.6,-103.6,Wayanad (Meppadi),11.5534,76.132,780,37.59,251.81
2025-07-02T01:00,20.9,98,18.2,0.89,1330.9,-159.6,Wayanad (Meppadi),11.5534,76.132,780,37.85,269.0
2025-07-02T02:00,22.2,94,13.5,0.0,298.3,-63.4,Wayanad (Meppadi),11.5534,76.132,780,37.56,257.02
2025-07-02T03:00,21.7,93,19.3,0.0,1097.1,-20.6,Wayanad (Meppadi),11.5534,76.132,780,37.23,255.37
2025-07-02T04:00,21.8,94,23.9,0.03,1194.1,-83.4,Wayanad (Meppadi),11.5534,76.132,780,37.47,274.95
2025-07-02T05:00,21.2,96,23.4,1.32,555.4,-39.1,Wayanad (Meppadi),11.5534,76.132,780,37.67,261.99
2025-07-02T06:00,23.2,96,25.0,0.0,963.8,-52.3,Wayanad (Meppadi),11.5534,76.132,780,37.97,259.11
2025-07-02T07:00,22.0,93,5.3,0.26,1247.4,-37.1,Wayanad (Meppadi),11.5534,76.132,780,37.24,279.39
2025-07-02T08:00,22.8,89,19.7,1.11,388.8,-118.2,Wayanad (Meppadi),11.5534,76.132,780,36.91,275.48
2025-07-02T09:00,26.7,93,56.1,26.89,2927.2,-13.3,Wayanad (Meppadi),11.5534,76.132,780,48.51,227.65
2025-07-02T10:00,24.8,84,6.1,0.15,205.9,-130.0,Wayanad (Meppadi),11.5534,76.132,780,36.34,267.45
2025-07-02T11:00,23.8,83,13.0,0.0,312.2,-94.8,Wayanad (Meppadi),11.5534,76.132,780,36.08,262.44
2025-07-02T12:00,28.2,90,7.2,0.06,1251.7,-95.7,Wayanad (Meppadi),11.5534,76.132,780,37.78,253.55
2025-07-02T13:00,29.2,82,50.8,24.35,2546.9,-40.3,Wayanad (Meppadi),11.5534,76.132,780,57.72,234.03
2025-07-02T14:00,27.6,84,13.3,0.0,1052.8,-110.1,Wayanad (Meppadi),11.5534,76.132,780,36.75,271.95
2025-07-02T15:00,25.5,77,12.4,0.0,214.4,-69.0,Wayanad (Meppadi),11.5534,76.132,780,35.51,248.21
2025-07-02T16:00,27.8,85,9.4,0.48,1207.5,-55.4,Wayanad (Meppadi),11.5534,76.132,780,36.98,249.69
2025-07-02T17:00,30.0,77,11.0,0.0,1208.9,-75.3,Wayanad (Meppadi),11.5534,76.132,780,36.11,276.47
2025-07-02T18:00,27.2,78,10.1,0.0,1271.1,-141.6,Wayanad (Meppadi),11.5534,76.132,780,35.85,265.1
2025-07-02T19:00,27.2,88,17.2,0.0,929.3,-129.4,Wayanad (Meppadi),11.5534,76.132,780,37.31,260.75
2025-07-02T20:00,26.4,85,12.8,0.0,1221.8,-91.0,Wayanad (Meppadi),11.5534,76.132,780,36.72,261.83
2025-07-02T21:00,25.7,87,23.2,0.59,579.3,-132.1,Wayanad (Meppadi),11.5534,76.132,780,36.95,270.04
2025-07-02T22:00,25.8,92,11.2,0.9,401.2,-107.7,Wayanad (Meppadi),11.5534,76.132,780,37.63,272.03
2025-07-02T23:00,24.0,90,22.0,0.0,575.5,-115.4,Wayanad (Meppadi),11.5534,76.132,780,37.21,255.65
2025-07-03T00:00,21.9,89,6.8,0.0,699.0,-42.7,Wayanad (Meppadi),11.5534,76.132,780,36.69,251.23
2025-07-03T01:00,20.1,92,22.0,0.0,225.0,-29.3,Wayanad (Meppadi),11.5534,76.132,780,36.88,261.01
2025-07-03T02:00,21.6,91,13.1,0.57,478.4,-75.9,Wayanad (Meppadi),11.5534,76.132,780,36.95,252.87
2025-07-03T03:00,20.8,99,11.7,0.79,965.3,-86.8,Wayanad (Meppadi),11.5534,76.132,780,38.01,277.71
2025-07-03T04:00,22.0,99,8.4,0.0,1283.9,-88.8,Wayanad (Meppadi),11.5534,76.132,780,38.18,268.76
2025-07-03T05:00,20.4,91,19.7,0.0,582.8,-90.0,Wayanad (Meppadi),11.5534,76.132,780,36.77,258.09
2025-07-03T06:00,21.7,95,68.9,13.16,2723.4,-42.3,Wayanad (Meppadi),11.5534,76.132,780,47.04,218.76
2025-07-03T07:00,22.8,90,19.8,0.0,727.5,-117.9,Wayanad (Meppadi),11.5534,76.132,780,37.05,251.11
2025-07-03T08:00,22.5,96,25.0,0.0,556.9,-150.6,Wayanad (Meppadi),11.5534,76.132,780,37.76,278.65
2025-07-03T09:00,24.5,97,5.4,0.0,269.6,-152.6,Wayanad (Meppadi),11.5534,76.132,780,38.32,278.31
2025-07-03T10:00,26.4,89,24.5,0.09,297.0,-47.5,Wayanad (Meppadi),11.5534,76.132,780,37.35,279.25
2025-07-03T11:00,28.5,82,25.3,0.21,926.5,-90.2,Wayanad (Meppadi),11.5534,76.132,780,36.67,255.45
2025-07-03T12:00,26.1,78,15.9,0.0,378.9,-87.8,Wayanad (Meppadi),11.5534,76.132,780,35.74,249.65
2025-07-03T13:00,28.6,83,18.7,0.55,555.5,-98.5,Wayanad (Meppadi),11.5534,76.132,780,36.75,271.02
2025-07-03T14:00,25.5,81,27.8,0.0,494.1,-98.5,Wayanad (Meppadi),11.5534,76.132,780,35.98,264.02
2025-07-03T15:00,28.0,75,81.4,25.35,2599.2,-21.6,Wayanad (Meppadi),11.5534,76.132,780,59.45,219.81
2025-07-03T16:00,28.0,82,79.2,33.18,2869.7,-40.2,Wayanad (Meppadi),11.5534,76.132,780,48.1,226.42
2025-07-03T17:00,28.5,90,11.4,0.0,967.6,-20.4,Wayanad (Meppadi),11.5534,76.132,780,37.84,253.86
2025-07-03T18:00,26.4,86,14.8,0.1,585.3,-155.6,Wayanad (Meppadi),11.5534,76.132,780,36.94,268.4
2025-07-03T19:00,26.5,80,7.3,0.0,976.5,-27.8,Wayanad (Meppadi),11.5534,76.132,780,36.01,270.09
2025-07-03T20:00,26.7,86,17.8,0.0,1314.7,-115.7,Wayanad (Meppadi),11.5534,76.132,780,36.96,267.94
2025-07-03T21:00,23.1,89,8.0,0.0,692.2,-40.4,Wayanad (Meppadi),11.5534,76.132,780,36.97,269.14
2025-07-03T22:00,21.2,92,14.1,0.0,992.1,-108.3,Wayanad (Meppadi),11.5534,76.132,780,37.03,259.64
2025-07-03T23:00,24.0,85,14.5,0.47,812.3,-155.7,Wayanad (Meppadi),11.5534,76.132,780,36.42,278.45
2025-07-04T00:00,20.8,92,22.9,0.1,266.0,-100.4,Wayanad (Meppadi),11.5534,76.132,780,37.08,276.52
2025-07-04T01:00,22.0,95,13.4,0.0,479.8,-64.2,Wayanad (Meppadi),11.5534,76.132,780,37.62,265.28
2025-07-04T02:00,23.5,94,5.3,0.0,543.9,-33.4,Wayanad (Meppadi),11.5534,76.132,780,37.66,276.21
2025-07-04T03:00,22.0,87,10.2,0.99,1396.2,-121.8,Wayanad (Meppadi),11.5534,76.132,780,36.49,245.53
2025-07-04T04:00,20.0,94,19.1,0.0,484.2,-22.0,Wayanad (Meppadi),11.5534,76.132,780,37.2,245.73
2025-07-04T05:00,19.7,97,17.4,0.0,420.1,-119.5,Wayanad (Meppadi),11.5534,76.132,780,37.6,250.43
2025-07-04T06:00,21.1,91,17.6,1.49,901.9,-32.1,Wayanad (Meppadi),11.5534,76.132,780,36.85,274.7
2025-07-04T07:00,23.0,90,16.2,0.0,293.3,-36.9,Wayanad (Meppadi),11.5534,76.132,780,36.96,279.57
2025-07-04T08:00,23.3,95,23.0,0.0,517.1,-121.8,Wayanad (Meppadi),11.5534,76.132,780,37.84,274.31
2025-07-04T09:00,26.1,87,15.4,0.0,695.9,-88.8,Wayanad (Meppadi),11.5534,76.132,780,37.04,250.86
2025-07-04T10:00,26.2,87,20.3,0.23,1183.9,-92.4,Wayanad (Meppadi),11.5534,76.132,780,36.97,253.08
2025-07-04T11:00,25.4,77,26.0,0.0,376.3,-67.9,Wayanad (Meppadi),11.5534,76.132,780,35.43,276.82
2025-07-04T12:00,28.0,79,17.9,0.0,1224.8,-154.2,Wayanad (Meppadi),11.5534,76.132,780,36.06,262.15
2025-07-04T13:00,29.3,91,52.0,16.62,3487.8,-41.2,Wayanad (Meppadi),11.5534,76.132,780,44.82,225.54
2025-07-04T14:00,27.5,88,14.6,0.0,796.1,-126.2,Wayanad (Meppadi),11.5534,76.132,780,37.33,247.25
2025-07-04T15:00,28.6,83,79.6,25.28,3753.4,-38.9,Wayanad (Meppadi),11.5534,76.132,780,59.59,231.91
2025-07-04T16:00,26.8,72,6.3,0.0,687.5,-134.5,Wayanad (Meppadi),11.5534,76.132,780,34.88,251.37
2025-07-04T17:00,27.4,77,23.8,0.0,1074.6,-66.0,Wayanad (Meppadi),11.5534,76.132,780,35.64,269.42
2025-07-04T18:00,25.9,78,9.7,0.0,1165.2,-54.9,Wayanad (Meppadi),11.5534,76.132,780,35.59,246.47
2025-07-04T19:00,27.7,79,82.9,19.36,2312.5,-40.4,Wayanad (Meppadi),11.5534,76.132,780,51.3,224.26
2025-07-04T20:00,24.8,85,17.3,0.22,1369.1,-53.8,Wayanad (Meppadi),11.5534,76.132,780,36.48,262.99
2025-07-04T21:00,25.0,91,21.3,0.11,1365.2,-137.6,Wayanad (Meppadi),11.5534,76.132,780,37.46,276.82
2025-07-04T22:00,24.4,87,19.3,0.0,1078.3,-81.5,Wayanad (Meppadi),11.5534,76.132,780,36.81,247.79
2025-07-04T23:00,26.5,90,23.9,0.0,672.4,-159.8,Wayanad (Meppadi),11.5534,76.132,780,37.54,255.49
2025-07-05T00:00,21.7,92,22.5,0.34,844.0,-108.0,Wayanad (Meppadi),11.5534,76.132,780,37.09,273.35
2025-07-05T01:00,20.5,98,25.5,0.0,789.6,-29.4,Wayanad (Meppadi),11.5534,76.132,780,37.78,276.16
2025-07-05T02:00,21.0,98,27.4,0.29,1109.6,-76.1,Wayanad (Meppadi),11.5534,76.132,780,37.95,256.6
2025-07-05T03:00,20.0,96,17.4,0.0,885.8,-93.4,Wayanad (Meppadi),11.5534,76.132,780,37.42,267.56
2025-07-05T04:00,20.5,99,24.7,0.0,1391.9,-119.3,Wayanad (Meppadi),11.5534,76.132,780,37.97,277.47
2025-07-05T05:00,22.3,93,17.1,0.0,285.0,-66.2,Wayanad (Meppadi),11.5534,76.132,780,37.29,267.4
2025-07-05T06:00,21.2,99,26.8,0.0,433.6,-157.5,Wayanad (Meppadi),11.5534,76.132,780,38.07,260.31
2025-07-05T07:00,23.4,89,14.2,0.0,740.4,-114.6,Wayanad (Meppadi),11.5534,76.132,780,36.94,251.43
2025-07-05T08:00,24.3,82,22.8,0.0,1355.2,-26.4,Wayanad (Meppadi),11.5534,76.132,780,36.02,268.09
2025-07-05T09:00,24.8,83,13.5,0.0,441.9,-61.6,Wayanad (Meppadi),11.5534,76.132,780,36.23,248.85
2025-07-05T10:00,26.2,81,12.5,0.0,1161.1,-131.5,Wayanad (Meppadi),11.5534,76.132,780,36.1,264.85
2025-07-05T11:00,25.9,82,15.6,0.0,898.3,-151.3,Wayanad (Meppadi),11.5534,76.132,780,36.17,254.96
2025-07-05T12:00,24.6,88,6.8,0.0,504.0,-59.2,Wayanad (Meppadi),11.5534,76.132,780,36.88,275.98
2025-07-05T13:00,27.6,80,10.9,0.0,1306.1,-21.8,Wayanad (Meppadi),11.5534,76.132,780,36.2,257.94
2025-07-05T14:00,28.0,76,14.5,0.0,1399.7,-91.8,Wayanad (Meppadi),11.5534,76.132,780,35.6,264.3
2025-07-05T15:00,27.6,75,11.8,0.0,496.4,-132.2,Wayanad (Meppadi),11.5534,76.132,780,35.45,264.1
2025-07-05T16:00,28.7,81,6.8,0.36,422.2,-140.4,Wayanad (Meppadi),11.5534,76.132,780,36.47,278.07
2025-07-05T17:00,28.4,88,9.9,0.0,1027.3,-57.3,Wayanad (Meppadi),11.5534,76.132,780,37.48,245.72
2025-07-05T18:00,27.2,84,81.0,16.71,3377.3,-21.4,Wayanad (Meppadi),11.5534,76.132,780,47.11,219.61
2025-07-05T19:00,26.4,88,9.1,0.0,736.5,-150.8,Wayanad (Meppadi),11.5534,76.132,780,37.23,259.28
2025-07-05T20:00,26.9,88,19.4,1.9,962.6,-77.6,Wayanad (Meppadi),11.5534,76.132,780,37.23,246.7
2025-07-05T21:00,23.2,82,24.1,0.5,223.9,-34.8,Wayanad (Meppadi),11.5534,76.132,780,35.86,274.19
2025-07-05T22:00,23.2,92,7.9,0.0,1189.9,-102.5,Wayanad (Meppadi),11.5534,76.132,780,37.37,272.43
2025-07-05T23:00,23.9,87,23.8,0.0,394.3,-124.2,Wayanad (Meppadi),11.5534,76.132,780,36.7,256.23
2025-07-06T00:00,22.7,91,23.2,0.0,1054.3,-77.4,Wayanad (Meppadi),11.5534,76.132,780,37.16,245.38
2025-07-06T01:00,21.2,91,26.2,0.08,326.1,-144.7,Wayanad (Meppadi),11.5534,76.132,780,36.94,260.25
2025-07-06T02:00,21.6,94,27.0,0.0,1291.9,-132.0,Wayanad (Meppadi),11.5534,76.132,780,37.45,259.63
2025-07-06T03:00,20.3,94,21.8,0.0,1099.7,-52.6,Wayanad (Meppadi),11.5534,76.132,780,37.23,263.04
2025-07-06T04:00,21.3,93,24.0,0.0,955.6,-100.2,Wayanad (Meppadi),11.5534,76.132,780,37.25,264.52
2025-07-06T05:00,22.3,93,14.1,0.0,1113.1,-121.2,Wayanad (Meppadi),11.5534,76.132,780,37.35,262.71
2025-07-06T06:00,23.6,94,24.3,0.0,797.5,-67.4,Wayanad (Meppadi),11.5534,76.132,780,37.68,266.89
2025-07-06T07:00,23.5,90,8.2,0.38,316.0,-91.6,Wayanad (Meppadi),11.5534,76.132,780,37.15,264.61
2025-07-06T08:00,25.2,89,15.2,0.0,1053.9,-112.9,Wayanad (Meppadi),11.5534,76.132,780,37.2,278.7
2025-07-06T09:00,22.8,96,21.4,2.87,1079.7,-106.4,Wayanad (Meppadi),11.5534,76.132,780,37.85,279.04
2025-07-06T10:00,22.8,90,16.7,0.0,380.4,-47.4,Wayanad (Meppadi),11.5534,76.132,780,37.03,256.14
2025-07-06T11:00,23.6,83,7.7,0.0,569.4,-20.6,Wayanad (Meppadi),11.5534,76.132,780,36.01,257.4
2025-07-06T12:00,28.3,83,18.4,0.0,1186.5,-31.3,Wayanad (Meppadi),11.5534,76.132,780,36.79,275.3
2025-07-06T13:00,28.3,82,26.3,0.67,651.3,-37.9,Wayanad (Meppadi),11.5534,76.132,780,36.57,271.81
2025-07-06T14:00,27.0,82,13.6,0.24,774.0,-112.0,Wayanad (Meppadi),11.5534,76.132,780,36.33,273.81
2025-07-06T15:00,27.5,81,12.5,0.0,1353.6,-151.3,Wayanad (Meppadi),11.5534,76.132,780,36.31,269.35
2025-07-06T16:00,28.3,82,56.7,18.11,2694.4,-11.5,Wayanad (Meppadi),11.5534,76.132,780,48.95,216.2
2025-07-06T17:00,26.7,81,24.8,0.0,482.7,-53.5,Wayanad (Meppadi),11.5534,76.132,780,36.19,269.04
2025-07-06T18:00,26.0,81,19.0,0.0,608.2,-47.6,Wayanad (Meppadi),11.5534,76.132,780,36.05,256.54
2025-07-06T19:00,25.5,83,15.5,0.0,484.3,-118.1,Wayanad (Meppadi),11.5534,76.132,780,36.32,257.16
2025-07-06T20:00,24.5,79,10.4,0.66,486.5,-137.0,Wayanad (Meppadi),11.5534,76.132,780,35.65,270.26
2025-07-06T21:00,24.6,91,14.9,0.0,389.0,-94.7,Wayanad (Meppadi),11.5534,76.132,780,37.35,250.77
2025-07-06T22:00,25.6,92,15.2,0.59,430.9,-135.1,Wayanad (Meppadi),11.5534,76.132,780,37.63,256.41
2025-07-06T23:00,21.5,99,12.7,0.52,663.4,-62.8,Wayanad (Meppadi),11.5534,76.132,780,38.11,265.82
2025-07-07T00:00,21.9,88,55.7,54.37,2534.4,-19.9,Wayanad (Meppadi),11.5534,76.132,780,63.23,216.11
2025-07-07T01:00,22.0,92,22.7,0.0,562.0,-29.5,Wayanad (Meppadi),11.5534,76.132,780,37.24,246.32
2025-07-07T02:00,21.8,99,61.6,64.18,1847.9,-25.7,Wayanad (Meppadi),11.5534,76.132,780,63.94,222.05
2025-07-07T03:00,20.4,96,11.8,0.0,280.7,-84.5,Wayanad (Meppadi),11.5534,76.132,780,37.59,246.63
2025-07-07T04:00,21.9,99,25.7,0.0,1022.5,-135.1,Wayanad (Meppadi),11.5534,76.132,780,38.16,259.72
2025-07-07T05:00,22.0,99,12.0,1.07,1194.3,-65.1,Wayanad (Meppadi),11.5534,76.132,780,38.17,255.46
2025-07-07T06:00,21.5,83,28.0,0.0,911.1,-39.5,Wayanad (Meppadi),11.5534,76.132,780,35.82,261.41
2025-07-07T07:00,21.1,93,9.9,0.0,1189.1,-156.1,Wayanad (Meppadi),11.5534,76.132,780,37.13,251.29
2025-07-07T08:00,22.2,91,11.9,0.0,972.9,-44.9,Wayanad (Meppadi),11.5534,76.132,780,37.04,272.69
2025-07-07T09:00,25.4,88,24.6,0.35,309.2,-56.9,Wayanad (Meppadi),11.5534,76.132,780,37.04,258.0
2025-07-07T10:00,27.1,84,20.7,0.0,882.4,-67.7,Wayanad (Meppadi),11.5534,76.132,780,36.77,270.41
2025-07-07T11:00,26.3,91,8.7,0.25,1019.6,-73.8,Wayanad (Meppadi),11.5534,76.132,780,37.58,275.42
2025-07-07T12:00,28.7,83,69.6,61.0,2473.3,-18.9,Wayanad (Meppadi),11.5534,76.132,780,65.14,213.72
2025-07-07T13:00,27.5,69,39.1,27.45,2609.5,-29.7,Wayanad (Meppadi),11.5534,76.132,780,62.44,226.77
2025-07-07T14:00,26.5,79,66.6,15.71,2336.8,-35.3,Wayanad (Meppadi),11.5534,76.132,780,46.77,215.15
2025-07-07T15:00,27.7,89,12.6,0.0,444.4,-46.9,Wayanad (Meppadi),11.5534,76.132,780,37.57,246.13
2025-07-07T16:00,29.7,77,60.9,17.83,2233.6,-23.9,Wayanad (Meppadi),11.5534,76.132,780,58.24,225.41
2025-07-07T17:00,26.8,87,36.4,37.33,1921.3,-12.3,Wayanad (Meppadi),11.5534,76.132,780,50.82,224.06
2025-07-07T18:00,26.8,87,23.3,0.26,691.5,-59.5,Wayanad (Meppadi),11.5534,76.132,780,37.14,254.63
2025-07-07T19:00,27.7,83,55.3,69.08,3940.3,-9.9,Wayanad (Meppadi),11.5534,76.132,780,65.86,197.65
2025-07-07T20:00,26.7,87,15.3,0.0,1352.5,-80.4,Wayanad (Meppadi),11.5534,76.132,780,37.09,257.79
2025-07-07T21:00,24.9,88,15.1,0.74,1081.0,-129.9,Wayanad (Meppadi),11.5534,76.132,780,36.94,267.74
2025-07-07T22:00,24.2,88,16.9,0.0,735.9,-134.5,Wayanad (Meppadi),11.5534,76.132,780,36.85,260.42
2025-07-07T23:00,24.0,89,26.2,0.04,826.7,-97.4,Wayanad (Meppadi),11.5534,76.132,780,36.99,275.82
2025-07-08T00:00,22.4,99,25.5,0.0,612.0,-49.9,Wayanad (Meppadi),11.5534,76.132,780,38.18,276.81
2025-07-08T01:00,23.0,93,45.8,33.3,2298.7,-11.6,Wayanad (Meppadi),11.5534,76.132,780,61.04,216.2
2025-07-08T02:00,21.9,92,26.0,0.0,434.6,-154.8,Wayanad (Meppadi),11.5534,76.132,780,37.11,250.41
2025-07-08T03:00,20.8,97,15.8,0.0,477.6,-109.0,Wayanad (Meppadi),11.5534,76.132,780,37.76,268.99
2025-07-08T04:00,21.6,96,15.4,0.0,1376.4,-80.3,Wayanad (Meppadi),11.5534,76.132,780,37.76,266.48
2025-07-08T05:00,21.0,88,41.4,55.89,1823.8,-19.6,Wayanad (Meppadi),11.5534,76.132,780,65.85,213.92
2025-07-08T06:00,20.9,90,60.0,22.05,2871.7,-21.3,Wayanad (Meppadi),11.5534,76.132,780,55.53,228.99
2025-07-08T07:00,21.4,85,35.9,35.31,1986.0,-8.2,Wayanad (Meppadi),11.5534,76.132,780,55.8,223.45
2025-07-08T08:00,23.3,99,69.9,46.28,2479.3,-28.9,Wayanad (Meppadi),11.5534,76.132,780,57.68,216.42
2025-07-08T09:00,24.9,87,15.1,0.0,663.0,-47.3,Wayanad (Meppadi),11.5534,76.132,780,36.77,262.93
2025-07-08T10:00,27.6,83,64.7,40.22,2519.2,-11.8,Wayanad (Meppadi),11.5534,76.132,780,53.78,215.32
2025-07-08T11:00,26.7,82,66.2,28.5,3150.3,-40.6,Wayanad (Meppadi),11.5534,76.132,780,50.56,220.39
2025-07-08T12:00,27.2,80,14.2,0.63,209.2,-31.0,Wayanad (Meppadi),11.5534,76.132,780,36.13,270.25
2025-07-08T13:00,27.4,81,19.4,0.0,1281.7,-23.0,Wayanad (Meppadi),11.5534,76.132,780,36.33,250.43
2025-07-08T14:00,27.5,86,25.6,0.0,1380.9,-143.0,Wayanad (Meppadi),11.5534,76.132,780,37.07,265.68
2025-07-08T15:00,28.2,81,64.7,29.69,3347.7,-17.0,Wayanad (Meppadi),11.5534,76.132,780,51.36,220.31
2025-07-08T16:00,27.5,76,10.5,0.0,818.9,-150.0,Wayanad (Meppadi),11.5534,76.132,780,35.52,254.23
2025-07-08T17:00,27.1,77,22.2,0.48,255.8,-105.1,Wayanad (Meppadi),11.5534,76.132,780,35.72,258.11
2025-07-08T18:00,28.0,84,65.5,63.06,3191.4,-13.5,Wayanad (Meppadi),11.5534,76.132,780,61.98,205.16
2025-07-08T19:00,25.2,81,71.1,25.73,3719.7,-31.3,Wayanad (Meppadi),11.5534,76.132,780,48.85,227.77
2025-07-08T20:00,25.1,85,49.9,30.04,3100.8,-11.9,Wayanad (Meppadi),11.5534,76.132,780,59.58,211.2
2025-07-08T21:00,23.7,99,45.4,64.84,3101.1,-16.7,Wayanad (Meppadi),11.5534,76.132,780,65.34,210.23
2025-07-08T22:00,23.7,86,24.6,0.0,1266.2,-65.9,Wayanad (Meppadi),11.5534,76.132,780,36.5,263.39
2025-07-08T23:00,23.8,86,16.3,0.26,474.6,-41.8,Wayanad (Meppadi),11.5534,76.132,780,36.5,253.06
2025-07-09T00:00,22.4,90,26.9,0.0,1165.8,-53.4,Wayanad (Meppadi),11.5534,76.132,780,36.94,275.9
2025-07-09T01:00,21.2,87,21.7,0.0,309.2,-128.7,Wayanad (Meppadi),11.5534,76.132,780,36.31,251.63
2025-07-09T02:00,22.2,99,10.3,0.0,1170.3,-154.4,Wayanad (Meppadi),11.5534,76.132,780,38.21,253.79
2025-07-09T03:00,22.1,90,8.8,0.12,750.9,-155.0,Wayanad (Meppadi),11.5534,76.132,780,36.94,274.08
2025-07-09T04:00,21.2,91,23.7,0.08,1204.5,-156.6,Wayanad (Meppadi),11.5534,76.132,780,36.89,248.08
2025-07-09T05:00,23.4,89,8.7,0.0,1080.4,-133.1,Wayanad (Meppadi),11.5534,76.132,780,36.89,257.39
2025-07-09T06:00,22.5,86,19.8,1.62,804.3,-40.3,Wayanad (Meppadi),11.5534,76.132,780,36.4,274.56
2025-07-09T07:00,23.2,91,21.7,0.0,1350.4,-153.6,Wayanad (Meppadi),11.5534,76.132,780,37.23,266.68
2025-07-09T08:00,22.2,87,11.9,0.0,223.2,-69.8,Wayanad (Meppadi),11.5534,76.132,780,36.44,248.5
2025-07-09T09:00,22.5,81,9.5,0.22,741.6,-46.5,Wayanad (Meppadi),11.5534,76.132,780,35.6,265.47
2025-07-09T10:00,25.5,85,14.5,0.0,1243.9,-98.3,Wayanad (Meppadi),11.5534,76.132,780,36.58,276.06
2025-07-09T11:00,27.4,86,23.8,0.13,273.8,-41.6,Wayanad (Meppadi),11.5534,76.132,780,37.04,252.68
2025-07-09T12:00,27.4,81,17.0,0.18,1333.1,-32.0,Wayanad (Meppadi),11.5534,76.132,780,36.34,264.16
2025-07-09T13:00,28.7,84,13.0,0.0,692.7,-60.0,Wayanad (Meppadi),11.5534,76.132,780,36.97,256.79
2025-07-09T14:00,27.4,88,11.2,0.0,409.9,-143.6,Wayanad (Meppadi),11.5534,76.132,780,37.34,259.17
2025-07-09T15:00,28.1,84,16.1,0.0,1003.1,-145.8,Wayanad (Meppadi),11.5534,76.132,780,36.88,267.84
2025-07-09T16:00,27.9,82,21.9,0.47,1282.8,-73.0,Wayanad (Meppadi),11.5534,76.132,780,36.53,246.02
2025-07-09T17:00,25.4,85,5.6,0.0,1221.4,-47.0,Wayanad (Meppadi),11.5534,76.132,780,36.64,260.38
2025-07-09T18:00,29.1,92,24.2,0.0,893.7,-132.8,Wayanad (Meppadi),11.5534,76.132,780,38.15,262.03
2025-07-09T19:00,27.7,79,76.2,18.91,2920.9,-26.7,Wayanad (Meppadi),11.5534,76.132,780,44.76,216.06
2025-07-09T20:00,26.5,89,25.3,0.0,876.9,-72.3,Wayanad (Meppadi),11.5534,76.132,780,37.32,272.13
2025-07-09T21:00,26.0,84,12.7,0.0,581.2,-101.7,Wayanad (Meppadi),11.5534,76.132,780,36.56,261.94
2025-07-09T22:00,23.0,91,12.3,0.0,335.4,-41.9,Wayanad (Meppadi),11.5534,76.132,780,37.14,279.38
2025-07-09T23:00,23.7,86,19.0,1.02,1238.6,-59.7,Wayanad (Meppadi),11.5534,76.132,780,36.56,257.84
2025-07-10T00:00,21.5,96,26.5,0.0,1195.5,-118.2,Wayanad (Meppadi),11.5534,76.132,780,37.67,279.64
2025-07-10T01:00,21.6,95,5.1,0.0,884.2,-103.3,Wayanad (Meppadi),11.5534,76.132,780,37.58,248.55
2025-07-10T02:00,19.0,99,18.5,0.72,351.5,-26.2,Wayanad (Meppadi),11.5534,76.132,780,37.76,255.84
2025-07-10T03:00,20.8,94,6.3,0.03,1326.9,-25.0,Wayanad (Meppadi),11.5534,76.132,780,37.28,279.27
2025-07-10T04:00,19.3,94,7.2,0.82,330.4,-27.1,Wayanad (Meppadi),11.5534,76.132,780,37.02,276.12
2025-07-10T05:00,20.0,93,14.8,0.0,653.6,-148.2,Wayanad (Meppadi),11.5534,76.132,780,37.02,275.49
2025-07-10T06:00,22.0,99,22.8,0.36,464.4,-95.8,Wayanad (Meppadi),11.5534,76.132,780,38.17,275.4
2025-07-10T07:00,21.9,94,5.7,0.0,1108.8,-131.1,Wayanad (Meppadi),11.5534,76.132,780,37.45,269.34
2025-07-10T08:00,24.0,95,26.0,0.0,435.4,-117.2,Wayanad (Meppadi),11.5534,76.132,780,37.91,254.4
2025-07-10T09:00,26.5,91,21.6,0.24,1193.3,-76.3,Wayanad (Meppadi),11.5534,76.132,780,37.63,274.0
2025-07-10T10:00,24.7,90,11.0,0.0,716.4,-130.0,Wayanad (Meppadi),11.5534,76.132,780,37.21,260.77
2025-07-10T11:00,25.9,79,5.5,1.28,1056.1,-40.7,Wayanad (Meppadi),11.5534,76.132,780,35.74,256.93
2025-07-10T12:00,27.8,81,18.5,0.0,231.0,-50.5,Wayanad (Meppadi),11.5534,76.132,780,36.32,260.35
2025-07-10T13:00,26.7,79,13.2,0.0,1326.4,-35.0,Wayanad (Meppadi),11.5534,76.132,780,35.98,249.84
2025-07-10T14:00,27.0,81,19.0,0.63,1127.8,-39.0,Wayanad (Meppadi),11.5534,76.132,780,36.32,273.09
2025-07-10T15:00,27.5,81,20.1,0.0,434.3,-127.6,Wayanad (Meppadi),11.5534,76.132,780,36.25,247.77
2025-07-10T16:00,28.9,75,57.0,16.36,3487.8,-35.6,Wayanad (Meppadi),11.5534,76.132,780,56.59,227.11
2025-07-10T17:00,25.4,82,15.3,0.0,1070.2,-49.8,Wayanad (Meppadi),11.5534,76.132,780,36.19,266.53
2025-07-10T18:00,26.0,75,18.6,0.0,537.8,-33.5,Wayanad (Meppadi),11.5534,76.132,780,35.21,261.34
2025-07-10T19:00,28.1,88,8.2,0.0,509.2,-24.3,Wayanad (Meppadi),11.5534,76.132,780,37.37,249.4
2025-07-10T20:00,21.7,87,11.9,0.27,727.4,-40.6,Wayanad (Meppadi),11.5534,76.132,780,36.34,248.51
2025-07-10T21:00,24.3,93,19.4,0.0,684.9,-97.7,Wayanad (Meppadi),11.5534,76.132,780,37.64,246.04
2025-07-10T22:00,25.4,91,73.7,30.62,3640.8,-34.4,Wayanad (Meppadi),11.5534,76.132,780,59.05,220.01
2025-07-10T23:00,25.0,90,15.3,0.29,452.4,-58.6,Wayanad (Meppadi),11.5534,76.132,780,37.25,264.84
2025-07-11T00:00,23.0,87,19.9,0.0,718.3,-25.6,Wayanad (Meppadi),11.5534,76.132,780,36.53,245.61
2025-07-11T01:00,22.9,92,26.7,0.0,1148.0,-72.6,Wayanad (Meppadi),11.5534,76.132,780,37.36,279.84
2025-07-11T02:00,20.0,92,24.4,0.49,1016.7,-90.3,Wayanad (Meppadi),11.5534,76.132,780,36.83,265.4
2025-07-11T03:00,20.0,96,23.6,0.0,967.7,-30.7,Wayanad (Meppadi),11.5534,76.132,780,37.53,267.23
2025-07-11T04:00,23.2,93,20.9,0.82,1030.7,-67.5,Wayanad (Meppadi),11.5534,76.132,780,37.49,253.72
2025-07-11T05:00,21.2,96,18.9,2.33,920.6,-39.9,Wayanad (Meppadi),11.5534,76.132,780,37.7,273.46
2025-07-11T06:00,19.8,98,12.7,0.19,1386.3,-154.0,Wayanad (Meppadi),11.5534,76.132,780,37.78,267.39
2025-07-11T07:00,23.3,86,10.4,0.21,229.5,-108.0,Wayanad (Meppadi),11.5534,76.132,780,36.45,278.31
2025-07-11T08:00,23.4,90,24.8,0.0,1040.0,-45.9,Wayanad (Meppadi),11.5534,76.132,780,37.04,265.9
2025-07-11T09:00,24.6,88,18.0,0.0,1009.3,-56.1,Wayanad (Meppadi),11.5534,76.132,780,36.92,277.15
2025-07-11T10:00,22.5,87,21.7,0.35,768.2,-122.2,Wayanad (Meppadi),11.5534,76.132,780,36.58,266.83
2025-07-11T11:00,23.1,87,20.8,0.0,1383.7,-155.5,Wayanad (Meppadi),11.5534,76.132,780,36.63,259.52
2025-07-11T12:00,27.3,89,22.5,1.62,1122.1,-81.1,Wayanad (Meppadi),11.5534,76.132,780,37.53,251.2
2025-07-11T13:00,27.2,77,26.7,0.84,775.6,-39.9,Wayanad (Meppadi),11.5534,76.132,780,35.74,272.75
2025-07-11T14:00,27.3,75,62.7,22.14,3773.1,-17.8,Wayanad (Meppadi),11.5534,76.132,780,45.06,220.42
2025-07-11T15:00,28.5,82,7.2,0.0,1279.4,-66.2,Wayanad (Meppadi),11.5534,76.132,780,36.56,274.75
2025-07-11T16:00,26.9,83,10.6,0.22,271.6,-74.9,Wayanad (Meppadi),11.5534,76.132,780,36.54,276.39
2025-07-11T17:00,27.2,85,59.6,31.3,3340.3,-38.8,Wayanad (Meppadi),11.5534,76.132,780,58.33,223.48
2025-07-11T18:00,26.4,80,6.5,0.0,843.3,-36.5,Wayanad (Meppadi),11.5534,76.132,780,36.02,267.81
2025-07-11T19:00,27.3,78,5.8,0.0,645.4,-84.7,Wayanad (Meppadi),11.5534,76.132,780,35.87,256.87
2025-07-11T20:00,23.2,91,71.7,25.46,3239.0,-19.7,Wayanad (Meppadi),11.5534,76.132,780,52.5,227.54
2025-07-11T21:00,23.7,90,6.4,0.25,240.3,-67.3,Wayanad (Meppadi),11.5534,76.132,780,37.13,259.96
2025-07-11T22:00,24.9,88,9.3,0.01,385.3,-28.0,Wayanad (Meppadi),11.5534,76.132,780,37.03,261.88
2025-07-11T23:00,21.7,83,12.0,0.0,1312.1,-73.8,Wayanad (Meppadi),11.5534,76.132,780,35.81,248.26
2025-07-12T00:00,22.2,90,6.1,0.0,759.9,-137.1,Wayanad (Meppadi),11.5534,76.132,780,36.94,275.54
2025-07-12T01:00,23.5,97,21.5,0.0,913.8,-70.5,Wayanad (Meppadi),11.5534,76.132,780,38.07,274.54
2025-07-12T02:00,21.3,97,9.0,0.0,335.6,-55.7,Wayanad (Meppadi),11.5534,76.132,780,37.72,251.23
2025-07-12T03:00,23.6,89,7.2,0.0,411.2,-158.6,Wayanad (Meppadi),11.5534,76.132,780,37.02,259.76
2025-07-12T04:00,22.8,97,15.2,0.0,1374.9,-100.1,Wayanad (Meppadi),11.5534,76.132,780,38.04,278.22
2025-07-12T05:00,20.7,94,5.7,0.0,1036.9,-71.5,Wayanad (Meppadi),11.5534,76.132,780,37.23,275.24
2025-07-12T06:00,20.5,98,16.1,0.0,928.4,-58.7,Wayanad (Meppadi),11.5534,76.132,780,37.83,259.96
2025-07-12T07:00,22.0,89,24.5,0.0,1085.4,-67.8,Wayanad (Meppadi),11.5534,76.132,780,36.7,279.98
2025-07-12T08:00,24.1,87,22.9,0.19,576.8,-83.3,Wayanad (Meppadi),11.5534,76.132,780,36.78,274.78
2025-07-12T09:00,24.9,88,8.3,0.0,539.9,-35.3,Wayanad (Meppadi),11.5534,76.132,780,37.06,268.95
2025-07-12T10:00,26.2,85,28.0,0.84,1172.3,-39.5,Wayanad (Meppadi),11.5534,76.132,780,36.66,272.42
2025-07-12T11:00,25.1,81,19.5,0.36,706.1,-122.3,Wayanad (Meppadi),11.5534,76.132,780,35.99,270.35
2025-07-12T12:00,26.0,90,5.4,0.0,870.9,-57.1,Wayanad (Meppadi),11.5534,76.132,780,37.5,258.46
2025-07-12T13:00,28.2,88,11.7,0.0,851.3,-21.4,Wayanad (Meppadi),11.5534,76.132,780,37.39,261.44
2025-07-12T14:00,30.3,77,24.6,0.12,1318.4,-25.8,Wayanad (Meppadi),11.5534,76.132,780,36.15,268.93
2025-07-12T15:00,26.7,82,24.3,0.0,252.3,-89.9,Wayanad (Meppadi),11.5534,76.132,780,36.33,249.39
2025-07-12T16:00,27.8,75,11.6,0.0,825.3,-156.0,Wayanad (Meppadi),11.5534,76.132,780,35.47,267.92
2025-07-12T17:00,27.1,89,56.7,33.21,3789.9,-23.5,Wayanad (Meppadi),11.5534,76.132,780,51.41,221.01
2025-07-12T18:00,27.1,86,6.7,0.0,600.1,-118.0,Wayanad (Meppadi),11.5534,76.132,780,37.02,278.8
2025-07-12T19:00,24.8,89,17.5,0.0,1243.7,-45.1,Wayanad (Meppadi),11.5534,76.132,780,37.05,255.78
2025-07-12T20:00,25.5,85,11.8,0.0,688.8,-94.8,Wayanad (Meppadi),11.5534,76.132,780,36.66,278.79
2025-07-12T21:00,26.0,93,22.9,0.0,1125.4,-78.1,Wayanad (Meppadi),11.5534,76.132,780,37.82,252.45
2025-07-12T22:00,21.6,95,9.0,0.88,1213.2,-48.7,Wayanad (Meppadi),11.5534,76.132,780,37.49,274.13
2025-07-12T23:00,23.9,91,12.6,0.38,970.7,-34.6,Wayanad (Meppadi),11.5534,76.132,780,37.27,246.4
2025-07-13T00:00,20.6,88,15.4,0.0,1201.5,-52.0,Wayanad (Meppadi),11.5534,76.132,780,36.45,273.54
2025-07-13T01:00,21.8,96,19.6,0.06,1280.2,-32.4,Wayanad (Meppadi),11.5534,76.132,780,37.69,250.05
2025-07-13T02:00,21.7,94,12.4,0.0,1091.0,-101.4,Wayanad (Meppadi),11.5534,76.132,780,37.46,262.04
2025-07-13T03:00,21.5,99,15.7,0.0,278.3,-101.9,Wayanad (Meppadi),11.5534,76.132,780,38.1,254.76
2025-07-13T04:00,20.7,95,19.4,0.0,894.9,-51.8,Wayanad (Meppadi),11.5534,76.132,780,37.42,247.78
2025-07-13T05:00,22.3,94,5.9,0.02,751.3,-135.5,Wayanad (Meppadi),11.5534,76.132,780,37.57,277.21
2025-07-13T06:00,20.5,96,23.9,0.0,753.9,-117.5,Wayanad (Meppadi),11.5534,76.132,780,37.57,257.33
2025-07-13T07:00,23.8,92,13.4,0.0,467.3,-115.7,Wayanad (Meppadi),11.5534,76.132,780,37.36,247.68
2025-07-13T08:00,23.0,93,16.6,0.0,273.2,-46.7,Wayanad (Meppadi),11.5534,76.132,780,37.4,260.62
2025-07-13T09:00,24.9,86,17.7,0.27,603.0,-71.4,Wayanad (Meppadi),11.5534,76.132,780,36.67,272.39
2025-07-13T10:00,25.0,82,5.2,0.0,1086.0,-144.6,Wayanad (Meppadi),11.5534,76.132,780,36.08,278.49
2025-07-13T11:00,28.1,81,23.6,0.0,668.2,-134.7,Wayanad (Meppadi),11.5534,76.132,780,36.37,245.42
2025-07-13T12:00,27.5,82,6.9,0.73,1362.9,-27.2,Wayanad (Meppadi),11.5534,76.132,780,36.42,257.22
2025-07-13T13:00,28.3,82,11.4,0.0,832.7,-70.1,Wayanad (Meppadi),11.5534,76.132,780,36.63,245.08
2025-07-13T14:00,28.8,83,13.1,0.0,474.7,-39.4,Wayanad (Meppadi),11.5534,76.132,780,36.83,252.06
2025-07-13T15:00,27.7,83,23.9,0.0,252.5,-139.9,Wayanad (Meppadi),11.5534,76.132,780,36.61,252.69
2025-07-13T16:00,28.2,81,7.2,0.56,290.8,-101.7,Wayanad (Meppadi),11.5534,76.132,780,36.45,255.15
2025-07-13T17:00,27.7,78,19.0,0.0,703.6,-70.0,Wayanad (Meppadi),11.5534,76.132,780,35.84,269.52
2025-07-13T18:00,27.7,86,21.4,0.0,773.8,-82.4,Wayanad (Meppadi),11.5534,76.132,780,37.06,263.08
2025-07-13T19:00,25.7,78,26.8,0.0,1253.1,-28.8,Wayanad (Meppadi),11.5534,76.132,780,35.7,265.46
2025-07-13T20:00,24.6,82,21.1,0.0,360.7,-133.4,Wayanad (Meppadi),11.5534,76.132,780,35.99,258.08
2025-07-13T21:00,25.9,88,66.6,24.85,3788.2,-10.8,Wayanad (Meppadi),11.5534,76.132,780,52.8,221.18
2025-07-13T22:00,24.5,93,13.8,0.0,868.2,-125.8,Wayanad (Meppadi),11.5534,76.132,780,37.67,254.33
2025-07-13T23:00,21.7,94,6.7,0.0,1070.0,-142.0,Wayanad (Meppadi),11.5534,76.132,780,37.42,250.95
2025-07-14T00:00,24.3,93,42.3,39.95,2040.6,-29.5,Wayanad (Meppadi),11.5534,76.132,780,53.29,226.4
2025-07-14T01:00,20.8,96,13.7,0.0,1305.7,-144.3,Wayanad (Meppadi),11.5534,76.132,780,37.56,273.81
2025-07-14T02:00,21.3,90,15.1,1.1,693.1,-126.0,Wayanad (Meppadi),11.5534,76.132,780,36.85,272.82
2025-07-14T03:00,22.4,93,6.0,0.0,898.9,-129.0,Wayanad (Meppadi),11.5534,76.132,780,37.33,262.31
2025-07-14T04:00,22.5,93,39.4,27.61,1869.5,-25.9,Wayanad (Meppadi),11.5534,76.132,780,51.16,225.97
2025-07-14T05:00,20.6,90,11.6,0.0,802.9,-88.8,Wayanad (Meppadi),11.5534,76.132,780,36.71,265.11
2025-07-14T06:00,22.6,92,14.1,1.52,601.7,-135.7,Wayanad (Meppadi),11.5534,76.132,780,37.19,270.47
2025-07-14T07:00,22.4,91,6.1,0.0,457.9,-148.2,Wayanad (Meppadi),11.5534,76.132,780,37.03,251.63
2025-07-14T08:00,24.1,88,7.1,0.0,1307.9,-109.2,Wayanad (Meppadi),11.5534,76.132,780,36.87,278.31
2025-07-14T09:00,24.3,87,10.1,0.0,1359.3,-90.4,Wayanad (Meppadi),11.5534,76.132,780,36.76,246.8
2025-07-14T10:00,24.9,75,20.4,0.0,252.3,-146.7,Wayanad (Meppadi),11.5534,76.132,780,35.03,263.04
2025-07-14T11:00,25.1,86,62.6,39.59,2630.7,-16.4,Wayanad (Meppadi),11.5534,76.132,780,66.87,211.75
2025-07-14T12:00,28.4,81,5.7,0.0,1316.9,-92.5,Wayanad (Meppadi),11.5534,76.132,780,36.5,245.79
2025-07-14T13:00,26.6,80,7.7,0.19,545.9,-66.8,Wayanad (Meppadi),11.5534,76.132,780,36.09,272.46
2025-07-14T14:00,29.6,76,79.2,81.88,3611.6,-10.4,Wayanad (Meppadi),11.5534,76.132,780,74.27,211.32
2025-07-14T15:00,27.6,87,92.6,45.03,3254.1,-1.7,Wayanad (Meppadi),11.5534,76.132,780,67.64,197.57
2025-07-14T16:00,28.5,88,26.9,0.0,535.4,-138.5,Wayanad (Meppadi),11.5534,76.132,780,37.43,247.11
2025-07-14T17:00,29.4,75,24.4,0.0,820.8,-80.3,Wayanad (Meppadi),11.5534,76.132,780,35.71,254.81
2025-07-14T18:00,26.5,82,7.4,0.0,734.9,-159.8,Wayanad (Meppadi),11.5534,76.132,780,36.33,266.4
2025-07-14T19:00,26.8,88,87.3,70.83,3228.6,-2.9,Wayanad (Meppadi),11.5534,76.132,780,76.94,198.45
2025-07-14T20:00,26.0,85,27.1,0.74,641.8,-69.2,Wayanad (Meppadi),11.5534,76.132,780,36.66,267.31
2025-07-14T21:00,23.7,86,16.2,0.0,876.1,-125.8,Wayanad (Meppadi),11.5534,76.132,780,36.47,275.09
2025-07-14T22:00,23.9,87,9.8,0.0,875.0,-144.6,Wayanad (Meppadi),11.5534,76.132,780,36.72,257.45
2025-07-14T23:00,23.6,93,83.0,27.79,2696.3,-10.9,Wayanad (Meppadi),11.5534,76.132,780,54.32,231.11
2025-07-15T00:00,24.1,99,7.5,0.0,1274.5,-151.1,Wayanad (Meppadi),11.5534,76.132,780,38.47,262.2
2025-07-15T01:00,21.0,97,14.1,0.0,957.9,-158.5,Wayanad (Meppadi),11.5534,76.132,780,37.8,277.11
2025-07-15T02:00,21.5,90,66.2,32.09,3602.4,-25.3,Wayanad (Meppadi),11.5534,76.132,780,53.08,218.58
2025-07-15T03:00,20.8,92,20.3,0.0,297.4,-140.7,Wayanad (Meppadi),11.5534,76.132,780,37.08,254.58
2025-07-15T04:00,21.4,94,10.6,0.03,242.8,-104.1,Wayanad (Meppadi),11.5534,76.132,780,37.32,267.61
2025-07-15T05:00,20.8,91,8.9,0.0,658.3,-119.9,Wayanad (Meppadi),11.5534,76.132,780,36.8,267.8
2025-07-15T06:00,21.8,89,13.1,0.0,1215.8,-153.7,Wayanad (Meppadi),11.5534,76.132,780,36.68,245.72
2025-07-15T07:00,24.6,94,20.4,0.0,1331.6,-22.4,Wayanad (Meppadi),11.5534,76.132,780,37.89,260.32
2025-07-15T08:00,23.7,88,11.1,0.0,297.5,-83.1,Wayanad (Meppadi),11.5534,76.132,780,36.8,268.67
2025-07-15T09:00,24.6,89,9.2,0.0,1296.6,-149.7,Wayanad (Meppadi),11.5534,76.132,780,37.16,279.25
2025-07-15T10:00,24.4,93,79.9,106.78,3398.8,-3.9,Wayanad (Meppadi),11.5534,76.132,780,56.11,201.9
2025-07-15T11:00,27.6,82,24.4,0.0,1169.7,-85.6,Wayanad (Meppadi),11.5534,76.132,780,36.53,270.33
2025-07-15T12:00,28.0,84,20.5,0.26,779.2,-74.1,Wayanad (Meppadi),11.5534,76.132,780,36.85,263.41
2025-07-15T13:00,27.7,78,9.4,0.0,1291.8,-156.7,Wayanad (Meppadi),11.5534,76.132,780,35.87,252.95
2025-07-15T14:00,30.2,83,74.8,18.5,2533.0,-29.1,Wayanad (Meppadi),11.5534,76.132,780,57.47,229.99
2025-07-15T15:00,27.4,86,80.5,71.66,2819.9,-7.1,Wayanad (Meppadi),11.5534,76.132,780,62.73,206.47
2025-07-15T16:00,26.6,86,92.4,76.63,3469.1,-7.3,Wayanad (Meppadi),11.5534,76.132,780,70.35,200.01
2025-07-15T17:00,27.4,82,48.9,32.54,2696.4,-23.6,Wayanad (Meppadi),11.5534,76.132,780,55.26,215.88
2025-07-15T18:00,26.0,81,15.4,1.08,595.2,-65.7,Wayanad (Meppadi),11.5534,76.132,780,36.1,254.43
2025-07-15T19:00,26.5,85,5.9,0.91,945.4,-59.3,Wayanad (Meppadi),11.5534,76.132,780,36.84,270.72
2025-07-15T20:00,25.5,86,21.9,0.0,317.5,-159.6,Wayanad (Meppadi),11.5534,76.132,780,36.83,271.47
2025-07-15T21:00,25.9,90,25.2,0.0,303.4,-70.5,Wayanad (Meppadi),11.5534,76.132,780,37.39,264.97
2025-07-15T22:00,23.0,87,22.2,0.0,397.6,-69.6,Wayanad (Meppadi),11.5534,76.132,780,36.63,278.15
2025-07-15T23:00,23.1,90,69.0,15.92,2619.9,-30.3,Wayanad (Meppadi),11.5534,76.132,780,55.3,215.66
2025-07-16T00:00,22.2,92,13.3,0.0,947.7,-63.5,Wayanad (Meppadi),11.5534,76.132,780,37.22,260.43
2025-07-16T01:00,22.5,97,10.9,0.0,1356.2,-69.3,Wayanad (Meppadi),11.5534,76.132,780,37.92,270.91
2025-07-16T02:00,19.8,98,5.1,0.0,594.9,-86.0,Wayanad (Meppadi),11.5534,76.132,780,37.72,254.77
2025-07-16T03:00,19.9,93,5.9,0.0,1125.2,-59.2,Wayanad (Meppadi),11.5534,76.132,780,37.07,259.28
2025-07-16T04:00,20.4,90,23.8,0.0,927.2,-48.8,Wayanad (Meppadi),11.5534,76.132,780,36.69,254.01
2025-07-16T05:00,20.2,96,25.7,0.0,997.2,-98.6,Wayanad (Meppadi),11.5534,76.132,780,37.42,261.13
2025-07-16T06:00,22.8,96,15.5,1.03,390.9,-106.2,Wayanad (Meppadi),11.5534,76.132,780,37.84,275.47
2025-07-16T07:00,23.5,91,9.3,0.0,1047.0,-148.8,Wayanad (Meppadi),11.5534,76.132,780,37.23,265.17
2025-07-16T08:00,24.9,87,10.1,0.0,324.2,-91.9,Wayanad (Meppadi),11.5534,76.132,780,36.84,247.44
2025-07-16T09:00,24.3,86,6.9,0.0,878.5,-118.8,Wayanad (Meppadi),11.5534,76.132,780,36.63,246.65
2025-07-16T10:00,24.9,93,26.6,0.0,250.2,-124.5,Wayanad (Meppadi),11.5534,76.132,780,37.67,252.81
2025-07-16T11:00,25.1,85,26.5,0.0,1136.6,-119.8,Wayanad (Meppadi),11.5534,76.132,780,36.63,266.26
2025-07-16T12:00,28.5,87,11.7,0.0,656.1,-137.4,Wayanad (Meppadi),11.5534,76.132,780,37.36,254.08
2025-07-16T13:00,27.3,79,25.5,0.0,475.0,-62.7,Wayanad (Meppadi),11.5534,76.132,780,35.94,268.76
2025-07-16T14:00,27.0,86,17.8,0.0,852.3,-29.6,Wayanad (Meppadi),11.5534,76.132,780,37.0,248.52
2025-07-16T15:00,28.9,85,23.5,0.8,759.5,-113.3,Wayanad (Meppadi),11.5534,76.132,780,37.03,258.47
2025-07-16T16:00,27.5,81,18.3,0.32,554.3,-110.3,Wayanad (Meppadi),11.5534,76.132,780,36.28,274.94
2025-07-16T17:00,26.3,84,25.0,0.0,266.8,-158.0,Wayanad (Meppadi),11.5534,76.132,780,36.64,273.0
2025-07-16T18:00,25.9,88,11.1,0.0,237.2,-141.1,Wayanad (Meppadi),11.5534,76.132,780,37.16,258.87
2025-07-16T19:00,26.4,80,24.6,0.0,982.0,-87.7,Wayanad (Meppadi),11.5534,76.132,780,36.02,269.4
2025-07-16T20:00,24.1,84,13.8,0.0,724.2,-154.7,Wayanad (Meppadi),11.5534,76.132,780,36.31,257.79
2025-07-16T21:00,24.4,90,19.8,0.0,1341.5,-145.2,Wayanad (Meppadi),11.5534,76.132,780,37.23,262.97
2025-07-16T22:00,22.6,90,26.0,0.0,1048.6,-70.3,Wayanad (Meppadi),11.5534,76.132,780,36.94,252.69
2025-07-16T23:00,21.6,93,13.9,0.0,240.0,-78.0,Wayanad (Meppadi),11.5534,76.132,780,37.28,273.6
2025-07-17T00:00,21.4,96,25.7,1.73,699.8,-149.9,Wayanad (Meppadi),11.5534,76.132,780,37.63,264.83
2025-07-17T01:00,21.7,96,5.9,0.0,203.9,-150.8,Wayanad (Meppadi),11.5534,76.132,780,37.71,249.81
2025-07-17T02:00,21.5,94,16.0,0.0,945.0,-76.3,Wayanad (Meppadi),11.5534,76.132,780,37.35,245.89
2025-07-17T03:00,22.1,94,12.0,0.0,535.5,-50.5,Wayanad (Meppadi),11.5534,76.132,780,37.51,253.96
2025-07-17T04:00,20.2,99,27.4,0.0,604.3,-72.4,Wayanad (Meppadi),11.5534,76.132,780,37.92,257.98
2025-07-17T05:00,23.1,94,22.4,0.0,1049.9,-20.8,Wayanad (Meppadi),11.5534,76.132,780,37.68,279.76
2025-07-17T06:00,25.3,98,24.2,0.11,866.2,-55.5,Wayanad (Meppadi),11.5534,76.132,780,38.55,246.24
2025-07-17T07:00,22.2,97,14.7,1.09,1089.4,-45.0,Wayanad (Meppadi),11.5534,76.132,780,37.95,259.76
2025-07-17T08:00,21.5,87,8.4,0.0,875.6,-126.6,Wayanad (Meppadi),11.5534,76.132,780,36.33,272.52
2025-07-17T09:00,22.4,91,7.1,0.22,582.2,-79.5,Wayanad (Meppadi),11.5534,76.132,780,37.07,273.15
2025-07-17T10:00,24.8,82,56.3,27.67,3280.9,-21.1,Wayanad (Meppadi),11.5534,76.132,780,45.82,227.3
2025-07-17T11:00,25.4,91,19.5,0.0,348.0,-81.3,Wayanad (Meppadi),11.5534,76.132,780,37.49,260.57
2025-07-17T12:00,27.0,84,10.0,0.0,214.4,-37.1,Wayanad (Meppadi),11.5534,76.132,780,36.66,264.95
2025-07-17T13:00,28.1,82,8.8,0.04,396.2,-28.3,Wayanad (Meppadi),11.5534,76.132,780,36.62,254.94
2025-07-17T14:00,26.3,78,26.2,0.09,659.4,-114.5,Wayanad (Meppadi),11.5534,76.132,780,35.67,246.84
2025-07-17T15:00,27.8,79,16.2,0.0,972.8,-149.0,Wayanad (Meppadi),11.5534,76.132,780,35.99,260.6
2025-07-17T16:00,27.3,82,5.9,0.0,543.2,-69.1,Wayanad (Meppadi),11.5534,76.132,780,36.45,245.72
2025-07-17T17:00,30.0,82,14.1,0.82,596.3,-144.0,Wayanad (Meppadi),11.5534,76.132,780,36.84,254.31
2025-07-17T18:00,25.3,82,12.8,0.0,234.9,-45.7,Wayanad (Meppadi),11.5534,76.132,780,36.09,267.42
2025-07-17T19:00,25.3,88,5.1,0.0,671.7,-71.0,Wayanad (Meppadi),11.5534,76.132,780,37.05,254.25
2025-07-17T20:00,25.4,86,25.1,0.0,530.9,-142.4,Wayanad (Meppadi),11.5534,76.132,780,36.8,250.0
2025-07-17T21:00,23.6,84,13.1,0.0,565.2,-66.2,Wayanad (Meppadi),11.5534,76.132,780,36.22,262.73
2025-07-17T22:00,25.0,93,23.7,2.7,1006.0,-104.6,Wayanad (Meppadi),11.5534,76.132,780,37.68,253.56
2025-07-17T23:00,21.5,87,16.6,2.16,1217.4,-142.1,Wayanad (Meppadi),11.5534,76.132,780,36.36,267.48
2025-07-18T00:00,20.9,85,11.7,1.01,631.5,-134.4,Wayanad (Meppadi),11.5534,76.132,780,36.04,248.12
2025-07-18T01:00,22.9,94,12.1,0.49,913.8,-77.1,Wayanad (Meppadi),11.5534,76.132,780,37.65,279.29
2025-07-18T02:00,19.7,91,9.2,0.0,221.0,-73.7,Wayanad (Meppadi),11.5534,76.132,780,36.65,264.17
2025-07-18T03:00,22.0,96,6.3,0.0,1057.9,-27.4,Wayanad (Meppadi),11.5534,76.132,780,37.71,268.25
2025-07-18T04:00,20.6,98,7.7,1.43,984.4,-27.4,Wayanad (Meppadi),11.5534,76.132,780,37.84,245.73
2025-07-18T05:00,20.7,98,7.2,0.0,564.8,-152.6,Wayanad (Meppadi),11.5534,76.132,780,37.86,248.42
2025-07-18T06:00,21.4,95,27.2,0.0,1091.7,-50.0,Wayanad (Meppadi),11.5534,76.132,780,37.51,246.61
2025-07-18T07:00,21.4,86,23.1,0.0,535.0,-126.2,Wayanad (Meppadi),11.5534,76.132,780,36.24,251.89
2025-07-18T08:00,24.7,87,5.7,0.0,774.6,-133.9,Wayanad (Meppadi),11.5534,76.132,780,36.8,258.47
2025-07-18T09:00,24.7,88,18.4,0.0,1088.8,-76.3,Wayanad (Meppadi),11.5534,76.132,780,36.96,248.4
2025-07-18T10:00,26.5,86,12.8,0.0,803.3,-86.1,Wayanad (Meppadi),11.5534,76.132,780,36.95,255.82
2025-07-18T11:00,27.7,81,8.6,0.0,1270.8,-81.5,Wayanad (Meppadi),11.5534,76.132,780,36.29,255.22
2025-07-18T12:00,27.6,81,51.4,32.3,3564.7,-26.9,Wayanad (Meppadi),11.5534,76.132,780,51.25,230.7
2025-07-18T13:00,25.8,85,7.1,0.0,1250.3,-159.2,Wayanad (Meppadi),11.5534,76.132,780,36.7,263.13
2025-07-18T14:00,26.7,83,27.4,0.11,324.3,-134.1,Wayanad (Meppadi),11.5534,76.132,780,36.54,255.39
2025-07-18T15:00,29.0,80,5.7,0.0,760.3,-89.0,Wayanad (Meppadi),11.5534,76.132,780,36.34,263.75
2025-07-18T16:00,27.9,85,6.1,2.28,1149.2,-134.1,Wayanad (Meppadi),11.5534,76.132,780,37.02,253.07
2025-07-18T17:00,28.3,77,12.5,0.0,511.5,-41.9,Wayanad (Meppadi),11.5534,76.132,780,35.77,255.06
2025-07-18T18:00,26.9,86,24.7,0.0,527.8,-27.1,Wayanad (Meppadi),11.5534,76.132,780,37.02,258.06
2025-07-18T19:00,25.7,87,21.0,0.0,804.3,-58.6,Wayanad (Meppadi),11.5534,76.132,780,36.99,251.77
2025-07-18T20:00,26.2,89,23.5,0.0,1106.2,-121.6,Wayanad (Meppadi),11.5534,76.132,780,37.34,246.52
2025-07-18T21:00,22.4,89,14.6,0.0,845.0,-105.7,Wayanad (Meppadi),11.5534,76.132,780,36.82,250.23
2025-07-18T22:00,23.2,87,13.6,0.14,309.6,-42.4,Wayanad (Meppadi),11.5534,76.132,780,36.64,250.66
2025-07-18T23:00,22.8,94,9.5,0.0,573.9,-130.2,Wayanad (Meppadi),11.5534,76.132,780,37.56,246.75
2025-07-19T00:00,22.3,91,8.9,0.0,884.9,-39.5,Wayanad (Meppadi),11.5534,76.132,780,37.11,254.53
2025-07-19T01:00,19.9,95,17.7,0.0,794.9,-108.4,Wayanad (Meppadi),11.5534,76.132,780,37.3,256.59
2025-07-19T02:00,19.6,92,24.6,0.0,982.7,-41.0,Wayanad (Meppadi),11.5534,76.132,780,36.82,266.6
2025-07-19T03:00,20.5,94,17.9,0.0,295.3,-68.8,Wayanad (Meppadi),11.5534,76.132,780,37.2,266.37
2025-07-19T04:00,21.0,94,17.8,0.12,1367.8,-45.4,Wayanad (Meppadi),11.5534,76.132,780,37.35,276.33
2025-07-19T05:00,23.3,96,13.5,0.0,271.7,-143.6,Wayanad (Meppadi),11.5534,76.132,780,37.88,268.6
2025-07-19T06:00,21.0,95,24.0,0.0,923.9,-70.5,Wayanad (Meppadi),11.5534,76.132,780,37.49,260.53
2025-07-19T07:00,22.2,98,9.7,0.15,1293.5,-74.2,Wayanad (Meppadi),11.5534,76.132,780,38.1,257.19
2025-07-19T08:00,25.5,90,14.4,0.0,1256.9,-24.9,Wayanad (Meppadi),11.5534,76.132,780,37.42,274.01
2025-07-19T09:00,25.8,84,26.8,0.0,1034.6,-55.6,Wayanad (Meppadi),11.5534,76.132,780,36.55,245.77
2025-07-19T10:00,24.1,89,9.7,0.41,403.0,-74.9,Wayanad (Meppadi),11.5534,76.132,780,37.08,273.79
2025-07-19T11:00,27.1,86,21.9,0.0,994.9,-67.8,Wayanad (Meppadi),11.5534,76.132,780,36.97,257.16
2025-07-19T12:00,28.0,82,17.1,0.0,1169.2,-132.8,Wayanad (Meppadi),11.5534,76.132,780,36.57,262.42
2025-07-19T13:00,27.8,80,18.6,0.7,700.4,-159.3,Wayanad (Meppadi),11.5534,76.132,780,36.25,250.17
2025-07-19T14:00,26.5,79,14.1,0.1,603.6,-58.1,Wayanad (Meppadi),11.5534,76.132,780,35.84,274.79
2025-07-19T15:00,27.3,78,21.0,0.0,858.8,-57.6,Wayanad (Meppadi),11.5534,76.132,780,35.89,262.31
2025-07-19T16:00,27.1,76,12.0,0.0,849.9,-50.8,Wayanad (Meppadi),11.5534,76.132,780,35.57,271.35
2025-07-19T17:00,28.2,86,14.1,0.0,1011.4,-150.0,Wayanad (Meppadi),11.5534,76.132,780,37.11,249.95
2025-07-19T18:00,26.5,85,24.4,0.0,737.3,-119.0,Wayanad (Meppadi),11.5534,76.132,780,36.73,256.28
2025-07-19T19:00,25.9,85,18.8,0.0,294.6,-92.0,Wayanad (Meppadi),11.5534,76.132,780,36.67,271.83
2025-07-19T20:00,24.7,84,17.5,0.3,557.9,-54.9,Wayanad (Meppadi),11.5534,76.132,780,36.33,262.0
2025-07-19T21:00,22.6,92,24.6,0.0,842.0,-75.2,Wayanad (Meppadi),11.5534,76.132,780,37.31,277.01
2025-07-19T22:00,26.7,84,84.9,32.08,2831.0,-39.2,Wayanad (Meppadi),11.5534,76.132,780,50.76,220.24
2025-07-19T23:00,23.2,91,23.5,0.0,874.1,-21.0,Wayanad (Meppadi),11.5534,76.132,780,37.19,279.33
2025-07-20T00:00,23.8,97,28.0,0.81,1185.2,-32.2,Wayanad (Meppadi),11.5534,76.132,780,38.12,277.96
2025-07-20T01:00,20.1,86,18.1,0.0,298.9,-122.3,Wayanad (Meppadi),11.5534,76.132,780,36.05,258.89
2025-07-20T02:00,22.9,95,12.2,0.0,589.2,-133.9,Wayanad (Meppadi),11.5534,76.132,780,37.8,259.93
2025-07-20T03:00,20.5,92,60.8,31.5,3590.6,-11.4,Wayanad (Meppadi),11.5534,76.132,780,46.33,221.45
2025-07-20T04:00,21.8,95,54.8,30.44,3547.2,-20.2,Wayanad (Meppadi),11.5534,76.132,780,57.41,224.57
2025-07-20T05:00,22.7,93,7.0,0.0,1049.3,-137.2,Wayanad (Meppadi),11.5534,76.132,780,37.34,278.7
2025-07-20T06:00,23.8,95,16.5,0.0,517.1,-85.7,Wayanad (Meppadi),11.5534,76.132,780,37.91,247.54
2025-07-20T07:00,22.7,96,12.5,0.0,1111.4,-30.4,Wayanad (Meppadi),11.5534,76.132,780,37.91,274.27
2025-07-20T08:00,22.4,99,27.2,0.0,1202.4,-76.7,Wayanad (Meppadi),11.5534,76.132,780,38.23,246.71
2025-07-20T09:00,24.5,88,24.8,1.23,561.5,-136.4,Wayanad (Meppadi),11.5534,76.132,780,36.86,268.25
2025-07-20T10:00,26.1,89,26.4,0.0,1177.4,-119.6,Wayanad (Meppadi),11.5534,76.132,780,37.32,247.16
2025-07-20T11:00,25.6,86,18.2,0.0,710.5,-104.4,Wayanad (Meppadi),11.5534,76.132,780,36.77,265.05
2025-07-20T12:00,26.5,85,10.6,0.0,1288.9,-74.4,Wayanad (Meppadi),11.5534,76.132,780,36.72,267.07
2025-07-20T13:00,25.7,88,13.5,0.0,257.1,-121.3,Wayanad (Meppadi),11.5534,76.132,780,37.07,268.46
2025-07-20T14:00,26.7,79,26.0,0.0,215.8,-98.9,Wayanad (Meppadi),11.5534,76.132,780,35.83,277.32
2025-07-20T15:00,28.5,80,5.4,0.53,318.7,-44.3,Wayanad (Meppadi),11.5534,76.132,780,36.24,268.79
2025-07-20T16:00,28.9,81,59.0,17.64,2507.1,-43.7,Wayanad (Meppadi),11.5534,76.132,780,59.35,229.94
2025-07-20T17:00,28.9,78,14.6,0.06,279.9,-138.1,Wayanad (Meppadi),11.5534,76.132,780,36.05,257.44
2025-07-20T18:00,29.7,83,22.4,0.0,1342.4,-117.9,Wayanad (Meppadi),11.5534,76.132,780,36.92,271.42
2025-07-20T19:00,28.0,87,23.0,0.0,789.5,-71.5,Wayanad (Meppadi),11.5534,76.132,780,37.29,259.38
2025-07-20T20:00,25.2,90,24.3,0.0,200.1,-28.8,Wayanad (Meppadi),11.5534,76.132,780,37.25,259.29
2025-07-20T21:00,23.4,87,26.0,0.0,1014.2,-52.1,Wayanad (Meppadi),11.5534,76.132,780,36.67,262.93
2025-07-20T22:00,23.3,94,7.1,0.0,953.4,-102.9,Wayanad (Meppadi),11.5534,76.132,780,37.69,245.94
2025-07-20T23:00,22.1,83,25.5,0.0,511.4,-83.6,Wayanad (Meppadi),11.5534,76.132,780,35.9,258.01
2025-07-21T00:00,22.2,99,23.9,0.0,832.4,-32.6,Wayanad (Meppadi),11.5534,76.132,780,38.21,261.22
2025-07-21T01:00,22.5,96,48.5,50.3,2228.8,-8.4,Wayanad (Meppadi),11.5534,76.132,780,54.52,222.28
2025-07-21T02:00,21.7,93,5.5,0.0,858.9,-54.8,Wayanad (Meppadi),11.5534,76.132,780,37.28,263.25
2025-07-21T03:00,22.9,97,6.6,0.0,418.4,-55.9,Wayanad (Meppadi),11.5534,76.132,780,37.99,252.68
2025-07-21T04:00,21.6,94,19.9,1.17,624.7,-84.5,Wayanad (Meppadi),11.5534,76.132,780,37.42,267.86
2025-07-21T05:00,19.9,86,25.4,0.0,1342.0,-52.3,Wayanad (Meppadi),11.5534,76.132,780,35.97,266.6
2025-07-21T06:00,21.3,93,13.7,0.02,320.4,-81.5,Wayanad (Meppadi),11.5534,76.132,780,37.24,279.21
2025-07-21T07:00,23.2,95,5.6,0.77,1321.6,-73.6,Wayanad (Meppadi),11.5534,76.132,780,37.8,245.75
2025-07-21T08:00,23.9,94,53.4,63.26,2933.8,-8.0,Wayanad (Meppadi),11.5534,76.132,780,55.43,224.04
2025-07-21T09:00,26.1,89,14.2,0.0,1012.3,-91.4,Wayanad (Meppadi),11.5534,76.132,780,37.3,278.0
2025-07-21T10:00,25.4,90,17.5,0.0,1223.3,-89.7,Wayanad (Meppadi),11.5534,76.132,780,37.35,257.4
2025-07-21T11:00,26.0,86,77.5,107.33,4162.5,-2.0,Wayanad (Meppadi),11.5534,76.132,780,77.2,209.34
2025-07-21T12:00,25.1,84,8.7,0.0,241.1,-121.8,Wayanad (Meppadi),11.5534,76.132,780,36.42,278.02
2025-07-21T13:00,26.6,79,10.7,0.0,1286.1,-58.7,Wayanad (Meppadi),11.5534,76.132,780,35.91,249.51
2025-07-21T14:00,28.3,80,18.8,0.0,899.0,-148.7,Wayanad (Meppadi),11.5534,76.132,780,36.24,271.95
2025-07-21T15:00,28.3,80,74.4,13.31,2390.7,-27.5,Wayanad (Meppadi),11.5534,76.132,780,54.34,226.99
2025-07-21T16:00,28.6,82,58.0,14.17,3372.4,-35.4,Wayanad (Meppadi),11.5534,76.132,780,58.98,219.74
2025-07-21T17:00,28.1,85,19.9,0.0,674.2,-89.5,Wayanad (Meppadi),11.5534,76.132,780,37.01,250.94
2025-07-21T18:00,26.8,81,47.5,52.61,1885.4,-29.9,Wayanad (Meppadi),11.5534,76.132,780,59.41,219.8
2025-07-21T19:00,25.0,79,48.6,21.64,2442.0,-42.0,Wayanad (Meppadi),11.5534,76.132,780,53.31,230.9
2025-07-21T20:00,25.4,92,20.8,0.0,895.8,-139.0,Wayanad (Meppadi),11.5534,76.132,780,37.63,278.72
2025-07-21T21:00,24.4,84,16.0,1.02,285.5,-79.9,Wayanad (Meppadi),11.5534,76.132,780,36.36,277.04
2025-07-21T22:00,25.2,92,22.2,0.75,1337.2,-118.9,Wayanad (Meppadi),11.5534,76.132,780,37.59,275.49
2025-07-21T23:00,24.3,93,8.4,0.0,655.3,-79.3,Wayanad (Meppadi),11.5534,76.132,780,37.57,255.29
2025-07-22T00:00,21.5,92,26.5,0.78,981.5,-27.9,Wayanad (Meppadi),11.5534,76.132,780,37.03,273.39
2025-07-22T01:00,20.7,96,50.6,37.93,2951.2,-9.5,Wayanad (Meppadi),11.5534,76.132,780,62.52,224.17
2025-07-22T02:00,19.5,90,88.8,89.69,2935.1,-11.1,Wayanad (Meppadi),11.5534,76.132,780,59.07,208.69
2025-07-22T03:00,20.8,99,20.2,0.0,406.2,-100.6,Wayanad (Meppadi),11.5534,76.132,780,38.01,268.69
2025-07-22T04:00,20.6,99,18.1,0.06,590.0,-100.2,Wayanad (Meppadi),11.5534,76.132,780,37.98,271.78
2025-07-22T05:00,24.6,99,16.9,0.0,843.9,-25.2,Wayanad (Meppadi),11.5534,76.132,780,38.54,267.51
2025-07-22T06:00,20.7,90,7.9,0.23,1320.3,-65.2,Wayanad (Meppadi),11.5534,76.132,780,36.66,262.29
2025-07-22T07:00,22.8,82,65.5,62.22,2154.0,-6.7,Wayanad (Meppadi),11.5534,76.132,780,52.29,212.02
2025-07-22T08:00,22.8,92,13.5,0.0,956.5,-117.4,Wayanad (Meppadi),11.5534,76.132,780,37.24,258.7
2025-07-22T09:00,24.5,83,24.1,1.94,897.2,-92.1,Wayanad (Meppadi),11.5534,76.132,780,36.18,263.36
2025-07-22T10:00,25.0,85,19.9,0.0,375.0,-123.4,Wayanad (Meppadi),11.5534,76.132,780,36.49,268.3
2025-07-22T11:00,27.2,91,48.7,43.97,3134.2,-23.8,Wayanad (Meppadi),11.5534,76.132,780,53.23,226.84
2025-07-22T12:00,27.5,90,18.3,0.0,536.7,-145.3,Wayanad (Meppadi),11.5534,76.132,780,37.57,256.63
2025-07-22T13:00,28.5,89,21.2,0.0,1129.0,-61.5,Wayanad (Meppadi),11.5534,76.132,780,37.61,268.85
2025-07-22T14:00,27.0,82,15.8,0.0,889.3,-31.5,Wayanad (Meppadi),11.5534,76.132,780,36.34,268.46
2025-07-22T15:00,29.3,85,5.8,0.0,227.9,-55.2,Wayanad (Meppadi),11.5534,76.132,780,37.09,249.25
2025-07-22T16:00,27.3,73,18.8,0.21,524.3,-112.9,Wayanad (Meppadi),11.5534,76.132,780,35.13,249.14
2025-07-22T17:00,25.8,76,20.5,0.11,1397.1,-102.4,Wayanad (Meppadi),11.5534,76.132,780,35.33,255.83
2025-07-22T18:00,26.8,82,73.7,24.39,3449.0,-39.1,Wayanad (Meppadi),11.5534,76.132,780,56.76,219.31
2025-07-22T19:00,26.4,88,14.1,0.0,633.9,-128.0,Wayanad (Meppadi),11.5534,76.132,780,37.17,257.95
2025-07-22T20:00,23.9,84,56.4,58.25,1812.6,-24.8,Wayanad (Meppadi),11.5534,76.132,780,58.42,224.48
2025-07-22T21:00,25.5,91,19.4,0.79,312.8,-106.3,Wayanad (Meppadi),11.5534,76.132,780,37.55,268.72
2025-07-22T22:00,22.6,85,17.4,0.48,1182.9,-116.9,Wayanad (Meppadi),11.5534,76.132,780,36.27,249.21
2025-07-22T23:00,21.7,92,21.2,0.0,321.8,-121.1,Wayanad (Meppadi),11.5534,76.132,780,37.12,273.86
2025-07-23T00:00,22.0,95,7.5,0.0,903.9,-75.6,Wayanad (Meppadi),11.5534,76.132,780,37.63,275.91
2025-07-23T01:00,22.5,97,21.2,0.0,848.2,-120.2,Wayanad (Meppadi),11.5534,76.132,780,37.97,250.79
2025-07-23T02:00,19.7,93,21.9,0.0,806.7,-61.7,Wayanad (Meppadi),11.5534,76.132,780,36.98,248.9
2025-07-23T03:00,22.1,95,18.0,0.0,1127.3,-52.6,Wayanad (Meppadi),11.5534,76.132,780,37.64,270.78
2025-07-23T04:00,18.5,89,21.2,0.0,911.9,-23.5,Wayanad (Meppadi),11.5534,76.132,780,36.2,247.29
2025-07-23T05:00,21.9,94,19.8,0.3,847.1,-102.8,Wayanad (Meppadi),11.5534,76.132,780,37.39,264.79
2025-07-23T06:00,20.7,97,12.7,0.0,246.1,-40.6,Wayanad (Meppadi),11.5534,76.132,780,37.75,248.72
2025-07-23T07:00,21.8,90,67.2,21.13,3109.4,-37.0,Wayanad (Meppadi),11.5534,76.132,780,57.78,232.78
2025-07-23T08:00,25.7,87,10.4,0.0,682.5,-53.7,Wayanad (Meppadi),11.5534,76.132,780,36.92,256.34
2025-07-23T09:00,23.3,91,23.2,0.0,711.8,-52.9,Wayanad (Meppadi),11.5534,76.132,780,37.23,260.69
2025-07-23T10:00,25.3,95,26.5,0.0,377.4,-139.0,Wayanad (Meppadi),11.5534,76.132,780,38.12,253.69
2025-07-23T11:00,25.0,93,20.4,0.0,274.5,-108.2,Wayanad (Meppadi),11.5534,76.132,780,37.75,252.65
2025-07-23T12:00,27.9,84,20.1,0.0,952.0,-77.2,Wayanad (Meppadi),11.5534,76.132,780,36.83,251.77
2025-07-23T13:00,28.0,85,13.3,0.0,496.8,-93.4,Wayanad (Meppadi),11.5534,76.132,780,36.98,265.86
2025-07-23T14:00,28.5,88,21.4,0.0,241.5,-154.3,Wayanad (Meppadi),11.5534,76.132,780,37.46,256.2
2025-07-23T15:00,29.4,82,15.4,0.09,333.1,-92.6,Wayanad (Meppadi),11.5534,76.132,780,36.71,258.73
2025-07-23T16:00,27.5,83,13.0,0.0,596.4,-60.7,Wayanad (Meppadi),11.5534,76.132,780,36.62,254.48
2025-07-23T17:00,28.8,81,11.4,0.1,1001.0,-26.7,Wayanad (Meppadi),11.5534,76.132,780,36.44,256.63
2025-07-23T18:00,28.8,93,11.6,0.39,404.6,-71.8,Wayanad (Meppadi),11.5534,76.132,780,38.18,251.99
2025-07-23T19:00,26.6,87,24.4,0.0,256.0,-52.2,Wayanad (Meppadi),11.5534,76.132,780,37.13,278.1
2025-07-23T20:00,24.1,85,16.3,0.0,1279.2,-102.8,Wayanad (Meppadi),11.5534,76.132,780,36.45,275.83
2025-07-23T21:00,23.1,86,19.9,0.0,831.7,-113.6,Wayanad (Meppadi),11.5534,76.132,780,36.4,250.5
2025-07-23T22:00,24.1,82,27.2,0.61,1005.8,-102.9,Wayanad (Meppadi),11.5534,76.132,780,36.06,267.72
2025-07-23T23:00,21.4,85,21.1,0.0,678.5,-137.5,Wayanad (Meppadi),11.5534,76.132,780,36.1,258.33
2025-07-24T00:00,20.4,90,11.3,0.0,355.7,-108.8,Wayanad (Meppadi),11.5534,76.132,780,36.67,256.48
2025-07-24T01:00,22.5,98,49.6,22.79,3658.9,-41.7,Wayanad (Meppadi),11.5534,76.132,780,46.42,222.69
2025-07-24T02:00,20.6,96,13.8,0.16,1148.0,-89.9,Wayanad (Meppadi),11.5534,76.132,780,37.56,248.36
2025-07-24T03:00,23.9,90,13.9,0.0,1096.2,-122.7,Wayanad (Meppadi),11.5534,76.132,780,37.14,276.93
2025-07-24T04:00,20.3,91,8.1,0.34,1313.3,-127.7,Wayanad (Meppadi),11.5534,76.132,780,36.8,274.1
2025-07-24T05:00,20.9,95,73.4,16.42,2795.2,-40.4,Wayanad (Meppadi),11.5534,76.132,780,55.75,215.43
2025-07-24T06:00,22.5,99,23.6,0.32,949.7,-142.2,Wayanad (Meppadi),11.5534,76.132,780,38.24,260.96
2025-07-24T07:00,23.0,87,22.7,0.0,1040.6,-24.4,Wayanad (Meppadi),11.5534,76.132,780,36.59,276.18
2025-07-24T08:00,23.5,92,22.6,0.0,415.3,-148.0,Wayanad (Meppadi),11.5534,76.132,780,37.33,256.36
2025-07-24T09:00,24.4,86,24.9,0.0,386.9,-57.7,Wayanad (Meppadi),11.5534,76.132,780,36.65,248.5
2025-07-24T10:00,29.3,85,25.5,0.0,1184.3,-146.2,Wayanad (Meppadi),11.5534,76.132,780,37.08,248.72
2025-07-24T11:00,28.2,80,16.3,0.0,1074.6,-21.2,Wayanad (Meppadi),11.5534,76.132,780,36.24,252.72
2025-07-24T12:00,28.0,86,27.2,1.06,631.7,-151.2,Wayanad (Meppadi),11.5534,76.132,780,37.05,261.08
2025-07-24T13:00,26.1,80,55.3,18.45,2329.7,-34.5,Wayanad (Meppadi),11.5534,76.132,780,45.2,216.98
2025-07-24T14:00,27.8,80,10.6,0.0,1009.9,-74.2,Wayanad (Meppadi),11.5534,76.132,780,36.18,279.25
2025-07-24T15:00,28.8,85,10.9,0.0,1162.4,-32.6,Wayanad (Meppadi),11.5534,76.132,780,37.07,269.4
2025-07-24T16:00,28.8,85,8.5,0.0,1148.9,-43.3,Wayanad (Meppadi),11.5534,76.132,780,37.14,248.8
2025-07-24T17:00,29.1,79,61.3,23.8,3707.1,-43.3,Wayanad (Meppadi),11.5534,76.132,780,54.54,215.11
2025-07-24T18:00,26.2,84,7.5,0.0,924.0,-154.5,Wayanad (Meppadi),11.5534,76.132,780,36.62,275.98
2025-07-24T19:00,26.2,88,20.5,0.0,1189.2,-58.6,Wayanad (Meppadi),11.5534,76.132,780,37.19,270.57
2025-07-24T20:00,24.5,85,21.2,1.31,1266.4,-114.9,Wayanad (Meppadi),11.5534,76.132,780,36.56,250.91
2025-07-24T21:00,26.1,91,20.1,0.0,1386.5,-41.5,Wayanad (Meppadi),11.5534,76.132,780,37.55,266.02
2025-07-24T22:00,24.4,89,8.0,0.0,1269.1,-110.3,Wayanad (Meppadi),11.5534,76.132,780,37.0,262.4
2025-07-24T23:00,22.1,90,5.8,0.0,1347.4,-127.0,Wayanad (Meppadi),11.5534,76.132,780,36.92,278.85
2025-06-15T00:00,24.1,96,12.7,0.0,648.9,-96.0,Silchar (Barak Valley),24.817,92.7993,35,38.0,274.79
2025-06-15T01:00,24.2,84,15.7,1.67,1278.9,-42.3,Silchar (Barak Valley),24.817,92.7993,35,36.37,256.52
2025-06-15T02:00,22.1,97,26.8,0.0,1318.3,-42.6,Silchar (Barak Valley),24.817,92.7993,35,37.95,250.49
2025-06-15T03:00,24.6,95,24.9,0.0,785.6,-129.6,Silchar (Barak Valley),24.817,92.7993,35,37.93,273.94
2025-06-15T04:00,25.6,95,14.8,0.0,812.0,-105.0,Silchar (Barak Valley),24.817,92.7993,35,38.06,271.56
2025-06-15T05:00,26.0,99,11.7,0.0,948.7,-46.9,Silchar (Barak Valley),24.817,92.7993,35,38.67,250.19
2025-06-15T06:00,24.2,96,24.4,0.0,510.5,-37.4,Silchar (Barak Valley),24.817,92.7993,35,38.01,269.47
2025-06-15T07:00,23.0,93,11.3,0.0,1334.3,-73.9,Silchar (Barak Valley),24.817,92.7993,35,37.42,277.85
2025-06-15T08:00,27.0,87,27.0,1.13,302.3,-145.5,Silchar (Barak Valley),24.817,92.7993,35,37.08,279.29
2025-06-15T09:00,29.1,85,19.7,0.65,1191.5,-49.2,Silchar (Barak Valley),24.817,92.7993,35,37.06,258.58
2025-06-15T10:00,26.5,88,8.5,0.44,768.7,-120.4,Silchar (Barak Valley),24.817,92.7993,35,37.14,279.3
2025-06-15T11:00,28.8,84,17.1,0.0,1253.4,-77.4,Silchar (Barak Valley),24.817,92.7993,35,36.98,259.65
2025-06-15T12:00,30.4,82,15.6,1.39,549.3,-149.9,Silchar (Barak Valley),24.817,92.7993,35,36.9,248.07
2025-06-15T13:00,29.5,80,7.1,0.23,907.2,-59.3,Silchar (Barak Valley),24.817,92.7993,35,36.4,257.84
2025-06-15T14:00,28.8,78,23.4,0.0,629.1,-85.0,Silchar (Barak Valley),24.817,92.7993,35,35.98,264.43
2025-06-15T15:00,30.1,73,9.3,0.0,356.1,-30.6,Silchar (Barak Valley),24.817,92.7993,35,35.53,266.16
2025-06-15T16:00,30.2,82,7.8,0.0,841.2,-38.8,Silchar (Barak Valley),24.817,92.7993,35,36.8,246.87
2025-06-15T17:00,28.3,79,14.3,0.0,969.5,-40.2,Silchar (Barak Valley),24.817,92.7993,35,36.15,267.17
2025-06-15T18:00,31.3,80,9.9,0.0,599.0,-40.6,Silchar (Barak Valley),24.817,92.7993,35,36.68,275.57
2025-06-15T19:00,31.1,75,13.1,0.0,1020.3,-132.1,Silchar (Barak Valley),24.817,92.7993,35,35.94,251.44
2025-06-15T20:00,28.4,85,6.4,0.0,551.1,-116.5,Silchar (Barak Valley),24.817,92.7993,35,36.97,245.01
2025-06-15T21:00,28.4,81,6.1,0.0,1269.0,-159.2,Silchar (Barak Valley),24.817,92.7993,35,36.36,259.59
2025-06-15T22:00,24.8,86,15.9,0.0,362.2,-62.0,Silchar (Barak Valley),24.817,92.7993,35,36.7,246.97
2025-06-15T23:00,25.6,93,22.2,0.0,693.5,-69.2,Silchar (Barak Valley),24.817,92.7993,35,37.76,263.81
2025-06-16T00:00,24.3,91,27.0,0.0,231.5,-82.0,Silchar (Barak Valley),24.817,92.7993,35,37.38,265.56
2025-06-16T01:00,25.0,92,44.5,57.98,2039.3,-9.7,Silchar (Barak Valley),24.817,92.7993,35,59.06,223.32
2025-06-16T02:00,20.9,90,22.1,0.0,620.6,-115.4,Silchar (Barak Valley),24.817,92.7993,35,36.7,249.1
2025-06-16T03:00,23.6,91,5.7,0.0,706.3,-150.0,Silchar (Barak Valley),24.817,92.7993,35,37.22,261.26
2025-06-16T04:00,24.9,99,17.1,0.0,976.5,-155.3,Silchar (Barak Valley),24.817,92.7993,35,38.58,274.51
2025-06-16T05:00,24.8,95,66.9,79.52,2843.3,-0.7,Silchar (Barak Valley),24.817,92.7993,35,55.68,208.61
2025-06-16T06:00,26.0,89,18.1,0.0,793.9,-80.1,Silchar (Barak Valley),24.817,92.7993,35,37.3,245.41
2025-06-16T07:00,25.0,89,19.2,0.0,509.3,-114.4,Silchar (Barak Valley),24.817,92.7993,35,37.16,267.62
2025-06-16T08:00,23.2,89,72.2,24.81,2490.4,-31.4,Silchar (Barak Valley),24.817,92.7993,35,57.07,222.17
2025-06-16T09:00,28.8,88,40.8,32.36,3003.6,-22.7,Silchar (Barak Valley),24.817,92.7993,35,53.76,214.9
2025-06-16T10:00,29.3,84,54.3,34.55,2165.9,-14.0,Silchar (Barak Valley),24.817,92.7993,35,58.87,216.47
2025-06-16T11:00,31.1,75,19.9,0.0,1224.5,-51.4,Silchar (Barak Valley),24.817,92.7993,35,35.97,262.78
2025-06-16T12:00,30.1,81,17.3,0.0,970.6,-24.0,Silchar (Barak Valley),24.817,92.7993,35,36.65,257.95
2025-06-16T13:00,31.0,80,72.7,34.68,2627.4,-31.7,Silchar (Barak Valley),24.817,92.7993,35,59.11,228.2
2025-06-16T14:00,33.7,87,59.7,39.37,2726.1,-13.9,Silchar (Barak Valley),24.817,92.7993,35,56.99,215.15
2025-06-16T15:00,28.8,90,39.5,29.66,2268.5,-27.7,Silchar (Barak Valley),24.817,92.7993,35,51.35,210.9
2025-06-16T16:00,31.4,82,84.9,80.09,4261.5,-1.3,Silchar (Barak Valley),24.817,92.7993,35,61.22,208.97
2025-06-16T17:00,32.0,77,24.2,0.0,422.7,-113.5,Silchar (Barak Valley),24.817,92.7993,35,36.36,245.28
2025-06-16T18:00,30.2,84,13.3,0.0,773.8,-80.6,Silchar (Barak Valley),24.817,92.7993,35,37.1,260.75
2025-06-16T19:00,29.3,76,6.4,0.0,666.9,-94.1,Silchar (Barak Valley),24.817,92.7993,35,35.77,245.7
2025-06-16T20:00,26.6,82,25.7,2.03,792.1,-43.1,Silchar (Barak Valley),24.817,92.7993,35,36.35,249.06
2025-06-16T21:00,29.3,79,55.1,43.77,3050.5,-5.1,Silchar (Barak Valley),24.817,92.7993,35,63.35,219.88
2025-06-16T22:00,27.9,90,20.1,0.0,1399.8,-119.5,Silchar (Barak Valley),24.817,92.7993,35,37.69,268.73
2025-06-16T23:00,27.3,85,22.5,0.44,584.3,-129.8,Silchar (Barak Valley),24.817,92.7993,35,36.83,246.86
2025-06-17T00:00,25.0,90,25.8,0.33,767.7,-44.9,Silchar (Barak Valley),24.817,92.7993,35,37.27,257.65
2025-06-17T01:00,24.1,92,54.6,47.89,1804.1,-13.7,Silchar (Barak Valley),24.817,92.7993,35,51.29,223.39
2025-06-17T02:00,24.1,93,73.6,24.96,2466.3,-21.4,Silchar (Barak Valley),24.817,92.7993,35,56.66,218.44
2025-06-17T03:00,26.0,91,42.5,62.4,2055.5,-5.5,Silchar (Barak Valley),24.817,92.7993,35,52.65,227.58
2025-06-17T04:00,23.8,94,50.6,32.52,3198.1,-18.4,Silchar (Barak Valley),24.817,92.7993,35,44.16,224.1
2025-06-17T05:00,26.2,87,35.5,42.0,2260.8,-28.1,Silchar (Barak Valley),24.817,92.7993,35,66.89,210.73
2025-06-17T06:00,24.8,98,18.8,0.0,533.5,-56.3,Silchar (Barak Valley),24.817,92.7993,35,38.42,268.74
2025-06-17T07:00,24.7,85,7.6,0.0,1016.0,-70.8,Silchar (Barak Valley),24.817,92.7993,35,36.58,268.93
2025-06-17T08:00,24.1,88,35.9,56.71,2011.0,-20.8,Silchar (Barak Valley),24.817,92.7993,35,62.13,212.68
2025-06-17T09:00,28.2,88,81.3,63.5,3627.5,-8.6,Silchar (Barak Valley),24.817,92.7993,35,68.58,209.01
2025-06-17T10:00,29.3,87,62.4,59.38,2566.0,-22.0,Silchar (Barak Valley),24.817,92.7993,35,50.95,211.08
2025-06-17T11:00,27.9,86,18.3,0.0,714.6,-138.3,Silchar (Barak Valley),24.817,92.7993,35,37.04,270.51
2025-06-17T12:00,31.7,75,47.8,53.34,2478.3,-26.3,Silchar (Barak Valley),24.817,92.7993,35,63.14,222.97
2025-06-17T13:00,28.9,76,73.9,24.37,2383.2,-10.8,Silchar (Barak Valley),24.817,92.7993,35,48.53,221.62
2025-06-17T14:00,31.7,80,15.2,0.41,411.8,-57.2,Silchar (Barak Valley),24.817,92.7993,35,36.71,277.94
2025-06-17T15:00,31.9,81,80.6,12.9,2325.4,-20.9,Silchar (Barak Valley),24.817,92.7993,35,54.78,225.15
2025-06-17T16:00,32.2,84,14.5,0.0,773.0,-41.6,Silchar (Barak Valley),24.817,92.7993,35,37.44,271.01
2025-06-17T17:00,28.2,78,20.2,0.17,783.5,-135.3,Silchar (Barak Valley),24.817,92.7993,35,35.94,271.94
2025-06-17T18:00,31.3,77,24.7,0.55,653.3,-133.7,Silchar (Barak Valley),24.817,92.7993,35,36.29,262.28
2025-06-17T19:00,29.1,80,78.4,29.68,3156.9,-14.4,Silchar (Barak Valley),24.817,92.7993,35,59.66,224.09
2025-06-17T20:00,28.0,93,11.1,1.89,1192.8,-34.1,Silchar (Barak Valley),24.817,92.7993,35,38.18,268.75
2025-06-17T21:00,28.5,92,7.8,0.0,337.9,-71.7,Silchar (Barak Valley),24.817,92.7993,35,38.07,257.75
2025-06-17T22:00,27.7,87,15.8,0.0,1390.5,-99.7,Silchar (Barak Valley),24.817,92.7993,35,37.25,266.76
2025-06-17T23:00,23.4,95,27.8,0.0,906.4,-29.1,Silchar (Barak Valley),24.817,92.7993,35,37.74,262.25
2025-06-18T00:00,23.5,89,11.9,0.0,328.0,-39.8,Silchar (Barak Valley),24.817,92.7993,35,36.89,275.61
2025-06-18T01:00,25.9,96,12.9,2.88,1359.8,-31.8,Silchar (Barak Valley),24.817,92.7993,35,38.27,273.66
2025-06-18T02:00,24.7,87,8.3,0.0,355.2,-40.2,Silchar (Barak Valley),24.817,92.7993,35,36.85,271.56
2025-06-18T03:00,24.2,94,24.8,0.0,626.8,-30.4,Silchar (Barak Valley),24.817,92.7993,35,37.83,274.99
2025-06-18T04:00,22.9,97,16.7,0.0,970.3,-124.9,Silchar (Barak Valley),24.817,92.7993,35,38.0,263.22
2025-06-18T05:00,25.0,91,17.6,0.0,616.0,-66.3,Silchar (Barak Valley),24.817,92.7993,35,37.4,254.44
2025-06-18T06:00,26.5,93,18.2,0.0,687.2,-137.1,Silchar (Barak Valley),24.817,92.7993,35,38.0,247.56
2025-06-18T07:00,28.5,87,25.0,0.63,705.2,-132.0,Silchar (Barak Valley),24.817,92.7993,35,37.38,254.82
2025-06-18T08:00,26.2,89,11.5,0.0,935.5,-93.5,Silchar (Barak Valley),24.817,92.7993,35,37.31,278.83
2025-06-18T09:00,28.6,84,14.5,0.17,937.6,-45.9,Silchar (Barak Valley),24.817,92.7993,35,36.91,276.81
2025-06-18T10:00,30.6,87,26.8,0.0,271.1,-56.1,Silchar (Barak Valley),24.817,92.7993,35,37.7,262.16
2025-06-18T11:00,27.5,77,6.5,0.84,713.3,-26.6,Silchar (Barak Valley),24.817,92.7993,35,35.78,262.62
2025-06-18T12:00,32.1,77,23.9,0.2,968.3,-35.7,Silchar (Barak Valley),24.817,92.7993,35,36.34,269.59
2025-06-18T13:00,30.8,85,13.3,1.53,825.7,-155.5,Silchar (Barak Valley),24.817,92.7993,35,37.38,277.22
2025-06-18T14:00,31.0,69,9.6,0.0,1196.4,-57.5,Silchar (Barak Valley),24.817,92.7993,35,35.03,257.01
2025-06-18T15:00,30.3,76,17.9,0.0,833.7,-37.3,Silchar (Barak Valley),24.817,92.7993,35,36.02,253.81
2025-06-18T16:00,30.4,79,16.7,1.47,292.4,-125.5,Silchar (Barak Valley),24.817,92.7993,35,36.36,276.83
2025-06-18T17:00,29.6,81,18.4,0.21,1009.2,-121.0,Silchar (Barak Valley),24.817,92.7993,35,36.66,254.12
2025-06-18T18:00,28.8,79,14.2,0.4,944.5,-79.2,Silchar (Barak Valley),24.817,92.7993,35,36.22,266.81
2025-06-18T19:00,29.8,78,8.4,0.09,811.8,-112.5,Silchar (Barak Valley),24.817,92.7993,35,36.17,279.92
2025-06-18T20:00,29.7,89,6.7,0.0,915.7,-151.3,Silchar (Barak Valley),24.817,92.7993,35,37.82,275.31
2025-06-18T21:00,26.2,90,18.0,0.0,822.0,-43.6,Silchar (Barak Valley),24.817,92.7993,35,37.5,249.53
2025-06-18T22:00,25.8,86,6.1,0.0,1168.5,-130.0,Silchar (Barak Valley),24.817,92.7993,35,36.86,245.56
2025-06-18T23:00,26.1,82,20.5,0.0,610.8,-68.2,Silchar (Barak Valley),24.817,92.7993,35,36.31,249.7
2025-06-19T00:00,23.7,92,20.5,0.69,760.9,-113.4,Silchar (Barak Valley),24.817,92.7993,35,37.43,262.27
2025-06-19T01:00,24.8,93,9.0,0.14,1224.3,-146.1,Silchar (Barak Valley),24.817,92.7993,35,37.67,258.61
2025-06-19T02:00,23.8,90,22.8,0.0,227.5,-149.0,Silchar (Barak Valley),24.817,92.7993,35,37.14,265.62
2025-06-19T03:00,22.0,85,26.6,0.0,473.1,-57.0,Silchar (Barak Valley),24.817,92.7993,35,36.18,246.8
2025-06-19T04:00,24.7,92,17.9,0.83,1024.9,-142.4,Silchar (Barak Valley),24.817,92.7993,35,37.5,268.27
2025-06-19T05:00,23.8,95,16.5,0.0,331.6,-30.5,Silchar (Barak Valley),24.817,92.7993,35,37.87,258.09
2025-06-19T06:00,26.3,95,10.1,0.0,596.9,-126.5,Silchar (Barak Valley),24.817,92.7993,35,38.14,263.6
2025-06-19T07:00,25.5,89,12.4,0.0,349.2,-91.0,Silchar (Barak Valley),24.817,92.7993,35,37.27,246.81
2025-06-19T08:00,25.7,85,12.0,0.39,1076.4,-84.8,Silchar (Barak Valley),24.817,92.7993,35,36.71,276.82
2025-06-19T09:00,27.5,89,20.4,0.81,1156.9,-146.2,Silchar (Barak Valley),24.817,92.7993,35,37.48,252.5
2025-06-19T10:00,29.9,80,24.6,0.07,213.5,-56.6,Silchar (Barak Valley),24.817,92.7993,35,36.44,256.32
2025-06-19T11:00,31.5,77,24.8,0.26,418.9,-78.0,Silchar (Barak Valley),24.817,92.7993,35,36.26,252.53
2025-06-19T12:00,30.7,81,10.5,0.68,421.2,-73.5,Silchar (Barak Valley),24.817,92.7993,35,36.7,258.2
2025-06-19T13:00,29.8,86,17.1,0.0,490.5,-22.5,Silchar (Barak Valley),24.817,92.7993,35,37.39,257.13
2025-06-19T14:00,30.9,86,11.0,0.0,694.1,-64.3,Silchar (Barak Valley),24.817,92.7993,35,37.46,277.87
2025-06-19T15:00,30.9,74,24.9,0.69,489.4,-50.4,Silchar (Barak Valley),24.817,92.7993,35,35.68,255.58
2025-06-19T16:00,30.7,77,12.6,0.0,809.3,-57.4,Silchar (Barak Valley),24.817,92.7993,35,36.22,247.6
2025-06-19T17:00,30.2,90,57.7,13.56,2787.3,-23.8,Silchar (Barak Valley),24.817,92.7993,35,45.89,219.52
2025-06-19T18:00,28.8,78,12.5,0.0,286.7,-118.5,Silchar (Barak Valley),24.817,92.7993,35,36.09,258.51
2025-06-19T19:00,30.4,89,5.4,0.0,479.2,-157.9,Silchar (Barak Valley),24.817,92.7993,35,37.89,274.24
2025-06-19T20:00,29.4,88,15.2,0.0,325.3,-118.8,Silchar (Barak Valley),24.817,92.7993,35,37.63,249.61
2025-06-19T21:00,27.5,91,13.2,0.0,1373.2,-130.0,Silchar (Barak Valley),24.817,92.7993,35,37.76,272.1
2025-06-19T22:00,28.1,86,8.3,0.0,1399.7,-76.8,Silchar (Barak Valley),24.817,92.7993,35,37.14,279.49
2025-06-19T23:00,26.5,88,25.8,0.0,770.2,-131.6,Silchar (Barak Valley),24.817,92.7993,35,37.18,256.92
2025-06-20T00:00,23.7,87,10.6,0.0,1144.4,-34.2,Silchar (Barak Valley),24.817,92.7993,35,36.72,272.08
2025-06-20T01:00,24.0,95,22.9,0.0,1282.3,-101.0,Silchar (Barak Valley),24.817,92.7993,35,37.92,267.71
2025-06-20T02:00,25.9,86,10.7,0.0,701.6,-44.6,Silchar (Barak Valley),24.817,92.7993,35,36.86,257.25
2025-06-20T03:00,23.6,92,19.9,0.0,417.1,-113.5,Silchar (Barak Valley),24.817,92.7993,35,37.44,265.3
2025-06-20T04:00,23.3,99,17.1,0.0,355.5,-100.0,Silchar (Barak Valley),24.817,92.7993,35,38.36,254.64
2025-06-20T05:00,25.3,94,11.3,0.34,1269.5,-124.0,Silchar (Barak Valley),24.817,92.7993,35,37.99,251.15
2025-06-20T06:00,24.7,95,20.2,0.0,670.9,-153.2,Silchar (Barak Valley),24.817,92.7993,35,37.97,277.4
2025-06-20T07:00,26.4,83,14.2,0.52,1293.5,-143.9,Silchar (Barak Valley),24.817,92.7993,35,36.45,251.56
2025-06-20T08:00,26.6,84,8.3,0.0,1191.9,-147.0,Silchar (Barak Valley),24.817,92.7993,35,36.6,249.1
2025-06-20T09:00,26.5,91,13.1,0.8,770.2,-29.0,Silchar (Barak Valley),24.817,92.7993,35,37.62,256.25
2025-06-20T10:00,27.6,85,19.5,0.0,226.2,-147.5,Silchar (Barak Valley),24.817,92.7993,35,36.87,252.54
2025-06-20T11:00,27.2,78,6.2,0.0,211.5,-99.2,Silchar (Barak Valley),24.817,92.7993,35,35.88,267.03
2025-06-20T12:00,28.6,84,24.4,0.0,321.6,-50.3,Silchar (Barak Valley),24.817,92.7993,35,36.85,259.85
2025-06-20T13:00,31.3,78,20.6,0.0,626.3,-74.1,Silchar (Barak Valley),24.817,92.7993,35,36.35,249.27
2025-06-20T14:00,32.3,89,22.0,0.0,467.8,-74.3,Silchar (Barak Valley),24.817,92.7993,35,38.22,274.98
2025-06-20T15:00,30.3,81,11.0,0.0,954.4,-32.7,Silchar (Barak Valley),24.817,92.7993,35,36.75,261.3
2025-06-20T16:00,29.2,76,26.9,0.01,389.9,-37.3,Silchar (Barak Valley),24.817,92.7993,35,35.73,254.43
2025-06-20T17:00,31.9,83,27.2,0.0,508.9,-109.3,Silchar (Barak Valley),24.817,92.7993,35,37.28,261.08
2025-06-20T18:00,31.4,88,20.8,0.0,1040.3,-135.6,Silchar (Barak Valley),24.817,92.7993,35,37.81,259.24
2025-06-20T19:00,30.1,82,13.6,0.02,1274.8,-153.0,Silchar (Barak Valley),24.817,92.7993,35,36.89,270.16
2025-06-20T20:00,26.7,81,57.7,23.89,2289.6,-33.9,Silchar (Barak Valley),24.817,92.7993,35,54.01,228.52
2025-06-20T21:00,28.1,86,18.9,0.0,1181.2,-29.7,Silchar (Barak Valley),24.817,92.7993,35,37.16,254.64
2025-06-20T22:00,27.3,85,12.7,0.0,364.1,-23.2,Silchar (Barak Valley),24.817,92.7993,35,36.92,275.22
2025-06-20T23:00,26.8,88,23.4,0.42,1263.1,-111.6,Silchar (Barak Valley),24.817,92.7993,35,37.32,278.47
2025-06-21T00:00,25.2,85,20.6,0.0,695.2,-135.8,Silchar (Barak Valley),24.817,92.7993,35,36.65,271.52
2025-06-21T01:00,23.6,96,16.6,0.0,808.1,-84.6,Silchar (Barak Valley),24.817,92.7993,35,37.9,279.66
2025-06-21T02:00,23.6,88,5.4,0.0,1073.6,-143.9,Silchar (Barak Valley),24.817,92.7993,35,36.84,267.14
2025-06-21T03:00,25.4,95,12.2,0.32,453.5,-132.0,Silchar (Barak Valley),24.817,92.7993,35,38.14,255.84
2025-06-21T04:00,24.6,92,22.9,0.04,902.2,-38.2,Silchar (Barak Valley),24.817,92.7993,35,37.46,265.01
2025-06-21T05:00,22.9,93,5.5,0.0,983.0,-64.2,Silchar (Barak Valley),24.817,92.7993,35,37.43,260.79
2025-06-21T06:00,27.1,89,20.0,0.0,1372.2,-136.3,Silchar (Barak Valley),24.817,92.7993,35,37.44,246.11
2025-06-21T07:00,27.1,90,17.6,2.01,1282.6,-158.3,Silchar (Barak Valley),24.817,92.7993,35,37.63,275.17
2025-06-21T08:00,28.6,90,8.7,0.0,1208.0,-151.9,Silchar (Barak Valley),24.817,92.7993,35,37.72,264.97
2025-06-21T09:00,28.9,85,16.1,0.21,771.6,-87.2,Silchar (Barak Valley),24.817,92.7993,35,37.03,266.61
2025-06-21T10:00,27.3,77,22.8,0.0,320.4,-104.3,Silchar (Barak Valley),24.817,92.7993,35,35.73,267.69
2025-06-21T11:00,29.6,84,17.2,0.0,642.8,-58.1,Silchar (Barak Valley),24.817,92.7993,35,37.03,259.67
2025-06-21T12:00,30.7,83,23.3,0.0,1292.0,-84.8,Silchar (Barak Valley),24.817,92.7993,35,36.99,248.1
2025-06-21T13:00,28.9,74,26.9,0.99,915.0,-113.5,Silchar (Barak Valley),24.817,92.7993,35,35.48,276.15
2025-06-21T14:00,29.5,75,22.2,0.0,259.6,-138.9,Silchar (Barak Valley),24.817,92.7993,35,35.73,247.53
2025-06-21T15:00,31.9,78,6.1,1.16,421.0,-82.1,Silchar (Barak Valley),24.817,92.7993,35,36.4,259.41
2025-06-21T16:00,31.9,70,18.3,0.0,1217.1,-125.1,Silchar (Barak Valley),24.817,92.7993,35,35.25,277.81
2025-06-21T17:00,33.4,83,10.9,0.0,619.3,-27.0,Silchar (Barak Valley),24.817,92.7993,35,37.38,271.24
2025-06-21T18:00,29.7,79,10.4,0.0,1192.5,-154.2,Silchar (Barak Valley),24.817,92.7993,35,36.32,246.93
2025-06-21T19:00,27.2,84,14.5,0.0,714.4,-83.9,Silchar (Barak Valley),24.817,92.7993,35,36.67,250.5
2025-06-21T20:00,28.2,80,13.0,0.0,460.7,-106.1,Silchar (Barak Valley),24.817,92.7993,35,36.25,258.22
2025-06-21T21:00,28.5,94,5.9,0.0,874.9,-139.2,Silchar (Barak Valley),24.817,92.7993,35,38.37,253.46
2025-06-21T22:00,26.2,82,20.6,0.31,415.6,-31.7,Silchar (Barak Valley),24.817,92.7993,35,36.3,260.59
2025-06-21T23:00,25.9,88,27.2,0.36,1106.6,-69.4,Silchar (Barak Valley),24.817,92.7993,35,37.05,272.47
2025-06-22T00:00,24.3,96,15.0,0.18,1059.7,-68.9,Silchar (Barak Valley),24.817,92.7993,35,38.02,272.97
2025-06-22T01:00,25.9,87,78.5,18.62,3252.6,-39.7,Silchar (Barak Valley),24.817,92.7993,35,46.79,228.24
2025-06-22T02:00,25.0,93,7.3,0.0,883.4,-92.7,Silchar (Barak Valley),24.817,92.7993,35,37.75,246.37
2025-06-22T03:00,23.0,96,22.6,0.0,495.0,-123.9,Silchar (Barak Valley),24.817,92.7993,35,37.82,265.05
2025-06-22T04:00,23.5,87,25.0,0.0,588.5,-139.0,Silchar (Barak Valley),24.817,92.7993,35,36.61,269.77
2025-06-22T05:00,23.7,89,17.4,0.0,848.0,-135.5,Silchar (Barak Valley),24.817,92.7993,35,37.02,262.75
2025-06-22T06:00,22.8,92,27.0,0.0,527.8,-22.8,Silchar (Barak Valley),24.817,92.7993,35,37.24,247.33
2025-06-22T07:00,24.8,91,25.6,0.0,1351.6,-152.1,Silchar (Barak Valley),24.817,92.7993,35,37.46,275.86
2025-06-22T08:00,24.5,85,20.6,0.0,967.1,-88.3,Silchar (Barak Valley),24.817,92.7993,35,36.42,248.46
2025-06-22T09:00,28.6,93,15.6,0.09,931.0,-100.4,Silchar (Barak Valley),24.817,92.7993,35,38.29,260.43
2025-06-22T10:00,29.6,86,11.6,0.0,987.0,-80.6,Silchar (Barak Valley),24.817,92.7993,35,37.36,254.91
2025-06-22T11:00,28.9,86,13.8,0.0,1246.0,-90.7,Silchar (Barak Valley),24.817,92.7993,35,37.19,253.41
2025-06-22T12:00,30.2,84,24.2,0.0,689.8,-157.3,Silchar (Barak Valley),24.817,92.7993,35,37.12,257.16
2025-06-22T13:00,31.8,74,59.4,31.44,2698.5,-25.5,Silchar (Barak Valley),24.817,92.7993,35,57.1,219.96
2025-06-22T14:00,31.8,79,8.8,1.36,1193.2,-72.4,Silchar (Barak Valley),24.817,92.7993,35,36.57,258.94
2025-06-22T15:00,33.4,79,15.4,0.12,682.9,-134.6,Silchar (Barak Valley),24.817,92.7993,35,36.81,259.52
2025-06-22T16:00,31.2,78,13.2,0.29,577.7,-130.3,Silchar (Barak Valley),24.817,92.7993,35,36.4,258.04
2025-06-22T17:00,32.3,81,19.2,0.0,947.9,-132.3,Silchar (Barak Valley),24.817,92.7993,35,36.93,247.44
2025-06-22T18:00,30.1,73,26.3,1.66,508.4,-62.9,Silchar (Barak Valley),24.817,92.7993,35,35.4,261.35
2025-06-22T19:00,29.1,83,19.8,0.1,208.5,-57.2,Silchar (Barak Valley),24.817,92.7993,35,36.83,276.7
2025-06-22T20:00,29.2,83,15.2,0.0,634.8,-65.7,Silchar (Barak Valley),24.817,92.7993,35,36.84,253.82
2025-06-22T21:00,28.2,78,17.8,0.0,295.6,-119.2,Silchar (Barak Valley),24.817,92.7993,35,35.88,261.07
2025-06-22T22:00,25.9,90,11.7,0.0,870.5,-149.3,Silchar (Barak Valley),24.817,92.7993,35,37.34,262.87
2025-06-22T23:00,24.8,85,20.2,0.68,836.0,-116.2,Silchar (Barak Valley),24.817,92.7993,35,36.5,252.86
2025-06-23T00:00,25.1,89,23.9,0.0,1390.0,-76.7,Silchar (Barak Valley),24.817,92.7993,35,37.23,248.73
2025-06-23T01:00,22.2,91,13.7,0.0,414.8,-22.4,Silchar (Barak Valley),24.817,92.7993,35,37.06,250.59
2025-06-23T02:00,23.8,85,48.5,42.43,2762.0,-18.0,Silchar (Barak Valley),24.817,92.7993,35,63.4,219.8
2025-06-23T03:00,22.8,86,16.4,0.0,875.9,-72.8,Silchar (Barak Valley),24.817,92.7993,35,36.42,251.29
2025-06-23T04:00,23.4,95,11.5,0.0,789.2,-21.3,Silchar (Barak Valley),24.817,92.7993,35,37.79,248.25
2025-06-23T05:00,23.5,90,19.8,1.76,1225.2,-155.9,Silchar (Barak Valley),24.817,92.7993,35,37.04,269.73
2025-06-23T06:00,25.9,89,14.9,0.0,1233.8,-114.0,Silchar (Barak Valley),24.817,92.7993,35,37.33,245.06
2025-06-23T07:00,26.3,90,5.5,0.0,1185.4,-134.6,Silchar (Barak Valley),24.817,92.7993,35,37.44,265.95
2025-06-23T08:00,26.7,81,76.3,33.52,3160.4,-30.2,Silchar (Barak Valley),24.817,92.7993,35,48.63,219.15
2025-06-23T09:00,27.0,84,38.8,49.61,2907.7,-23.0,Silchar (Barak Valley),24.817,92.7993,35,65.97,213.91
2025-06-23T10:00,29.6,84,21.1,0.0,898.5,-154.8,Silchar (Barak Valley),24.817,92.7993,35,37.01,272.84
2025-06-23T11:00,30.3,90,62.3,26.92,1840.4,-27.8,Silchar (Barak Valley),24.817,92.7993,35,66.03,213.93
2025-06-23T12:00,29.8,77,78.7,29.46,3674.7,-27.2,Silchar (Barak Valley),24.817,92.7993,35,58.84,216.57
2025-06-23T13:00,32.2,83,21.4,0.0,626.2,-129.7,Silchar (Barak Valley),24.817,92.7993,35,37.26,261.92
2025-06-23T14:00,30.7,79,55.2,31.51,2287.8,-18.0,Silchar (Barak Valley),24.817,92.7993,35,66.86,223.23
2025-06-23T15:00,31.2,74,51.9,51.65,2787.6,-18.2,Silchar (Barak Valley),24.817,92.7993,35,55.88,213.39
2025-06-23T16:00,30.2,77,66.6,15.85,2411.3,-26.6,Silchar (Barak Valley),24.817,92.7993,35,56.66,234.37
2025-06-23T17:00,30.1,83,24.1,0.0,1108.1,-30.0,Silchar (Barak Valley),24.817,92.7993,35,37.02,274.75
2025-06-23T18:00,29.2,84,64.3,24.55,2226.5,-14.3,Silchar (Barak Valley),24.817,92.7993,35,46.6,230.11
2025-06-23T19:00,30.1,80,13.7,0.0,609.2,-124.8,Silchar (Barak Valley),24.817,92.7993,35,36.58,260.48
2025-06-23T20:00,28.9,86,22.8,0.0,1126.4,-22.8,Silchar (Barak Valley),24.817,92.7993,35,37.17,278.51
2025-06-23T21:00,26.2,82,45.0,33.33,2819.8,-25.6,Silchar (Barak Valley),24.817,92.7993,35,51.19,211.11
2025-06-23T22:00,27.3,87,16.5,0.0,1010.5,-108.8,Silchar (Barak Valley),24.817,92.7993,35,37.18,257.51
2025-06-23T23:00,27.9,88,48.2,49.47,2613.1,-17.4,Silchar (Barak Valley),24.817,92.7993,35,56.37,215.58
2025-06-24T00:00,24.2,95,52.0,46.85,3073.9,-17.0,Silchar (Barak Valley),24.817,92.7993,35,50.88,210.5
2025-06-24T01:00,23.6,94,64.0,40.13,3104.0,-21.1,Silchar (Barak Valley),24.817,92.7993,35,65.79,215.93
2025-06-24T02:00,24.1,90,65.2,22.21,2656.4,-43.7,Silchar (Barak Valley),24.817,92.7993,35,46.96,231.12
2025-06-24T03:00,25.7,91,20.4,0.0,377.6,-85.3,Silchar (Barak Valley),24.817,92.7993,35,37.49,246.25
2025-06-24T04:00,23.6,93,36.1,48.66,2929.9,-12.5,Silchar (Barak Valley),24.817,92.7993,35,57.79,227.3
2025-06-24T05:00,26.7,91,6.4,0.0,1113.1,-120.2,Silchar (Barak Valley),24.817,92.7993,35,37.73,270.43
2025-06-24T06:00,23.8,90,21.4,0.0,312.9,-21.7,Silchar (Barak Valley),24.817,92.7993,35,37.1,273.51
2025-06-24T07:00,26.0,88,16.1,0.66,1119.9,-155.5,Silchar (Barak Valley),24.817,92.7993,35,37.15,277.53
2025-06-24T08:00,24.6,93,11.1,1.0,1145.2,-41.5,Silchar (Barak Valley),24.817,92.7993,35,37.72,253.18
2025-06-24T09:00,26.4,84,6.2,0.0,897.0,-135.8,Silchar (Barak Valley),24.817,92.7993,35,36.63,255.94
2025-06-24T10:00,28.1,85,19.6,0.66,1148.6,-71.3,Silchar (Barak Valley),24.817,92.7993,35,37.05,247.27
2025-06-24T11:00,29.6,92,10.2,2.38,348.0,-147.5,Silchar (Barak Valley),24.817,92.7993,35,38.25,254.66
2025-06-24T12:00,31.5,78,9.4,0.0,949.8,-64.7,Silchar (Barak Valley),24.817,92.7993,35,36.35,245.71
2025-06-24T13:00,29.7,81,66.8,56.89,2554.4,-16.5,Silchar (Barak Valley),24.817,92.7993,35,59.95,215.61
2025-06-24T14:00,31.4,80,11.5,0.0,906.9,-155.7,Silchar (Barak Valley),24.817,92.7993,35,36.72,255.42
2025-06-24T15:00,29.4,79,13.0,0.0,1156.7,-103.6,Silchar (Barak Valley),24.817,92.7993,35,36.26,267.82
2025-06-24T16:00,32.1,79,37.6,28.53,2105.6,-10.7,Silchar (Barak Valley),24.817,92.7993,35,57.75,211.73
2025-06-24T17:00,32.1,76,73.8,14.85,2705.3,-17.3,Silchar (Barak Valley),24.817,92.7993,35,50.58,219.06
2025-06-24T18:00,31.2,82,20.7,0.09,307.8,-152.1,Silchar (Barak Valley),24.817,92.7993,35,37.04,274.17
2025-06-24T19:00,30.5,75,41.4,28.15,3075.0,-21.9,Silchar (Barak Valley),24.817,92.7993,35,55.99,225.86
2025-06-24T20:00,28.3,91,27.5,0.07,570.8,-151.0,Silchar (Barak Valley),24.817,92.7993,35,37.95,267.32
2025-06-24T21:00,27.8,93,21.3,0.98,377.5,-116.9,Silchar (Barak Valley),24.817,92.7993,35,38.1,262.51
2025-06-24T22:00,26.5,86,21.6,2.72,1216.7,-77.8,Silchar (Barak Valley),24.817,92.7993,35,36.99,276.12
2025-06-24T23:00,25.7,94,42.0,64.11,2702.1,-26.2,Silchar (Barak Valley),24.817,92.7993,35,67.16,223.81
2025-06-25T00:00,24.1,90,15.2,0.04,395.8,-98.2,Silchar (Barak Valley),24.817,92.7993,35,37.14,264.44
2025-06-25T01:00,24.8,92,10.7,0.0,446.4,-93.8,Silchar (Barak Valley),24.817,92.7993,35,37.57,272.29
2025-06-25T02:00,24.6,90,14.8,1.03,1113.8,-100.2,Silchar (Barak Valley),24.817,92.7993,35,37.25,252.77
2025-06-25T03:00,25.2,96,17.6,0.0,994.5,-33.3,Silchar (Barak Valley),24.817,92.7993,35,38.23,245.81
2025-06-25T04:00,24.6,90,20.3,0.22,1075.8,-89.7,Silchar (Barak Valley),24.817,92.7993,35,37.3,272.87
2025-06-25T05:00,25.5,95,17.0,0.0,921.0,-48.0,Silchar (Barak Valley),24.817,92.7993,35,38.12,273.54
2025-06-25T06:00,24.1,91,24.4,0.0,1334.0,-31.5,Silchar (Barak Valley),24.817,92.7993,35,37.29,248.83
2025-06-25T07:00,27.5,89,84.4,22.96,3111.1,-27.8,Silchar (Barak Valley),24.817,92.7993,35,58.61,230.37
2025-06-25T08:00,26.3,82,5.7,1.67,1346.6,-20.6,Silchar (Barak Valley),24.817,92.7993,35,36.28,272.16
2025-06-25T09:00,25.0,86,8.9,0.0,489.2,-51.7,Silchar (Barak Valley),24.817,92.7993,35,36.75,262.21
2025-06-25T10:00,27.9,80,8.3,1.29,587.7,-84.6,Silchar (Barak Valley),24.817,92.7993,35,36.16,263.99
2025-06-25T11:00,29.9,83,5.9,0.0,416.5,-126.5,Silchar (Barak Valley),24.817,92.7993,35,36.91,251.42
2025-06-25T12:00,30.1,89,25.8,0.0,406.2,-157.4,Silchar (Barak Valley),24.817,92.7993,35,37.82,255.22
2025-06-25T13:00,28.2,74,25.5,0.0,802.4,-31.0,Silchar (Barak Valley),24.817,92.7993,35,35.41,270.68
2025-06-25T14:00,31.1,79,5.6,0.0,734.1,-125.5,Silchar (Barak Valley),24.817,92.7993,35,36.46,269.99
2025-06-25T15:00,31.2,76,5.3,0.55,1320.3,-67.9,Silchar (Barak Valley),24.817,92.7993,35,36.13,267.01
2025-06-25T16:00,29.7,75,27.9,0.0,1285.6,-40.5,Silchar (Barak Valley),24.817,92.7993,35,35.72,254.16
2025-06-25T17:00,31.2,77,9.9,0.0,1070.1,-115.6,Silchar (Barak Valley),24.817,92.7993,35,36.18,252.96
2025-06-25T18:00,29.8,87,61.1,17.61,3782.7,-16.8,Silchar (Barak Valley),24.817,92.7993,35,56.89,216.92
2025-06-25T19:00,26.9,89,23.7,0.0,230.9,-121.0,Silchar (Barak Valley),24.817,92.7993,35,37.48,253.67
2025-06-25T20:00,29.2,80,52.1,33.03,2854.1,-35.4,Silchar (Barak Valley),24.817,92.7993,35,45.58,230.11
2025-06-25T21:00,27.7,88,14.3,0.0,890.7,-36.4,Silchar (Barak Valley),24.817,92.7993,35,37.32,254.43
2025-06-25T22:00,28.4,84,64.9,12.98,3002.9,-18.2,Silchar (Barak Valley),24.817,92.7993,35,51.38,228.74
2025-06-25T23:00,24.7,87,15.3,0.0,621.8,-69.7,Silchar (Barak Valley),24.817,92.7993,35,36.79,247.84
2025-06-26T00:00,24.7,83,73.0,29.05,2748.4,-14.6,Silchar (Barak Valley),24.817,92.7993,35,53.21,221.84
2025-06-26T01:00,25.7,99,25.8,0.41,531.3,-91.2,Silchar (Barak Valley),24.817,92.7993,35,38.7,253.82
2025-06-26T02:00,23.0,97,17.5,1.21,856.1,-66.0,Silchar (Barak Valley),24.817,92.7993,35,38.06,248.34
2025-06-26T03:00,25.2,90,14.5,0.0,672.1,-111.0,Silchar (Barak Valley),24.817,92.7993,35,37.38,271.67
2025-06-26T04:00,25.4,94,7.9,1.08,1252.0,-130.7,Silchar (Barak Valley),24.817,92.7993,35,37.92,245.78
2025-06-26T05:00,24.8,90,23.0,0.0,901.1,-146.8,Silchar (Barak Valley),24.817,92.7993,35,37.34,276.9
2025-06-26T06:00,24.8,95,20.2,0.0,321.3,-145.2,Silchar (Barak Valley),24.817,92.7993,35,37.96,250.22
2025-06-26T07:00,25.0,88,13.8,0.0,861.9,-28.3,Silchar (Barak Valley),24.817,92.7993,35,37.02,269.7
2025-06-26T08:00,25.7,87,22.7,0.64,908.5,-119.5,Silchar (Barak Valley),24.817,92.7993,35,36.96,263.42
2025-06-26T09:00,27.9,83,13.6,0.0,751.8,-118.9,Silchar (Barak Valley),24.817,92.7993,35,36.71,272.92
2025-06-26T10:00,25.0,87,5.0,0.2,238.7,-66.9,Silchar (Barak Valley),24.817,92.7993,35,36.79,262.02
2025-06-26T11:00,28.6,91,23.9,0.91,1184.4,-58.9,Silchar (Barak Valley),24.817,92.7993,35,37.99,268.02
2025-06-26T12:00,29.1,80,16.5,0.0,295.8,-62.9,Silchar (Barak Valley),24.817,92.7993,35,36.37,246.26
2025-06-26T13:00,29.3,79,9.5,0.0,558.5,-88.0,Silchar (Barak Valley),24.817,92.7993,35,36.23,256.72
2025-06-26T14:00,31.1,79,20.8,0.0,1195.1,-142.5,Silchar (Barak Valley),24.817,92.7993,35,36.52,269.66
2025-06-26T15:00,29.2,80,57.7,22.33,2768.9,-15.1,Silchar (Barak Valley),24.817,92.7993,35,47.12,230.51
2025-06-26T16:00,32.3,78,61.5,26.69,2338.5,-15.0,Silchar (Barak Valley),24.817,92.7993,35,58.37,230.06
2025-06-26T17:00,31.6,78,25.3,0.0,279.8,-121.0,Silchar (Barak Valley),24.817,92.7993,35,36.48,271.71
2025-06-26T18:00,31.6,81,26.0,0.0,725.7,-64.6,Silchar (Barak Valley),24.817,92.7993,35,36.93,259.41
2025-06-26T19:00,28.6,75,6.1,0.28,927.4,-36.3,Silchar (Barak Valley),24.817,92.7993,35,35.64,276.22
2025-06-26T20:00,28.7,82,66.4,24.12,2214.2,-19.4,Silchar (Barak Valley),24.817,92.7993,35,49.63,221.45
2025-06-26T21:00,28.5,78,19.8,0.0,598.1,-90.6,Silchar (Barak Valley),24.817,92.7993,35,36.0,246.18
2025-06-26T22:00,26.4,86,18.1,0.0,415.4,-30.2,Silchar (Barak Valley),24.817,92.7993,35,36.88,265.56
2025-06-26T23:00,25.1,86,11.9,0.0,837.9,-121.1,Silchar (Barak Valley),24.817,92.7993,35,36.68,248.95
2025-06-27T00:00,25.2,93,5.8,0.0,597.0,-109.7,Silchar (Barak Valley),24.817,92.7993,35,37.82,269.15
2025-06-27T01:00,24.2,89,11.9,0.0,758.2,-121.7,Silchar (Barak Valley),24.817,92.7993,35,37.06,269.62
2025-06-27T02:00,22.8,91,26.2,0.27,426.4,-156.5,Silchar (Barak Valley),24.817,92.7993,35,37.18,257.07
2025-06-27T03:00,21.1,84,7.5,0.0,1125.0,-52.1,Silchar (Barak Valley),24.817,92.7993,35,35.95,263.24
2025-06-27T04:00,23.0,97,10.9,0.0,540.1,-113.1,Silchar (Barak Valley),24.817,92.7993,35,38.01,279.7
2025-06-27T05:00,21.6,88,8.4,0.72,421.0,-105.4,Silchar (Barak Valley),24.817,92.7993,35,36.5,270.36
2025-06-27T06:00,24.0,89,16.4,0.0,978.7,-75.1,Silchar (Barak Valley),24.817,92.7993,35,37.01,268.84
2025-06-27T07:00,27.5,93,21.6,0.0,866.7,-121.5,Silchar (Barak Valley),24.817,92.7993,35,38.01,249.41
2025-06-27T08:00,24.4,91,23.8,0.0,919.0,-69.7,Silchar (Barak Valley),24.817,92.7993,35,37.35,252.07
2025-06-27T09:00,28.0,82,19.7,0.09,648.2,-116.0,Silchar (Barak Valley),24.817,92.7993,35,36.47,266.8
2025-06-27T10:00,29.9,86,16.9,0.0,811.0,-68.0,Silchar (Barak Valley),24.817,92.7993,35,37.42,260.27
2025-06-27T11:00,27.4,78,20.0,0.0,1085.9,-29.4,Silchar (Barak Valley),24.817,92.7993,35,35.83,255.95
2025-06-27T12:00,32.1,82,10.3,0.0,562.6,-138.1,Silchar (Barak Valley),24.817,92.7993,35,37.09,257.25
2025-06-27T13:00,30.4,77,76.3,19.15,3578.6,-30.7,Silchar (Barak Valley),24.817,92.7993,35,55.61,216.6
2025-06-27T14:00,32.5,75,22.6,0.27,811.0,-58.4,Silchar (Barak Valley),24.817,92.7993,35,36.12,278.35
2025-06-27T15:00,31.3,79,11.7,0.33,933.9,-116.3,Silchar (Barak Valley),24.817,92.7993,35,36.55,246.34
2025-06-27T16:00,30.3,76,22.9,0.0,456.2,-159.6,Silchar (Barak Valley),24.817,92.7993,35,36.0,269.42
2025-06-27T17:00,27.0,88,19.5,0.12,854.6,-115.3,Silchar (Barak Valley),24.817,92.7993,35,37.29,248.32
2025-06-27T18:00,28.6,79,13.1,0.0,230.5,-149.7,Silchar (Barak Valley),24.817,92.7993,35,36.11,279.4
2025-06-27T19:00,30.1,78,15.9,0.0,235.8,-87.5,Silchar (Barak Valley),24.817,92.7993,35,36.17,254.51
2025-06-27T20:00,30.3,81,51.8,19.45,3688.2,-40.8,Silchar (Barak Valley),24.817,92.7993,35,57.26,226.77
2025-06-27T21:00,25.8,86,25.4,0.11,216.1,-26.0,Silchar (Barak Valley),24.817,92.7993,35,36.81,268.72
2025-06-27T22:00,26.5,88,21.5,0.54,1035.6,-120.3,Silchar (Barak Valley),24.817,92.7993,35,37.25,255.64
2025-06-27T23:00,25.2,91,10.6,0.0,1173.2,-151.3,Silchar (Barak Valley),24.817,92.7993,35,37.43,275.45
2025-06-28T00:00,25.5,95,26.8,0.0,1049.0,-136.4,Silchar (Barak Valley),24.817,92.7993,35,38.04,252.55
2025-06-28T01:00,24.6,85,8.9,0.0,645.3,-34.6,Silchar (Barak Valley),24.817,92.7993,35,36.56,265.9
2025-06-28T02:00,23.7,97,13.6,0.43,775.2,-33.1,Silchar (Barak Valley),24.817,92.7993,35,38.07,266.38
2025-06-28T03:00,24.8,89,15.3,0.01,963.3,-129.1,Silchar (Barak Valley),24.817,92.7993,35,37.17,250.62
2025-06-28T04:00,23.3,94,57.5,19.79,2298.7,-23.5,Silchar (Barak Valley),24.817,92.7993,35,50.56,221.39
2025-06-28T05:00,24.5,99,20.7,0.0,684.1,-146.6,Silchar (Barak Valley),24.817,92.7993,35,38.52,252.85
2025-06-28T06:00,25.9,88,20.9,0.0,585.4,-151.2,Silchar (Barak Valley),24.817,92.7993,35,37.1,259.98
2025-06-28T07:00,24.9,86,11.9,0.0,1327.4,-68.4,Silchar (Barak Valley),24.817,92.7993,35,36.71,246.57
2025-06-28T08:00,26.2,84,5.2,0.11,944.0,-68.5,Silchar (Barak Valley),24.817,92.7993,35,36.53,267.02
2025-06-28T09:00,26.8,85,8.5,0.0,1058.9,-44.0,Silchar (Barak Valley),24.817,92.7993,35,36.76,248.91
2025-06-28T10:00,28.9,89,6.1,0.11,1008.8,-78.9,Silchar (Barak Valley),24.817,92.7993,35,37.73,263.82
2025-06-28T11:00,29.7,78,20.9,0.0,286.3,-39.2,Silchar (Barak Valley),24.817,92.7993,35,36.17,268.3
2025-06-28T12:00,29.4,79,10.7,0.0,1343.0,-91.0,Silchar (Barak Valley),24.817,92.7993,35,36.28,260.73
2025-06-28T13:00,30.9,84,24.3,0.23,577.9,-93.4,Silchar (Barak Valley),24.817,92.7993,35,37.2,252.21
2025-06-28T14:00,27.5,82,22.4,0.0,1247.6,-159.5,Silchar (Barak Valley),24.817,92.7993,35,36.42,257.0
2025-06-28T15:00,32.0,77,24.5,0.0,1045.8,-123.8,Silchar (Barak Valley),24.817,92.7993,35,36.32,252.25
2025-06-28T16:00,32.0,78,22.2,0.0,851.0,-140.9,Silchar (Barak Valley),24.817,92.7993,35,36.53,278.85
2025-06-28T17:00,29.9,84,64.8,13.01,3203.2,-29.0,Silchar (Barak Valley),24.817,92.7993,35,54.55,232.87
2025-06-28T18:00,29.1,87,22.7,0.0,1174.4,-27.0,Silchar (Barak Valley),24.817,92.7993,35,37.48,253.5
2025-06-28T19:00,29.2,89,9.9,0.0,1187.8,-33.2,Silchar (Barak Valley),24.817,92.7993,35,37.77,268.7
2025-06-28T20:00,27.3,90,6.1,0.0,345.7,-124.6,Silchar (Barak Valley),24.817,92.7993,35,37.57,252.09
2025-06-28T21:00,26.6,83,19.6,0.0,645.2,-62.3,Silchar (Barak Valley),24.817,92.7993,35,36.53,262.19
2025-06-28T22:00,27.0,95,25.2,0.0,1350.2,-78.4,Silchar (Barak Valley),24.817,92.7993,35,38.31,259.44
2025-06-28T23:00,26.7,87,10.8,0.0,234.0,-88.6,Silchar (Barak Valley),24.817,92.7993,35,37.03,278.34
2025-06-29T00:00,25.4,84,20.2,0.8,1311.4,-47.8,Silchar (Barak Valley),24.817,92.7993,35,36.52,277.26
2025-06-29T01:00,27.9,93,8.8,0.0,1177.9,-44.5,Silchar (Barak Valley),24.817,92.7993,35,38.07,278.11
2025-06-29T02:00,25.6,99,10.4,0.0,421.5,-126.2,Silchar (Barak Valley),24.817,92.7993,35,38.64,272.83
2025-06-29T03:00,24.9,96,27.2,0.0,1268.3,-138.6,Silchar (Barak Valley),24.817,92.7993,35,38.1,249.1
2025-06-29T04:00,25.0,92,16.6,0.62,378.9,-72.9,Silchar (Barak Valley),24.817,92.7993,35,37.65,267.25
2025-06-29T05:00,24.6,93,14.0,0.0,868.9,-29.0,Silchar (Barak Valley),24.817,92.7993,35,37.7,265.33
2025-06-29T06:00,25.6,93,14.4,0.27,1277.7,-102.0,Silchar (Barak Valley),24.817,92.7993,35,37.83,276.61
2025-06-29T07:00,26.0,90,22.5,0.21,566.5,-34.8,Silchar (Barak Valley),24.817,92.7993,35,37.44,274.16
2025-06-29T08:00,27.9,87,17.0,0.29,463.9,-21.6,Silchar (Barak Valley),24.817,92.7993,35,37.19,275.33
2025-06-29T09:00,27.2,83,24.0,0.32,938.1,-91.7,Silchar (Barak Valley),24.817,92.7993,35,36.57,255.6
2025-06-29T10:00,28.0,85,11.0,0.0,736.7,-123.6,Silchar (Barak Valley),24.817,92.7993,35,36.92,279.8
2025-06-29T11:00,30.7,82,6.7,0.49,858.0,-142.4,Silchar (Barak Valley),24.817,92.7993,35,36.89,257.17
2025-06-29T12:00,29.4,81,21.5,0.0,420.0,-33.0,Silchar (Barak Valley),24.817,92.7993,35,36.58,254.76
2025-06-29T13:00,29.4,84,20.5,0.0,298.5,-37.3,Silchar (Barak Valley),24.817,92.7993,35,37.04,245.4
2025-06-29T14:00,30.0,78,12.3,1.25,570.1,-70.9,Silchar (Barak Valley),24.817,92.7993,35,36.24,261.43
2025-06-29T15:00,31.9,78,62.6,15.16,2416.8,-30.3,Silchar (Barak Valley),24.817,92.7993,35,55.37,228.51
2025-06-29T16:00,34.1,80,7.1,0.82,1268.5,-85.6,Silchar (Barak Valley),24.817,92.7993,35,37.06,251.85
2025-06-29T17:00,29.5,90,17.3,0.3,554.4,-145.3,Silchar (Barak Valley),24.817,92.7993,35,37.98,251.21
2025-06-29T18:00,30.7,77,81.6,23.11,3037.0,-38.5,Silchar (Barak Valley),24.817,92.7993,35,52.89,233.87
2025-06-29T19:00,29.4,87,23.9,0.0,922.0,-114.5,Silchar (Barak Valley),24.817,92.7993,35,37.45,262.44
2025-06-29T20:00,29.8,83,27.2,0.0,1023.7,-54.5,Silchar (Barak Valley),24.817,92.7993,35,36.92,260.39
2025-06-29T21:00,28.3,86,8.3,0.0,1066.9,-121.5,Silchar (Barak Valley),24.817,92.7993,35,37.12,265.72
2025-06-29T22:00,28.0,83,19.3,0.0,1398.4,-57.4,Silchar (Barak Valley),24.817,92.7993,35,36.62,253.07
2025-06-29T23:00,26.1,97,76.7,32.95,3740.0,-19.5,Silchar (Barak Valley),24.817,92.7993,35,50.19,230.05
2025-06-30T00:00,24.0,92,24.6,0.03,770.1,-72.9,Silchar (Barak Valley),24.817,92.7993,35,37.43,259.67
2025-06-30T01:00,23.7,95,18.2,0.0,824.1,-72.7,Silchar (Barak Valley),24.817,92.7993,35,37.79,274.81
2025-06-30T02:00,24.4,87,7.6,0.0,628.2,-80.2,Silchar (Barak Valley),24.817,92.7993,35,36.74,247.49
2025-06-30T03:00,24.6,90,24.8,0.0,963.9,-126.8,Silchar (Barak Valley),24.817,92.7993,35,37.3,278.02
2025-06-30T04:00,23.7,94,83.2,32.63,2461.4,-22.1,Silchar (Barak Valley),24.817,92.7993,35,52.64,218.93
2025-06-30T05:00,26.9,91,56.7,47.12,4206.3,-7.8,Silchar (Barak Valley),24.817,92.7993,35,62.63,195.33
2025-06-30T06:00,26.2,93,16.1,0.05,337.4,-39.9,Silchar (Barak Valley),24.817,92.7993,35,37.85,261.95
2025-06-30T07:00,23.2,98,20.0,0.0,459.7,-155.8,Silchar (Barak Valley),24.817,92.7993,35,38.2,263.95
2025-06-30T08:00,26.4,90,27.7,0.0,1053.0,-21.5,Silchar (Barak Valley),24.817,92.7993,35,37.47,246.2
2025-06-30T09:00,26.3,84,27.5,0.0,1075.9,-72.2,Silchar (Barak Valley),24.817,92.7993,35,36.62,250.28
2025-06-30T10:00,30.7,82,53.3,52.48,1926.2,-10.9,Silchar (Barak Valley),24.817,92.7993,35,51.65,211.87
2025-06-30T11:00,26.6,79,26.3,0.0,1034.1,-70.9,Silchar (Barak Valley),24.817,92.7993,35,35.96,264.51
2025-06-30T12:00,30.5,79,81.1,29.27,3140.6,-40.3,Silchar (Barak Valley),24.817,92.7993,35,54.45,231.02
2025-06-30T13:00,30.7,78,7.0,0.0,1357.7,-140.9,Silchar (Barak Valley),24.817,92.7993,35,36.36,273.54
2025-06-30T14:00,31.9,80,74.0,24.96,2319.3,-20.6,Silchar (Barak Valley),24.817,92.7993,35,44.59,231.78
2025-06-30T15:00,31.4,81,6.4,0.0,332.1,-120.0,Silchar (Barak Valley),24.817,92.7993,35,36.86,250.13
2025-06-30T16:00,33.4,81,9.6,0.0,728.5,-26.9,Silchar (Barak Valley),24.817,92.7993,35,37.11,265.43
2025-06-30T17:00,31.6,80,7.0,0.0,385.8,-151.9,Silchar (Barak Valley),24.817,92.7993,35,36.8,265.75
2025-06-30T18:00,27.8,82,55.4,16.08,3479.2,-37.7,Silchar (Barak Valley),24.817,92.7993,35,55.17,232.72
2025-06-30T19:00,30.9,93,14.1,0.0,585.1,-91.7,Silchar (Barak Valley),24.817,92.7993,35,38.5,271.04
2025-06-30T20:00,28.6,81,15.8,0.0,1180.6,-21.8,Silchar (Barak Valley),24.817,92.7993,35,36.51,264.69
2025-06-30T21:00,29.2,86,60.4,50.44,2737.2,-27.0,Silchar (Barak Valley),24.817,92.7993,35,52.18,219.4
2025-06-30T22:00,26.2,81,12.9,0.0,220.5,-28.5,Silchar (Barak Valley),24.817,92.7993,35,36.09,249.16
2025-06-30T23:00,24.5,88,14.0,0.0,414.4,-129.1,Silchar (Barak Valley),24.817,92.7993,35,36.93,275.5
2025-07-01T00:00,23.5,87,24.8,0.0,842.6,-159.3,Silchar (Barak Valley),24.817,92.7993,35,36.7,249.97
2025-07-01T01:00,25.7,89,87.3,110.17,3357.0,-7.7,Silchar (Barak Valley),24.817,92.7993,35,63.69,211.5
2025-07-01T02:00,25.1,88,10.4,0.0,1014.0,-43.3,Silchar (Barak Valley),24.817,92.7993,35,37.02,271.35
2025-07-01T03:00,23.3,88,57.5,29.05,2979.2,-11.7,Silchar (Barak Valley),24.817,92.7993,35,57.07,215.36
2025-07-01T04:00,20.9,93,24.1,0.0,601.3,-143.8,Silchar (Barak Valley),24.817,92.7993,35,37.2,247.57
2025-07-01T05:00,25.8,95,47.7,41.84,1825.3,-26.3,Silchar (Barak Valley),24.817,92.7993,35,63.61,213.3
2025-07-01T06:00,22.6,88,25.8,0.0,1157.9,-121.6,Silchar (Barak Valley),24.817,92.7993,35,36.65,271.85
2025-07-01T07:00,28.4,81,22.7,0.0,1066.3,-115.4,Silchar (Barak Valley),24.817,92.7993,35,36.49,275.44
2025-07-01T08:00,24.9,88,13.2,1.87,1019.7,-37.8,Silchar (Barak Valley),24.817,92.7993,35,37.02,272.02
2025-07-01T09:00,27.5,88,78.7,34.41,3110.9,-23.0,Silchar (Barak Valley),24.817,92.7993,35,59.22,231.88
2025-07-01T10:00,28.7,87,9.4,0.0,316.6,-127.2,Silchar (Barak Valley),24.817,92.7993,35,37.35,258.33
2025-07-01T11:00,29.7,78,8.1,2.1,405.6,-138.8,Silchar (Barak Valley),24.817,92.7993,35,36.22,259.64
2025-07-01T12:00,30.4,79,79.2,21.92,3037.0,-38.5,Silchar (Barak Valley),24.817,92.7993,35,51.66,225.9
2025-07-01T13:00,30.7,75,84.5,55.8,4451.2,-14.2,Silchar (Barak Valley),24.817,92.7993,35,61.27,210.51
2025-07-01T14:00,30.4,76,73.5,32.13,3211.8,-17.9,Silchar (Barak Valley),24.817,92.7993,35,47.94,230.75
2025-07-01T15:00,30.7,76,58.4,27.13,2499.3,-33.2,Silchar (Barak Valley),24.817,92.7993,35,51.63,229.73
2025-07-01T16:00,30.1,77,60.1,46.3,2679.5,-6.2,Silchar (Barak Valley),24.817,92.7993,35,67.8,212.82
2025-07-01T17:00,30.7,79,80.7,23.2,3573.4,-40.6,Silchar (Barak Valley),24.817,92.7993,35,51.44,217.07
2025-07-01T18:00,27.9,82,59.6,20.44,2365.1,-16.6,Silchar (Barak Valley),24.817,92.7993,35,58.69,227.59
2025-07-01T19:00,29.6,79,71.2,34.32,2363.4,-16.6,Silchar (Barak Valley),24.817,92.7993,35,56.82,218.66
2025-07-01T20:00,28.3,84,59.1,13.61,3068.5,-14.4,Silchar (Barak Valley),24.817,92.7993,35,56.57,230.82
2025-07-01T21:00,28.5,82,27.3,0.39,500.9,-29.5,Silchar (Barak Valley),24.817,92.7993,35,36.65,256.55
2025-07-01T22:00,26.2,81,62.6,27.36,2971.3,-40.8,Silchar (Barak Valley),24.817,92.7993,35,55.77,221.29
2025-07-01T23:00,26.5,92,11.4,0.0,414.5,-92.1,Silchar (Barak Valley),24.817,92.7993,35,37.74,249.16
2025-07-02T00:00,25.7,88,10.0,1.57,994.8,-146.1,Silchar (Barak Valley),24.817,92.7993,35,37.14,278.93
2025-07-02T01:00,24.3,85,26.5,0.0,696.8,-148.7,Silchar (Barak Valley),24.817,92.7993,35,36.49,252.1
2025-07-02T02:00,24.5,95,17.5,0.0,739.9,-65.7,Silchar (Barak Valley),24.817,92.7993,35,37.96,254.88
2025-07-02T03:00,22.4,92,23.9,0.23,305.8,-132.3,Silchar (Barak Valley),24.817,92.7993,35,37.22,261.85
2025-07-02T04:00,25.7,95,67.5,14.21,2371.6,-34.6,Silchar (Barak Valley),24.817,92.7993,35,44.32,215.56
2025-07-02T05:00,23.8,94,12.5,0.0,1272.6,-111.0,Silchar (Barak Valley),24.817,92.7993,35,37.67,247.23
2025-07-02T06:00,24.8,87,26.8,0.5,402.7,-100.9,Silchar (Barak Valley),24.817,92.7993,35,36.77,260.25
2025-07-02T07:00,24.5,93,21.1,0.0,365.4,-51.3,Silchar (Barak Valley),24.817,92.7993,35,37.69,276.53
2025-07-02T08:00,25.7,80,26.7,0.0,1321.7,-68.3,Silchar (Barak Valley),24.817,92.7993,35,35.99,251.5
2025-07-02T09:00,29.5,84,14.3,0.0,521.1,-144.8,Silchar (Barak Valley),24.817,92.7993,35,37.09,274.6
2025-07-02T10:00,28.6,82,7.3,0.03,417.0,-40.0,Silchar (Barak Valley),24.817,92.7993,35,36.66,258.76
2025-07-02T11:00,28.9,79,17.6,1.8,395.2,-116.4,Silchar (Barak Valley),24.817,92.7993,35,36.26,247.76
2025-07-02T12:00,29.6,86,10.0,0.0,319.4,-32.4,Silchar (Barak Valley),24.817,92.7993,35,37.34,270.61
2025-07-02T13:00,30.5,81,19.2,0.27,1183.9,-138.5,Silchar (Barak Valley),24.817,92.7993,35,36.75,275.13
2025-07-02T14:00,31.7,74,7.6,0.0,535.5,-102.6,Silchar (Barak Valley),24.817,92.7993,35,35.77,254.87
2025-07-02T15:00,31.2,74,7.8,0.0,899.9,-98.2,Silchar (Barak Valley),24.817,92.7993,35,35.76,263.98
2025-07-02T16:00,31.1,88,24.8,0.0,578.2,-82.1,Silchar (Barak Valley),24.817,92.7993,35,37.83,262.28
2025-07-02T17:00,29.4,78,83.0,15.88,3440.5,-18.1,Silchar (Barak Valley),24.817,92.7993,35,49.36,219.57
2025-07-02T18:00,29.6,78,7.3,1.75,494.9,-79.5,Silchar (Barak Valley),24.817,92.7993,35,36.13,279.86
2025-07-02T19:00,29.4,87,27.6,0.35,212.0,-134.9,Silchar (Barak Valley),24.817,92.7993,35,37.48,275.88
2025-07-02T20:00,28.4,77,22.7,0.0,782.2,-69.4,Silchar (Barak Valley),24.817,92.7993,35,35.84,266.92
2025-07-02T21:00,27.0,92,9.5,0.0,411.6,-72.3,Silchar (Barak Valley),24.817,92.7993,35,37.8,255.94
2025-07-02T22:00,26.0,85,19.1,0.0,845.6,-60.1,Silchar (Barak Valley),24.817,92.7993,35,36.64,257.39
2025-07-02T23:00,26.3,92,18.4,0.0,529.0,-68.4,Silchar (Barak Valley),24.817,92.7993,35,37.7,269.7
2025-07-03T00:00,25.6,89,21.3,0.0,259.2,-31.6,Silchar (Barak Valley),24.817,92.7993,35,37.23,269.55
2025-07-03T01:00,25.7,86,9.3,0.0,239.9,-154.5,Silchar (Barak Valley),24.817,92.7993,35,36.76,269.36
2025-07-03T02:00,24.4,93,14.0,0.47,960.2,-136.4,Silchar (Barak Valley),24.817,92.7993,35,37.71,276.62
2025-07-03T03:00,21.5,97,23.8,0.0,1038.8,-34.4,Silchar (Barak Valley),24.817,92.7993,35,37.79,254.29
2025-07-03T04:00,26.9,83,14.7,0.22,306.4,-63.9,Silchar (Barak Valley),24.817,92.7993,35,36.59,257.44
2025-07-03T05:00,24.5,87,18.9,0.06,843.3,-127.9,Silchar (Barak Valley),24.817,92.7993,35,36.85,263.13
2025-07-03T06:00,24.5,96,22.5,0.13,1215.6,-74.4,Silchar (Barak Valley),24.817,92.7993,35,38.09,270.49
2025-07-03T07:00,25.7,91,23.7,0.0,240.0,-36.2,Silchar (Barak Valley),24.817,92.7993,35,37.55,272.16
2025-07-03T08:00,26.1,90,7.6,0.25,1099.4,-146.9,Silchar (Barak Valley),24.817,92.7993,35,37.4,259.74
2025-07-03T09:00,26.5,90,24.8,0.0,937.5,-100.9,Silchar (Barak Valley),24.817,92.7993,35,37.46,261.6
2025-07-03T10:00,29.1,86,81.2,13.65,3725.2,-20.1,Silchar (Barak Valley),24.817,92.7993,35,51.8,223.0
2025-07-03T11:00,29.1,83,13.7,0.0,1215.3,-158.3,Silchar (Barak Valley),24.817,92.7993,35,36.84,269.46
2025-07-03T12:00,29.9,86,14.6,1.49,924.3,-123.5,Silchar (Barak Valley),24.817,92.7993,35,37.31,273.68
2025-07-03T13:00,27.5,78,9.2,0.0,1044.8,-109.2,Silchar (Barak Valley),24.817,92.7993,35,35.92,263.6
2025-07-03T14:00,30.6,79,17.1,0.0,391.3,-100.8,Silchar (Barak Valley),24.817,92.7993,35,36.46,267.6
2025-07-03T15:00,29.7,82,51.3,20.97,3579.6,-24.2,Silchar (Barak Valley),24.817,92.7993,35,51.53,231.93
2025-07-03T16:00,30.3,76,14.6,0.0,795.0,-34.9,Silchar (Barak Valley),24.817,92.7993,35,35.96,248.59
2025-07-03T17:00,30.8,86,20.5,0.74,441.4,-88.5,Silchar (Barak Valley),24.817,92.7993,35,37.45,245.39
2025-07-03T18:00,29.2,82,11.4,0.0,972.0,-91.0,Silchar (Barak Valley),24.817,92.7993,35,36.73,252.67
2025-07-03T19:00,28.7,78,83.8,19.85,2615.5,-13.2,Silchar (Barak Valley),24.817,92.7993,35,52.97,215.54
2025-07-03T20:00,28.5,83,24.1,0.0,1172.4,-59.1,Silchar (Barak Valley),24.817,92.7993,35,36.81,271.21
2025-07-03T21:00,26.9,80,9.5,0.0,224.8,-50.4,Silchar (Barak Valley),24.817,92.7993,35,36.15,272.3
2025-07-03T22:00,25.3,88,14.5,0.0,1351.1,-86.4,Silchar (Barak Valley),24.817,92.7993,35,37.07,278.99
2025-07-03T23:00,23.7,88,14.6,0.0,979.8,-84.1,Silchar (Barak Valley),24.817,92.7993,35,36.82,264.84
2025-07-04T00:00,25.4,87,12.8,0.04,799.8,-55.4,Silchar (Barak Valley),24.817,92.7993,35,36.99,271.56
2025-07-04T01:00,23.8,85,13.9,0.44,313.2,-31.9,Silchar (Barak Valley),24.817,92.7993,35,36.4,268.04
2025-07-04T02:00,22.1,90,19.8,0.0,1065.1,-107.4,Silchar (Barak Valley),24.817,92.7993,35,36.84,272.99
2025-07-04T03:00,25.5,92,13.3,0.0,669.9,-84.8,Silchar (Barak Valley),24.817,92.7993,35,37.69,277.25
2025-07-04T04:00,24.5,91,14.4,0.0,313.7,-83.5,Silchar (Barak Valley),24.817,92.7993,35,37.41,265.9
2025-07-04T05:00,23.0,86,26.2,0.0,235.6,-61.4,Silchar (Barak Valley),24.817,92.7993,35,36.5,273.41
2025-07-04T06:00,24.2,91,25.8,0.0,438.7,-51.0,Silchar (Barak Valley),24.817,92.7993,35,37.33,274.62
2025-07-04T07:00,27.0,86,80.9,14.08,3418.3,-27.8,Silchar (Barak Valley),24.817,92.7993,35,51.29,226.68
2025-07-04T08:00,26.4,91,21.1,0.0,1312.1,-49.9,Silchar (Barak Valley),24.817,92.7993,35,37.7,274.32
2025-07-04T09:00,27.0,90,10.3,0.0,927.0,-90.3,Silchar (Barak Valley),24.817,92.7993,35,37.61,263.48
2025-07-04T10:00,29.3,83,7.1,0.0,667.3,-71.6,Silchar (Barak Valley),24.817,92.7993,35,36.88,268.52
2025-07-04T11:00,29.0,89,21.8,0.0,330.1,-49.1,Silchar (Barak Valley),24.817,92.7993,35,37.68,266.25
2025-07-04T12:00,31.5,80,20.4,0.72,262.9,-154.3,Silchar (Barak Valley),24.817,92.7993,35,36.77,250.88
2025-07-04T13:00,30.0,75,19.1,0.01,579.0,-24.2,Silchar (Barak Valley),24.817,92.7993,35,35.72,266.45
2025-07-04T14:00,30.2,84,19.7,0.0,1086.5,-39.7,Silchar (Barak Valley),24.817,92.7993,35,37.12,257.17
2025-07-04T15:00,31.0,85,83.9,12.29,3796.1,-17.8,Silchar (Barak Valley),24.817,92.7993,35,55.21,215.56
2025-07-04T16:00,32.0,83,21.9,0.0,291.7,-106.9,Silchar (Barak Valley),24.817,92.7993,35,37.26,256.88
2025-07-04T17:00,30.8,77,19.7,0.0,618.2,-32.1,Silchar (Barak Valley),24.817,92.7993,35,36.15,252.17
2025-07-04T18:00,30.1,76,84.8,28.87,2604.0,-10.4,Silchar (Barak Valley),24.817,92.7993,35,55.44,224.39
2025-07-04T19:00,28.3,81,17.2,0.0,1165.6,-118.7,Silchar (Barak Valley),24.817,92.7993,35,36.43,253.53
2025-07-04T20:00,27.3,94,5.2,0.7,415.0,-51.3,Silchar (Barak Valley),24.817,92.7993,35,38.2,254.84
2025-07-04T21:00,28.7,81,13.9,0.27,886.8,-116.5,Silchar (Barak Valley),24.817,92.7993,35,36.51,279.37
2025-07-04T22:00,27.9,91,11.9,0.0,1229.6,-146.3,Silchar (Barak Valley),24.817,92.7993,35,37.85,245.19
2025-07-04T23:00,27.0,89,11.2,0.12,794.5,-55.8,Silchar (Barak Valley),24.817,92.7993,35,37.44,270.32
2025-07-05T00:00,26.0,95,24.5,0.0,946.7,-104.7,Silchar (Barak Valley),24.817,92.7993,35,38.12,247.73
2025-07-05T01:00,25.0,87,24.5,1.14,1241.2,-96.4,Silchar (Barak Valley),24.817,92.7993,35,36.86,276.88
2025-07-05T02:00,24.6,92,21.6,0.0,763.2,-49.7,Silchar (Barak Valley),24.817,92.7993,35,37.5,276.87
2025-07-05T03:00,24.2,89,8.3,0.24,1023.3,-86.9,Silchar (Barak Valley),24.817,92.7993,35,37.09,247.85
2025-07-05T04:00,24.8,89,7.3,0.0,1119.9,-125.2,Silchar (Barak Valley),24.817,92.7993,35,37.18,250.85
2025-07-05T05:00,24.4,95,26.7,0.0,378.8,-72.1,Silchar (Barak Valley),24.817,92.7993,35,37.94,275.46
2025-07-05T06:00,25.7,86,16.4,0.0,509.2,-52.6,Silchar (Barak Valley),24.817,92.7993,35,36.87,253.36
2025-07-05T07:00,26.9,91,27.7,0.0,1267.2,-106.8,Silchar (Barak Valley),24.817,92.7993,35,37.65,265.9
2025-07-05T08:00,25.1,88,16.7,0.0,543.5,-53.6,Silchar (Barak Valley),24.817,92.7993,35,37.02,263.08
2025-07-05T09:00,28.8,82,20.8,0.0,235.6,-116.7,Silchar (Barak Valley),24.817,92.7993,35,36.67,261.0
2025-07-05T10:00,28.3,81,20.7,0.0,601.6,-157.6,Silchar (Barak Valley),24.817,92.7993,35,36.46,247.27
2025-07-05T11:00,31.0,84,23.9,0.0,1147.5,-132.0,Silchar (Barak Valley),24.817,92.7993,35,37.21,248.32
2025-07-05T12:00,31.5,81,84.4,25.82,3387.4,-17.7,Silchar (Barak Valley),24.817,92.7993,35,45.81,227.92
2025-07-05T13:00,29.3,80,17.5,0.0,873.4,-129.5,Silchar (Barak Valley),24.817,92.7993,35,36.42,279.15
2025-07-05T14:00,30.9,78,23.2,0.0,1363.7,-38.1,Silchar (Barak Valley),24.817,92.7993,35,36.37,265.24
2025-07-05T15:00,28.8,78,27.8,0.0,986.3,-57.8,Silchar (Barak Valley),24.817,92.7993,35,36.01,257.22
2025-07-05T16:00,30.4,79,11.6,0.0,1169.3,-111.3,Silchar (Barak Valley),24.817,92.7993,35,36.43,274.43
2025-07-05T17:00,31.0,86,11.6,0.0,946.9,-43.6,Silchar (Barak Valley),24.817,92.7993,35,37.48,254.7
2025-07-05T18:00,31.0,83,5.8,0.0,1344.9,-51.8,Silchar (Barak Valley),24.817,92.7993,35,37.11,255.67
2025-07-05T19:00,29.3,82,10.1,0.0,1298.9,-53.1,Silchar (Barak Valley),24.817,92.7993,35,36.71,254.3
2025-07-05T20:00,28.9,80,10.9,0.0,976.2,-130.0,Silchar (Barak Valley),24.817,92.7993,35,36.34,265.41
2025-07-05T21:00,26.7,84,69.4,20.55,2706.2,-44.4,Silchar (Barak Valley),24.817,92.7993,35,46.35,215.62
2025-07-05T22:00,26.6,84,5.7,0.0,1078.3,-46.0,Silchar (Barak Valley),24.817,92.7993,35,36.65,264.76
2025-07-05T23:00,25.0,86,24.6,0.25,698.0,-36.5,Silchar (Barak Valley),24.817,92.7993,35,36.76,247.15
2025-07-06T00:00,25.4,83,22.1,0.0,1374.3,-96.4,Silchar (Barak Valley),24.817,92.7993,35,36.39,261.68
2025-07-06T01:00,26.1,92,17.7,0.18,1268.2,-23.2,Silchar (Barak Valley),24.817,92.7993,35,37.75,268.55
2025-07-06T02:00,24.1,99,24.9,0.0,570.8,-80.2,Silchar (Barak Valley),24.817,92.7993,35,38.46,252.47
2025-07-06T03:00,22.4,94,8.1,0.0,746.7,-136.9,Silchar (Barak Valley),24.817,92.7993,35,37.48,254.26
2025-07-06T04:00,24.4,96,19.3,0.0,627.9,-112.8,Silchar (Barak Valley),24.817,92.7993,35,38.03,248.33
2025-07-06T05:00,25.3,96,7.0,0.0,1291.5,-84.4,Silchar (Barak Valley),24.817,92.7993,35,38.19,271.72
2025-07-06T06:00,23.9,90,10.0,0.0,578.7,-20.7,Silchar (Barak Valley),24.817,92.7993,35,37.12,251.42
2025-07-06T07:00,27.2,89,23.7,0.0,704.7,-115.1,Silchar (Barak Valley),24.817,92.7993,35,37.4,245.64
2025-07-06T08:00,25.9,82,13.7,1.21,254.3,-77.4,Silchar (Barak Valley),24.817,92.7993,35,36.27,274.84
2025-07-06T09:00,26.6,87,22.6,0.88,566.3,-147.5,Silchar (Barak Valley),24.817,92.7993,35,37.04,246.04
2025-07-06T10:00,26.3,84,6.4,1.41,1212.0,-113.2,Silchar (Barak Valley),24.817,92.7993,35,36.65,259.81
2025-07-06T11:00,29.6,79,5.3,0.0,839.0,-76.5,Silchar (Barak Valley),24.817,92.7993,35,36.31,274.99
2025-07-06T12:00,32.2,86,26.4,0.0,323.9,-154.3,Silchar (Barak Valley),24.817,92.7993,35,37.64,278.87
2025-07-06T13:00,31.0,77,25.7,0.0,1047.1,-64.6,Silchar (Barak Valley),24.817,92.7993,35,36.16,247.39
2025-07-06T14:00,30.0,91,14.3,0.0,222.1,-121.3,Silchar (Barak Valley),24.817,92.7993,35,38.08,274.85
2025-07-06T15:00,31.6,81,16.1,0.0,556.3,-40.2,Silchar (Barak Valley),24.817,92.7993,35,36.82,262.86
2025-07-06T16:00,31.8,79,20.0,0.0,781.5,-146.1,Silchar (Barak Valley),24.817,92.7993,35,36.63,274.46
2025-07-06T17:00,31.9,88,11.5,0.0,1286.7,-72.5,Silchar (Barak Valley),24.817,92.7993,35,37.91,263.42
2025-07-06T18:00,28.5,72,24.9,2.01,355.2,-45.7,Silchar (Barak Valley),24.817,92.7993,35,35.08,261.82
2025-07-06T19:00,31.1,81,9.2,0.0,862.4,-135.1,Silchar (Barak Valley),24.817,92.7993,35,36.86,269.49
2025-07-06T20:00,28.7,82,26.6,0.0,375.4,-49.3,Silchar (Barak Valley),24.817,92.7993,35,36.69,259.02
2025-07-06T21:00,29.6,85,6.0,0.99,358.5,-93.4,Silchar (Barak Valley),24.817,92.7993,35,37.23,263.78
2025-07-06T22:00,26.8,89,8.1,0.0,356.7,-68.4,Silchar (Barak Valley),24.817,92.7993,35,37.35,276.3
2025-07-06T23:00,26.4,89,12.5,1.66,239.5,-57.5,Silchar (Barak Valley),24.817,92.7993,35,37.3,265.85
2025-07-07T00:00,23.9,97,6.5,0.0,838.4,-108.3,Silchar (Barak Valley),24.817,92.7993,35,38.09,268.26
2025-07-07T01:00,25.7,94,8.8,1.21,463.8,-101.8,Silchar (Barak Valley),24.817,92.7993,35,37.94,266.86
2025-07-07T02:00,22.8,95,53.5,27.28,3280.2,-28.3,Silchar (Barak Valley),24.817,92.7993,35,55.03,221.47
2025-07-07T03:00,24.3,95,81.7,20.16,3697.4,-26.3,Silchar (Barak Valley),24.817,92.7993,35,50.21,232.86
2025-07-07T04:00,23.6,88,16.9,0.0,1356.5,-27.8,Silchar (Barak Valley),24.817,92.7993,35,36.75,246.39
2025-07-07T05:00,24.4,93,11.4,0.0,1069.2,-29.7,Silchar (Barak Valley),24.817,92.7993,35,37.62,275.88
2025-07-07T06:00,26.3,92,27.4,0.18,1207.8,-43.9,Silchar (Barak Valley),24.817,92.7993,35,37.75,246.0
2025-07-07T07:00,25.3,85,63.2,60.28,4478.9,-7.6,Silchar (Barak Valley),24.817,92.7993,35,71.68,209.06
2025-07-07T08:00,27.9,91,14.2,0.33,1104.0,-28.4,Silchar (Barak Valley),24.817,92.7993,35,37.9,256.29
2025-07-07T09:00,27.0,78,14.0,0.0,1395.9,-129.3,Silchar (Barak Valley),24.817,92.7993,35,35.78,268.32
2025-07-07T10:00,28.6,94,15.7,0.3,634.0,-69.1,Silchar (Barak Valley),24.817,92.7993,35,38.41,269.07
2025-07-07T11:00,31.8,82,37.7,49.72,3161.2,-21.4,Silchar (Barak Valley),24.817,92.7993,35,59.97,215.33
2025-07-07T12:00,30.1,78,14.1,0.0,1110.9,-77.7,Silchar (Barak Valley),24.817,92.7993,35,36.16,279.49
2025-07-07T13:00,30.4,82,20.9,0.0,674.6,-141.9,Silchar (Barak Valley),24.817,92.7993,35,36.92,245.96
2025-07-07T14:00,31.0,82,58.7,48.07,2648.7,-5.4,Silchar (Barak Valley),24.817,92.7993,35,52.25,214.26
2025-07-07T15:00,30.6,87,12.9,0.16,1088.7,-139.4,Silchar (Barak Valley),24.817,92.7993,35,37.65,258.19
2025-07-07T16:00,29.7,86,80.4,34.48,2462.0,-41.1,Silchar (Barak Valley),24.817,92.7993,35,55.36,215.55
2025-07-07T17:00,33.0,75,57.3,22.96,2339.9,-27.2,Silchar (Barak Valley),24.817,92.7993,35,44.8,225.08
2025-07-07T18:00,29.5,80,81.5,29.38,2958.5,-39.2,Silchar (Barak Valley),24.817,92.7993,35,54.65,223.66
2025-07-07T19:00,27.4,79,89.1,46.26,2947.0,-4.8,Silchar (Barak Valley),24.817,92.7993,35,65.02,203.57
2025-07-07T20:00,28.2,87,62.5,29.35,2585.7,-14.3,Silchar (Barak Valley),24.817,92.7993,35,46.28,225.4
2025-07-07T21:00,27.9,92,14.3,0.28,353.6,-74.2,Silchar (Barak Valley),24.817,92.7993,35,37.94,275.91
2025-07-07T22:00,26.3,83,65.1,30.22,3677.1,-33.2,Silchar (Barak Valley),24.817,92.7993,35,59.23,226.66
2025-07-07T23:00,25.7,89,46.7,56.84,2217.8,-14.3,Silchar (Barak Valley),24.817,92.7993,35,51.41,213.56
2025-07-08T00:00,24.8,88,40.5,63.76,3011.7,-25.5,Silchar (Barak Valley),24.817,92.7993,35,55.14,212.47
2025-07-08T01:00,25.0,95,9.8,0.51,251.1,-39.1,Silchar (Barak Valley),24.817,92.7993,35,38.08,262.0
2025-07-08T02:00,25.1,94,21.5,0.0,755.4,-55.8,Silchar (Barak Valley),24.817,92.7993,35,37.95,265.63
2025-07-08T03:00,23.8,98,13.0,0.01,1207.6,-40.8,Silchar (Barak Valley),24.817,92.7993,35,38.24,264.08
2025-07-08T04:00,27.2,91,19.7,0.44,323.5,-29.1,Silchar (Barak Valley),24.817,92.7993,35,37.76,270.36
2025-07-08T05:00,25.7,92,10.3,0.0,1048.4,-65.3,Silchar (Barak Valley),24.817,92.7993,35,37.63,246.29
2025-07-08T06:00,25.0,93,28.0,0.0,1332.2,-132.7,Silchar (Barak Valley),24.817,92.7993,35,37.66,277.76
2025-07-08T07:00,24.2,88,52.5,30.82,2588.1,-14.3,Silchar (Barak Valley),24.817,92.7993,35,49.63,233.75
2025-07-08T08:00,26.7,89,8.7,0.0,959.5,-43.8,Silchar (Barak Valley),24.817,92.7993,35,37.39,250.3
2025-07-08T09:00,28.5,91,15.8,0.0,1304.3,-75.7,Silchar (Barak Valley),24.817,92.7993,35,37.93,261.17
2025-07-08T10:00,29.4,93,12.0,0.0,1216.2,-68.1,Silchar (Barak Valley),24.817,92.7993,35,38.3,275.42
2025-07-08T11:00,27.0,81,20.4,0.01,323.8,-149.1,Silchar (Barak Valley),24.817,92.7993,35,36.18,273.71
2025-07-08T12:00,30.1,90,8.6,0.0,1230.0,-80.6,Silchar (Barak Valley),24.817,92.7993,35,37.95,245.18
2025-07-08T13:00,30.0,78,16.0,0.54,395.2,-82.7,Silchar (Barak Valley),24.817,92.7993,35,36.19,245.45
2025-07-08T14:00,32.7,83,52.3,16.19,3268.5,-27.8,Silchar (Barak Valley),24.817,92.7993,35,55.28,224.22
2025-07-08T15:00,31.1,77,50.8,34.9,2314.3,-7.3,Silchar (Barak Valley),24.817,92.7993,35,64.76,222.31
2025-07-08T16:00,28.1,75,39.8,44.27,2288.0,-11.4,Silchar (Barak Valley),24.817,92.7993,35,62.99,215.91
2025-07-08T17:00,31.0,85,23.2,0.37,1219.6,-138.9,Silchar (Barak Valley),24.817,92.7993,35,37.36,259.73
2025-07-08T18:00,27.6,81,77.0,28.11,3450.3,-38.8,Silchar (Barak Valley),24.817,92.7993,35,44.44,229.67
2025-07-08T19:00,29.8,88,26.5,0.0,249.7,-81.9,Silchar (Barak Valley),24.817,92.7993,35,37.61,273.64
2025-07-08T20:00,31.5,87,84.4,22.7,2767.0,-23.4,Silchar (Barak Valley),24.817,92.7993,35,57.15,230.82
2025-07-08T21:00,29.1,88,17.6,0.71,1228.1,-51.0,Silchar (Barak Valley),24.817,92.7993,35,37.52,266.72
2025-07-08T22:00,26.9,90,13.3,0.0,573.4,-50.3,Silchar (Barak Valley),24.817,92.7993,35,37.56,273.18
2025-07-08T23:00,25.0,94,17.7,0.28,279.6,-128.2,Silchar (Barak Valley),24.817,92.7993,35,37.85,270.03
2025-07-09T00:00,26.6,95,22.2,0.0,1234.8,-79.1,Silchar (Barak Valley),24.817,92.7993,35,38.19,251.86
2025-07-09T01:00,25.2,90,8.7,1.31,232.7,-155.9,Silchar (Barak Valley),24.817,92.7993,35,37.39,261.36
2025-07-09T02:00,23.8,94,19.6,0.0,234.0,-71.1,Silchar (Barak Valley),24.817,92.7993,35,37.77,253.51
2025-07-09T03:00,23.4,99,18.7,0.0,978.2,-101.8,Silchar (Barak Valley),24.817,92.7993,35,38.37,276.73
2025-07-09T04:00,23.0,93,15.2,0.0,442.9,-54.1,Silchar (Barak Valley),24.817,92.7993,35,37.45,272.43
2025-07-09T05:00,24.9,90,7.8,0.0,932.1,-132.4,Silchar (Barak Valley),24.817,92.7993,35,37.3,273.34
2025-07-09T06:00,24.5,88,9.7,0.0,776.0,-122.5,Silchar (Barak Valley),24.817,92.7993,35,37.01,264.84
2025-07-09T07:00,26.0,93,7.3,0.0,779.6,-90.4,Silchar (Barak Valley),24.817,92.7993,35,37.85,278.43
2025-07-09T08:00,27.7,87,22.2,0.0,1355.7,-90.6,Silchar (Barak Valley),24.817,92.7993,35,37.21,272.13
2025-07-09T09:00,27.0,87,13.7,0.0,462.5,-53.6,Silchar (Barak Valley),24.817,92.7993,35,37.19,246.35
2025-07-09T10:00,29.2,83,8.1,0.01,410.0,-119.0,Silchar (Barak Valley),24.817,92.7993,35,36.84,250.92
2025-07-09T11:00,30.7,87,6.1,0.0,241.9,-137.3,Silchar (Barak Valley),24.817,92.7993,35,37.67,265.42
2025-07-09T12:00,30.4,82,16.4,0.0,794.9,-113.7,Silchar (Barak Valley),24.817,92.7993,35,36.81,250.2
2025-07-09T13:00,31.4,86,19.9,0.34,1394.8,-111.6,Silchar (Barak Valley),24.817,92.7993,35,37.53,274.92
2025-07-09T14:00,31.4,85,7.4,0.5,1214.2,-148.5,Silchar (Barak Valley),24.817,92.7993,35,37.41,245.86
2025-07-09T15:00,31.0,79,10.9,0.0,1151.2,-134.5,Silchar (Barak Valley),24.817,92.7993,35,36.44,258.51
2025-07-09T16:00,31.9,85,20.9,0.18,1070.8,-86.1,Silchar (Barak Valley),24.817,92.7993,35,37.44,271.36
2025-07-09T17:00,32.5,79,59.2,24.71,2293.3,-19.6,Silchar (Barak Valley),24.817,92.7993,35,44.3,233.65
2025-07-09T18:00,31.0,82,19.2,0.49,495.0,-41.3,Silchar (Barak Valley),24.817,92.7993,35,36.96,256.21
2025-07-09T19:00,29.0,79,25.8,0.0,242.3,-137.6,Silchar (Barak Valley),24.817,92.7993,35,36.28,246.57
2025-07-09T20:00,28.2,87,60.8,13.93,2828.1,-18.9,Silchar (Barak Valley),24.817,92.7993,35,58.75,217.46
2025-07-09T21:00,27.3,87,15.2,0.0,941.1,-67.1,Silchar (Barak Valley),24.817,92.7993,35,37.21,254.64
2025-07-09T22:00,27.7,90,16.6,0.0,813.1,-121.5,Silchar (Barak Valley),24.817,92.7993,35,37.65,253.18
2025-07-09T23:00,25.1,84,24.0,0.0,1130.3,-40.7,Silchar (Barak Valley),24.817,92.7993,35,36.44,247.61
2025-07-10T00:00,23.8,83,16.6,0.0,841.4,-48.4,Silchar (Barak Valley),24.817,92.7993,35,36.1,265.7
2025-07-10T01:00,25.0,88,11.0,0.15,1206.1,-31.8,Silchar (Barak Valley),24.817,92.7993,35,36.94,260.35
2025-07-10T02:00,24.1,95,17.8,0.5,933.8,-142.5,Silchar (Barak Valley),24.817,92.7993,35,37.87,265.78
2025-07-10T03:00,25.8,96,24.5,0.56,259.2,-89.3,Silchar (Barak Valley),24.817,92.7993,35,38.23,273.44
2025-07-10T04:00,21.4,97,27.8,0.0,417.7,-44.4,Silchar (Barak Valley),24.817,92.7993,35,37.85,246.15
2025-07-10T05:00,24.7,90,17.1,0.0,271.7,-61.8,Silchar (Barak Valley),24.817,92.7993,35,37.32,266.83
2025-07-10T06:00,24.5,92,19.6,0.0,330.5,-96.0,Silchar (Barak Valley),24.817,92.7993,35,37.49,248.39
2025-07-10T07:00,26.7,87,22.4,0.0,354.9,-76.1,Silchar (Barak Valley),24.817,92.7993,35,37.05,257.31
2025-07-10T08:00,26.3,93,19.4,0.0,1306.3,-121.5,Silchar (Barak Valley),24.817,92.7993,35,37.95,271.97
2025-07-10T09:00,26.8,83,21.6,0.0,574.1,-69.1,Silchar (Barak Valley),24.817,92.7993,35,36.54,265.12
2025-07-10T10:00,29.5,89,19.9,0.28,751.3,-154.8,Silchar (Barak Valley),24.817,92.7993,35,37.76,252.49
2025-07-10T11:00,30.8,81,9.1,0.0,1236.8,-67.5,Silchar (Barak Valley),24.817,92.7993,35,36.83,248.45
2025-07-10T12:00,29.9,87,27.3,0.0,529.3,-149.8,Silchar (Barak Valley),24.817,92.7993,35,37.58,251.35
2025-07-10T13:00,30.4,81,5.1,0.0,283.6,-62.0,Silchar (Barak Valley),24.817,92.7993,35,36.66,252.37
2025-07-10T14:00,32.4,80,23.4,1.03,667.9,-121.2,Silchar (Barak Valley),24.817,92.7993,35,36.81,268.49
2025-07-10T15:00,32.4,76,12.2,0.0,570.5,-90.3,Silchar (Barak Valley),24.817,92.7993,35,36.22,263.73
2025-07-10T16:00,32.1,88,83.7,27.02,2665.3,-13.4,Silchar (Barak Valley),24.817,92.7993,35,48.73,223.56
2025-07-10T17:00,30.0,84,10.9,0.0,590.6,-40.2,Silchar (Barak Valley),24.817,92.7993,35,37.09,253.99
2025-07-10T18:00,29.2,83,21.2,0.0,1228.9,-158.4,Silchar (Barak Valley),24.817,92.7993,35,36.85,257.02
2025-07-10T19:00,31.2,83,13.0,0.0,1301.6,-47.9,Silchar (Barak Valley),24.817,92.7993,35,37.19,270.79
2025-07-10T20:00,29.1,82,14.2,0.0,1237.4,-39.6,Silchar (Barak Valley),24.817,92.7993,35,36.62,246.91
2025-07-10T21:00,26.6,89,26.1,1.65,1112.4,-139.7,Silchar (Barak Valley),24.817,92.7993,35,37.33,271.03
2025-07-10T22:00,26.5,88,25.2,0.0,799.8,-159.2,Silchar (Barak Valley),24.817,92.7993,35,37.14,268.86
2025-07-10T23:00,25.9,90,11.0,0.66,1037.3,-43.9,Silchar (Barak Valley),24.817,92.7993,35,37.37,245.9
2025-07-11T00:00,24.9,95,9.7,0.0,735.4,-151.1,Silchar (Barak Valley),24.817,92.7993,35,37.94,261.2
2025-07-11T01:00,24.1,93,11.6,0.46,600.6,-42.4,Silchar (Barak Valley),24.817,92.7993,35,37.64,245.29
2025-07-11T02:00,25.6,93,12.4,0.05,1306.9,-91.8,Silchar (Barak Valley),24.817,92.7993,35,37.79,274.34
2025-07-11T03:00,24.6,99,12.2,0.0,992.7,-46.8,Silchar (Barak Valley),24.817,92.7993,35,38.51,258.61
2025-07-11T04:00,26.8,89,5.9,0.0,1392.4,-98.3,Silchar (Barak Valley),24.817,92.7993,35,37.47,264.08
2025-07-11T05:00,26.0,85,17.5,0.0,1382.2,-142.7,Silchar (Barak Valley),24.817,92.7993,35,36.77,256.91
2025-07-11T06:00,25.2,88,26.7,0.0,1025.3,-130.6,Silchar (Barak Valley),24.817,92.7993,35,36.99,245.87
2025-07-11T07:00,27.5,90,10.3,0.0,1303.5,-88.3,Silchar (Barak Valley),24.817,92.7993,35,37.65,247.23
2025-07-11T08:00,27.0,91,7.5,0.0,708.4,-66.1,Silchar (Barak Valley),24.817,92.7993,35,37.66,273.53
2025-07-11T09:00,30.4,83,20.5,0.0,905.3,-48.8,Silchar (Barak Valley),24.817,92.7993,35,37.01,266.34
2025-07-11T10:00,28.0,99,18.7,0.0,1233.5,-28.9,Silchar (Barak Valley),24.817,92.7993,35,39.01,266.11
2025-07-11T11:00,29.8,83,20.5,0.0,1362.7,-97.8,Silchar (Barak Valley),24.817,92.7993,35,36.96,277.66
2025-07-11T12:00,29.3,82,19.1,0.84,1066.6,-97.6,Silchar (Barak Valley),24.817,92.7993,35,36.65,249.45
2025-07-11T13:00,30.1,75,12.3,0.11,509.8,-155.5,Silchar (Barak Valley),24.817,92.7993,35,35.73,276.06
2025-07-11T14:00,30.5,73,18.3,0.0,417.4,-32.3,Silchar (Barak Valley),24.817,92.7993,35,35.58,274.91
2025-07-11T15:00,32.5,72,21.6,0.77,1163.2,-34.1,Silchar (Barak Valley),24.817,92.7993,35,35.61,267.54
2025-07-11T16:00,31.1,85,62.0,19.58,3637.4,-19.8,Silchar (Barak Valley),24.817,92.7993,35,44.37,232.2
2025-07-11T17:00,27.6,85,6.8,1.65,698.8,-73.0,Silchar (Barak Valley),24.817,92.7993,35,36.88,264.83
2025-07-11T18:00,30.1,81,6.1,0.0,1255.1,-112.4,Silchar (Barak Valley),24.817,92.7993,35,36.67,252.74
2025-07-11T19:00,28.1,78,17.1,0.0,804.7,-159.1,Silchar (Barak Valley),24.817,92.7993,35,35.89,260.24
2025-07-11T20:00,27.9,83,77.1,14.78,3527.3,-11.8,Silchar (Barak Valley),24.817,92.7993,35,53.26,234.98
2025-07-11T21:00,28.9,92,5.8,0.18,1094.4,-92.0,Silchar (Barak Valley),24.817,92.7993,35,38.08,247.76
2025-07-11T22:00,25.0,86,7.1,0.05,1154.3,-116.5,Silchar (Barak Valley),24.817,92.7993,35,36.68,278.9
2025-07-11T23:00,24.3,86,80.7,31.88,2447.9,-28.8,Silchar (Barak Valley),24.817,92.7993,35,56.27,234.77
2025-07-12T00:00,23.0,89,7.5,0.07,1205.6,-43.7,Silchar (Barak Valley),24.817,92.7993,35,36.94,251.93
2025-07-12T01:00,24.0,91,14.6,0.0,495.1,-100.2,Silchar (Barak Valley),24.817,92.7993,35,37.29,275.81
2025-07-12T02:00,22.1,96,18.6,0.0,519.1,-38.7,Silchar (Barak Valley),24.817,92.7993,35,37.72,259.35
2025-07-12T03:00,22.1,84,23.2,0.0,1377.5,-36.8,Silchar (Barak Valley),24.817,92.7993,35,36.04,245.63
2025-07-12T04:00,23.8,93,5.9,0.0,673.1,-148.3,Silchar (Barak Valley),24.817,92.7993,35,37.63,268.06
2025-07-12T05:00,24.8,89,12.2,0.0,581.8,-87.8,Silchar (Barak Valley),24.817,92.7993,35,37.17,274.32
2025-07-12T06:00,23.9,89,11.6,0.0,210.8,-153.7,Silchar (Barak Valley),24.817,92.7993,35,36.97,249.86
2025-07-12T07:00,26.2,93,5.5,0.62,1318.6,-34.1,Silchar (Barak Valley),24.817,92.7993,35,37.83,260.43
2025-07-12T08:00,26.7,83,16.8,0.0,766.8,-147.1,Silchar (Barak Valley),24.817,92.7993,35,36.45,259.33
2025-07-12T09:00,28.1,87,15.0,0.0,427.2,-64.4,Silchar (Barak Valley),24.817,92.7993,35,37.25,248.23
2025-07-12T10:00,27.2,86,10.1,0.71,956.7,-145.0,Silchar (Barak Valley),24.817,92.7993,35,37.02,256.82
2025-07-12T11:00,31.6,85,19.2,0.0,689.7,-114.4,Silchar (Barak Valley),24.817,92.7993,35,37.44,265.1
2025-07-12T12:00,28.6,84,14.0,0.17,584.5,-119.2,Silchar (Barak Valley),24.817,92.7993,35,36.89,279.69
2025-07-12T13:00,29.8,82,16.1,0.0,1321.8,-23.6,Silchar (Barak Valley),24.817,92.7993,35,36.81,252.61
2025-07-12T14:00,31.5,82,17.1,0.0,431.3,-29.9,Silchar (Barak Valley),24.817,92.7993,35,37.02,257.93
2025-07-12T15:00,31.1,75,7.0,0.0,858.4,-54.4,Silchar (Barak Valley),24.817,92.7993,35,35.98,271.76
2025-07-12T16:00,31.9,85,16.7,0.0,535.7,-89.1,Silchar (Barak Valley),24.817,92.7993,35,37.46,256.45
2025-07-12T17:00,30.2,75,19.7,0.0,629.0,-107.8,Silchar (Barak Valley),24.817,92.7993,35,35.8,276.09
2025-07-12T18:00,28.5,83,25.4,0.0,795.8,-133.1,Silchar (Barak Valley),24.817,92.7993,35,36.68,246.76
2025-07-12T19:00,27.4,80,21.6,0.0,212.5,-141.7,Silchar (Barak Valley),24.817,92.7993,35,36.12,249.2
2025-07-12T20:00,30.5,77,11.4,0.0,953.8,-42.9,Silchar (Barak Valley),24.817,92.7993,35,36.17,263.01
2025-07-12T21:00,27.1,84,11.8,0.44,297.5,-92.2,Silchar (Barak Valley),24.817,92.7993,35,36.67,266.62
2025-07-12T22:00,26.4,87,9.4,0.0,329.3,-95.8,Silchar (Barak Valley),24.817,92.7993,35,37.1,258.13
2025-07-12T23:00,27.9,95,26.9,1.32,918.3,-39.9,Silchar (Barak Valley),24.817,92.7993,35,38.43,266.06
2025-07-13T00:00,24.4,98,19.3,0.16,451.2,-41.9,Silchar (Barak Valley),24.817,92.7993,35,38.41,260.57
2025-07-13T01:00,24.5,92,10.2,0.39,976.9,-82.4,Silchar (Barak Valley),24.817,92.7993,35,37.45,260.9
2025-07-13T02:00,22.9,87,9.7,0.0,462.3,-92.0,Silchar (Barak Valley),24.817,92.7993,35,36.59,253.94
2025-07-13T03:00,22.4,88,77.2,15.22,3778.7,-21.7,Silchar (Barak Valley),24.817,92.7993,35,49.69,219.6
2025-07-13T04:00,26.4,96,17.9,0.17,554.3,-72.5,Silchar (Barak Valley),24.817,92.7993,35,38.34,259.76
2025-07-13T05:00,26.8,95,7.1,0.75,1011.7,-36.2,Silchar (Barak Valley),24.817,92.7993,35,38.25,273.36
2025-07-13T06:00,26.3,89,19.7,0.7,532.0,-100.3,Silchar (Barak Valley),24.817,92.7993,35,37.25,271.66
2025-07-13T07:00,26.9,85,8.3,0.0,383.7,-108.5,Silchar (Barak Valley),24.817,92.7993,35,36.8,271.59
2025-07-13T08:00,27.5,92,64.2,20.29,2749.4,-31.1,Silchar (Barak Valley),24.817,92.7993,35,56.0,233.13
2025-07-13T09:00,26.6,81,7.9,0.0,588.4,-111.5,Silchar (Barak Valley),24.817,92.7993,35,36.2,277.65
2025-07-13T10:00,28.8,82,25.7,0.0,320.1,-89.1,Silchar (Barak Valley),24.817,92.7993,35,36.69,275.28
2025-07-13T11:00,28.6,84,67.6,34.78,3041.3,-36.4,Silchar (Barak Valley),24.817,92.7993,35,52.64,227.29
2025-07-13T12:00,26.9,73,12.9,0.13,1106.8,-107.8,Silchar (Barak Valley),24.817,92.7993,35,35.03,263.49
2025-07-13T13:00,31.9,84,71.6,22.97,3646.1,-37.0,Silchar (Barak Valley),24.817,92.7993,35,53.64,221.28
2025-07-13T14:00,31.5,89,23.4,0.48,1334.1,-42.7,Silchar (Barak Valley),24.817,92.7993,35,38.02,271.37
2025-07-13T15:00,29.4,79,23.2,0.0,1304.3,-132.2,Silchar (Barak Valley),24.817,92.7993,35,36.34,271.73
2025-07-13T16:00,30.4,79,56.7,28.54,2833.9,-31.2,Silchar (Barak Valley),24.817,92.7993,35,52.83,223.77
2025-07-13T17:00,31.8,80,24.2,0.0,1124.0,-36.8,Silchar (Barak Valley),24.817,92.7993,35,36.76,263.83
2025-07-13T18:00,30.1,82,9.5,0.0,541.5,-66.3,Silchar (Barak Valley),24.817,92.7993,35,36.81,253.48
2025-07-13T19:00,27.2,80,20.6,0.26,1081.8,-63.1,Silchar (Barak Valley),24.817,92.7993,35,36.06,261.13
2025-07-13T20:00,27.0,80,17.3,0.37,739.1,-121.3,Silchar (Barak Valley),24.817,92.7993,35,36.04,278.65
2025-07-13T21:00,29.7,85,61.7,20.42,3798.4,-21.5,Silchar (Barak Valley),24.817,92.7993,35,50.76,234.8
2025-07-13T22:00,26.7,88,21.1,0.0,574.3,-52.7,Silchar (Barak Valley),24.817,92.7993,35,37.3,259.81
2025-07-13T23:00,27.0,86,11.7,0.0,615.5,-54.3,Silchar (Barak Valley),24.817,92.7993,35,36.91,267.9
2025-07-14T00:00,27.2,86,6.3,0.0,460.6,-57.3,Silchar (Barak Valley),24.817,92.7993,35,36.95,250.97
2025-07-14T01:00,23.9,90,6.7,0.0,399.2,-106.2,Silchar (Barak Valley),24.817,92.7993,35,37.19,279.37
2025-07-14T02:00,24.5,87,7.0,0.29,255.2,-129.0,Silchar (Barak Valley),24.817,92.7993,35,36.86,279.28
2025-07-14T03:00,21.6,96,54.7,48.19,2116.4,-24.7,Silchar (Barak Valley),24.817,92.7993,35,51.93,215.33
2025-07-14T04:00,23.4,79,16.6,0.0,1377.1,-21.7,Silchar (Barak Valley),24.817,92.7993,35,35.46,262.07
2025-07-14T05:00,25.2,87,23.5,0.08,1007.9,-114.2,Silchar (Barak Valley),24.817,92.7993,35,36.94,248.07
2025-07-14T06:00,24.8,97,9.8,0.36,814.1,-38.9,Silchar (Barak Valley),24.817,92.7993,35,38.22,262.62
2025-07-14T07:00,26.3,89,25.1,0.0,255.8,-37.9,Silchar (Barak Valley),24.817,92.7993,35,37.27,260.51
2025-07-14T08:00,27.7,89,19.6,0.0,708.3,-25.7,Silchar (Barak Valley),24.817,92.7993,35,37.46,267.67
2025-07-14T09:00,28.2,85,38.3,48.07,2173.0,-15.2,Silchar (Barak Valley),24.817,92.7993,35,50.63,210.67
2025-07-14T10:00,28.8,82,24.7,0.0,512.3,-24.8,Silchar (Barak Valley),24.817,92.7993,35,36.59,269.8
2025-07-14T11:00,29.5,87,27.3,0.0,390.5,-34.9,Silchar (Barak Valley),24.817,92.7993,35,37.45,267.69
2025-07-14T12:00,29.3,79,7.7,0.28,721.3,-145.7,Silchar (Barak Valley),24.817,92.7993,35,36.22,252.18
2025-07-14T13:00,29.4,77,59.7,25.05,2856.9,-10.9,Silchar (Barak Valley),24.817,92.7993,35,44.01,230.85
2025-07-14T14:00,32.5,82,68.3,18.3,2507.6,-17.5,Silchar (Barak Valley),24.817,92.7993,35,48.2,226.53
2025-07-14T15:00,32.0,71,18.7,0.0,1266.8,-26.1,Silchar (Barak Valley),24.817,92.7993,35,35.45,259.6
2025-07-14T16:00,29.9,78,64.6,103.58,4513.8,-14.0,Silchar (Barak Valley),24.817,92.7993,35,63.03,201.75
2025-07-14T17:00,30.6,78,48.4,37.47,2632.5,-21.5,Silchar (Barak Valley),24.817,92.7993,35,54.48,223.26
2025-07-14T18:00,28.3,80,13.9,0.0,906.4,-55.3,Silchar (Barak Valley),24.817,92.7993,35,36.25,279.41
2025-07-14T19:00,28.7,81,15.7,0.0,706.8,-95.0,Silchar (Barak Valley),24.817,92.7993,35,36.41,253.39
2025-07-14T20:00,29.0,86,80.3,19.13,2263.5,-41.8,Silchar (Barak Valley),24.817,92.7993,35,46.57,228.95
2025-07-14T21:00,27.8,90,20.1,0.0,598.5,-131.2,Silchar (Barak Valley),24.817,92.7993,35,37.74,247.44
2025-07-14T22:00,26.7,90,27.1,0.0,1024.5,-149.2,Silchar (Barak Valley),24.817,92.7993,35,37.48,270.68
2025-07-14T23:00,24.7,88,13.2,0.0,516.5,-158.0,Silchar (Barak Valley),24.817,92.7993,35,36.98,246.93
2025-07-15T00:00,23.7,93,14.7,0.44,1301.3,-71.5,Silchar (Barak Valley),24.817,92.7993,35,37.62,277.09
2025-07-15T01:00,25.6,95,65.8,21.55,2340.0,-46.1,Silchar (Barak Valley),24.817,92.7993,35,44.49,211.9
2025-07-15T02:00,26.2,94,60.4,33.7,2327.9,-16.6,Silchar (Barak Valley),24.817,92.7993,35,52.95,217.06
2025-07-15T03:00,24.7,97,41.1,54.12,1802.0,-6.3,Silchar (Barak Valley),24.817,92.7993,35,57.91,211.08
2025-07-15T04:00,23.9,83,8.6,0.0,779.0,-103.8,Silchar (Barak Valley),24.817,92.7993,35,36.17,272.6
2025-07-15T05:00,25.9,92,44.2,37.14,2098.4,-7.2,Silchar (Barak Valley),24.817,92.7993,35,65.8,227.26
2025-07-15T06:00,24.0,92,26.9,0.0,803.0,-115.5,Silchar (Barak Valley),24.817,92.7993,35,37.48,262.65
2025-07-15T07:00,27.0,84,26.4,0.9,601.4,-72.9,Silchar (Barak Valley),24.817,92.7993,35,36.63,269.81
2025-07-15T08:00,25.9,89,17.3,0.0,585.2,-126.0,Silchar (Barak Valley),24.817,92.7993,35,37.23,272.46
2025-07-15T09:00,26.8,90,23.7,0.0,1180.4,-67.2,Silchar (Barak Valley),24.817,92.7993,35,37.5,273.05
2025-07-15T10:00,28.0,83,25.9,0.0,423.8,-33.0,Silchar (Barak Valley),24.817,92.7993,35,36.72,265.11
2025-07-15T11:00,29.1,85,25.1,1.11,807.8,-140.5,Silchar (Barak Valley),24.817,92.7993,35,37.15,274.52
2025-07-15T12:00,31.1,85,63.3,31.74,3084.0,-8.2,Silchar (Barak Valley),24.817,92.7993,35,57.28,210.05
2025-07-15T13:00,29.0,85,11.2,0.0,378.3,-78.3,Silchar (Barak Valley),24.817,92.7993,35,37.15,270.49
2025-07-15T14:00,30.2,84,22.2,0.28,425.2,-153.2,Silchar (Barak Valley),24.817,92.7993,35,37.1,251.61
2025-07-15T15:00,31.3,84,59.9,47.6,3079.7,-18.8,Silchar (Barak Valley),24.817,92.7993,35,58.01,210.05
2025-07-15T16:00,31.6,77,26.9,0.0,913.1,-159.0,Silchar (Barak Valley),24.817,92.7993,35,36.3,274.88
2025-07-15T17:00,28.5,78,38.8,41.54,3089.0,-10.9,Silchar (Barak Valley),24.817,92.7993,35,67.61,225.71
2025-07-15T18:00,29.0,71,5.8,0.27,293.7,-83.5,Silchar (Barak Valley),24.817,92.7993,35,35.04,270.33
2025-07-15T19:00,27.2,78,61.3,62.49,3023.5,-21.9,Silchar (Barak Valley),24.817,92.7993,35,57.59,221.7
2025-07-15T20:00,27.6,89,23.2,0.0,852.6,-72.2,Silchar (Barak Valley),24.817,92.7993,35,37.51,276.2
2025-07-15T21:00,27.0,84,9.4,0.2,846.5,-34.5,Silchar (Barak Valley),24.817,92.7993,35,36.62,264.77
2025-07-15T22:00,27.2,89,55.8,56.59,2912.2,-25.2,Silchar (Barak Valley),24.817,92.7993,35,57.02,218.74
2025-07-15T23:00,23.0,90,18.6,0.0,293.7,-146.6,Silchar (Barak Valley),24.817,92.7993,35,37.09,277.81
2025-07-16T00:00,25.8,96,7.0,0.0,858.3,-134.4,Silchar (Barak Valley),24.817,92.7993,35,38.27,273.52
2025-07-16T01:00,23.9,84,25.6,0.0,1335.3,-61.5,Silchar (Barak Valley),24.817,92.7993,35,36.26,252.21
2025-07-16T02:00,23.7,94,14.6,0.08,560.0,-99.5,Silchar (Barak Valley),24.817,92.7993,35,37.72,266.57
2025-07-16T03:00,25.2,94,7.2,0.32,716.5,-108.3,Silchar (Barak Valley),24.817,92.7993,35,37.95,259.25
2025-07-16T04:00,25.7,89,8.4,0.0,736.1,-50.3,Silchar (Barak Valley),24.817,92.7993,35,37.3,248.51
2025-07-16T05:00,23.7,96,5.0,1.04,704.0,-107.3,Silchar (Barak Valley),24.817,92.7993,35,37.97,267.01
2025-07-16T06:00,24.2,85,23.8,0.0,632.0,-113.1,Silchar (Barak Valley),24.817,92.7993,35,36.51,250.88
2025-07-16T07:00,25.3,94,7.3,0.0,789.0,-103.2,Silchar (Barak Valley),24.817,92.7993,35,37.89,264.59
2025-07-16T08:00,25.8,79,7.6,0.0,1246.8,-102.7,Silchar (Barak Valley),24.817,92.7993,35,35.81,265.03
2025-07-16T09:00,25.8,82,7.9,0.0,785.8,-122.4,Silchar (Barak Valley),24.817,92.7993,35,36.28,261.13
2025-07-16T10:00,28.4,84,20.9,0.0,1101.4,-43.3,Silchar (Barak Valley),24.817,92.7993,35,36.82,261.89
2025-07-16T11:00,28.5,83,22.3,0.0,876.0,-27.6,Silchar (Barak Valley),24.817,92.7993,35,36.8,265.57
2025-07-16T12:00,30.1,74,8.6,0.63,1314.5,-86.0,Silchar (Barak Valley),24.817,92.7993,35,35.55,279.88
2025-07-16T13:00,32.6,84,26.5,0.0,310.9,-59.2,Silchar (Barak Valley),24.817,92.7993,35,37.47,249.63
2025-07-16T14:00,30.8,82,18.7,0.29,553.3,-37.7,Silchar (Barak Valley),24.817,92.7993,35,36.94,255.38
2025-07-16T15:00,30.1,87,11.3,0.0,493.1,-117.1,Silchar (Barak Valley),24.817,92.7993,35,37.5,270.75
2025-07-16T16:00,30.6,82,21.9,0.17,254.2,-146.1,Silchar (Barak Valley),24.817,92.7993,35,36.88,278.37
2025-07-16T17:00,30.7,77,81.2,32.4,2259.5,-28.4,Silchar (Barak Valley),24.817,92.7993,35,57.02,221.88
2025-07-16T18:00,29.8,77,49.6,33.31,2651.0,-38.4,Silchar (Barak Valley),24.817,92.7993,35,59.6,233.27
2025-07-16T19:00,28.6,81,9.9,0.0,1241.2,-148.1,Silchar (Barak Valley),24.817,92.7993,35,36.43,262.09
2025-07-16T20:00,26.4,93,54.5,31.31,2657.6,-44.9,Silchar (Barak Valley),24.817,92.7993,35,45.18,227.86
2025-07-16T21:00,28.3,86,8.2,0.0,681.8,-135.3,Silchar (Barak Valley),24.817,92.7993,35,37.19,253.75
2025-07-16T22:00,25.5,88,21.3,0.0,676.8,-72.2,Silchar (Barak Valley),24.817,92.7993,35,37.1,259.39
2025-07-16T23:00,27.5,95,72.3,15.14,2647.2,-26.4,Silchar (Barak Valley),24.817,92.7993,35,45.8,233.89
2025-07-17T00:00,24.6,86,12.4,0.12,1313.7,-56.8,Silchar (Barak Valley),24.817,92.7993,35,36.69,250.01
2025-07-17T01:00,23.8,94,13.4,0.0,1059.5,-111.2,Silchar (Barak Valley),24.817,92.7993,35,37.75,260.17
2025-07-17T02:00,23.6,95,5.7,0.0,922.2,-145.7,Silchar (Barak Valley),24.817,92.7993,35,37.79,274.16
2025-07-17T03:00,24.2,97,13.4,0.0,1327.2,-27.8,Silchar (Barak Valley),24.817,92.7993,35,38.17,269.54
2025-07-17T04:00,23.1,96,19.6,0.0,1172.3,-58.5,Silchar (Barak Valley),24.817,92.7993,35,37.92,269.69
2025-07-17T05:00,23.7,92,17.1,0.0,221.7,-20.6,Silchar (Barak Valley),24.817,92.7993,35,37.37,264.27
2025-07-17T06:00,25.8,85,21.5,0.0,1109.0,-95.8,Silchar (Barak Valley),24.817,92.7993,35,36.73,263.12
2025-07-17T07:00,24.5,87,7.8,0.0,377.7,-93.3,Silchar (Barak Valley),24.817,92.7993,35,36.83,265.72
2025-07-17T08:00,27.3,91,21.2,0.0,903.6,-46.5,Silchar (Barak Valley),24.817,92.7993,35,37.78,254.63
2025-07-17T09:00,28.5,93,18.7,0.0,1314.6,-135.5,Silchar (Barak Valley),24.817,92.7993,35,38.28,253.94
2025-07-17T10:00,29.2,79,6.3,0.0,857.0,-98.6,Silchar (Barak Valley),24.817,92.7993,35,36.29,276.1
2025-07-17T11:00,29.5,77,11.5,0.0,1291.7,-154.5,Silchar (Barak Valley),24.817,92.7993,35,36.04,250.96
2025-07-17T12:00,27.8,75,20.2,0.0,779.5,-91.8,Silchar (Barak Valley),24.817,92.7993,35,35.42,265.05
2025-07-17T13:00,29.1,77,7.0,0.0,1296.6,-83.7,Silchar (Barak Valley),24.817,92.7993,35,35.91,248.73
2025-07-17T14:00,29.3,83,15.5,0.0,513.2,-134.0,Silchar (Barak Valley),24.817,92.7993,35,36.85,273.69
2025-07-17T15:00,30.5,84,19.9,0.0,1172.6,-29.0,Silchar (Barak Valley),24.817,92.7993,35,37.21,278.37
2025-07-17T16:00,30.9,71,6.4,0.0,662.7,-77.8,Silchar (Barak Valley),24.817,92.7993,35,35.25,265.85
2025-07-17T17:00,29.1,75,11.0,0.0,689.0,-71.9,Silchar (Barak Valley),24.817,92.7993,35,35.65,270.28
2025-07-17T18:00,29.8,75,56.1,17.84,2524.2,-41.1,Silchar (Barak Valley),24.817,92.7993,35,48.62,221.62
2025-07-17T19:00,30.1,79,49.1,16.24,2802.8,-39.6,Silchar (Barak Valley),24.817,92.7993,35,55.42,228.41
2025-07-17T20:00,27.2,83,22.6,0.0,745.2,-129.4,Silchar (Barak Valley),24.817,92.7993,35,36.61,258.63
2025-07-17T21:00,26.5,84,53.2,15.63,2686.7,-24.0,Silchar (Barak Valley),24.817,92.7993,35,50.48,230.43
2025-07-17T22:00,28.0,90,12.6,0.0,886.1,-41.6,Silchar (Barak Valley),24.817,92.7993,35,37.69,274.83
2025-07-17T23:00,24.6,82,11.0,0.22,587.2,-98.0,Silchar (Barak Valley),24.817,92.7993,35,36.04,258.6
2025-07-18T00:00,25.4,89,22.3,0.01,616.7,-80.9,Silchar (Barak Valley),24.817,92.7993,35,37.19,253.26
2025-07-18T01:00,26.0,98,16.3,0.09,1306.9,-144.4,Silchar (Barak Valley),24.817,92.7993,35,38.52,262.71
2025-07-18T02:00,22.7,98,18.6,0.0,771.2,-124.1,Silchar (Barak Valley),24.817,92.7993,35,38.19,246.05
2025-07-18T03:00,22.7,99,14.4,0.0,1012.2,-143.2,Silchar (Barak Valley),24.817,92.7993,35,38.27,276.05
2025-07-18T04:00,23.8,94,7.6,0.0,1248.5,-30.5,Silchar (Barak Valley),24.817,92.7993,35,37.76,264.53
2025-07-18T05:00,24.6,89,6.9,0.0,1018.2,-104.1,Silchar (Barak Valley),24.817,92.7993,35,37.15,275.07
2025-07-18T06:00,24.3,92,25.6,0.0,803.9,-58.2,Silchar (Barak Valley),24.817,92.7993,35,37.43,270.84
2025-07-18T07:00,28.1,99,19.1,0.0,539.0,-60.4,Silchar (Barak Valley),24.817,92.7993,35,39.03,275.24
2025-07-18T08:00,27.2,86,6.0,0.0,1023.0,-50.6,Silchar (Barak Valley),24.817,92.7993,35,36.97,267.92
2025-07-18T09:00,26.5,93,20.5,0.0,379.2,-51.1,Silchar (Barak Valley),24.817,92.7993,35,37.99,275.77
2025-07-18T10:00,26.8,74,16.1,0.0,609.7,-100.4,Silchar (Barak Valley),24.817,92.7993,35,35.23,250.44
2025-07-18T11:00,29.2,85,27.5,0.0,326.7,-34.9,Silchar (Barak Valley),24.817,92.7993,35,37.1,278.74
2025-07-18T12:00,30.5,84,12.2,0.0,986.9,-36.4,Silchar (Barak Valley),24.817,92.7993,35,37.11,255.38
2025-07-18T13:00,32.7,81,25.5,0.24,1308.2,-130.6,Silchar (Barak Valley),24.817,92.7993,35,37.09,274.99
2025-07-18T14:00,31.0,81,24.5,0.51,886.1,-116.5,Silchar (Barak Valley),24.817,92.7993,35,36.78,258.53
2025-07-18T15:00,30.7,81,24.5,0.32,1211.5,-23.4,Silchar (Barak Valley),24.817,92.7993,35,36.76,249.52
2025-07-18T16:00,29.7,82,9.2,0.0,621.7,-108.7,Silchar (Barak Valley),24.817,92.7993,35,36.69,267.2
2025-07-18T17:00,31.0,79,7.1,0.06,420.1,-44.3,Silchar (Barak Valley),24.817,92.7993,35,36.43,261.79
2025-07-18T18:00,31.2,80,13.9,0.04,607.7,-132.6,Silchar (Barak Valley),24.817,92.7993,35,36.66,265.64
2025-07-18T19:00,27.1,77,5.7,0.0,1387.5,-116.7,Silchar (Barak Valley),24.817,92.7993,35,35.67,270.89
2025-07-18T20:00,28.5,87,53.4,28.04,3508.4,-10.4,Silchar (Barak Valley),24.817,92.7993,35,48.3,219.1
2025-07-18T21:00,26.3,91,13.2,2.72,744.7,-46.5,Silchar (Barak Valley),24.817,92.7993,35,37.65,254.72
2025-07-18T22:00,25.0,95,10.0,1.11,609.8,-59.2,Silchar (Barak Valley),24.817,92.7993,35,37.99,246.54
2025-07-18T23:00,27.8,86,19.3,0.0,639.4,-63.5,Silchar (Barak Valley),24.817,92.7993,35,37.12,250.17
2025-07-19T00:00,26.1,84,13.6,0.0,1226.6,-106.8,Silchar (Barak Valley),24.817,92.7993,35,36.57,254.07
2025-07-19T01:00,23.7,94,24.2,0.0,904.0,-141.8,Silchar (Barak Valley),24.817,92.7993,35,37.64,274.95
2025-07-19T02:00,23.9,88,8.9,0.0,1130.7,-32.8,Silchar (Barak Valley),24.817,92.7993,35,36.87,255.52
2025-07-19T03:00,23.6,95,25.8,0.0,476.9,-122.3,Silchar (Barak Valley),24.817,92.7993,35,37.87,259.2
2025-07-19T04:00,22.8,84,19.3,0.0,494.8,-149.4,Silchar (Barak Valley),24.817,92.7993,35,36.1,257.5
2025-07-19T05:00,23.8,96,15.3,0.0,1373.9,-130.2,Silchar (Barak Valley),24.817,92.7993,35,38.06,266.55
2025-07-19T06:00,26.0,92,26.8,0.0,593.9,-136.6,Silchar (Barak Valley),24.817,92.7993,35,37.66,276.26
2025-07-19T07:00,25.1,82,24.4,0.0,892.3,-111.2,Silchar (Barak Valley),24.817,92.7993,35,36.1,245.09
2025-07-19T08:00,27.2,89,5.6,0.0,1209.9,-159.6,Silchar (Barak Valley),24.817,92.7993,35,37.45,272.82
2025-07-19T09:00,26.8,86,26.6,0.06,1357.0,-57.0,Silchar (Barak Valley),24.817,92.7993,35,37.02,278.02
2025-07-19T10:00,27.0,86,58.0,32.17,3462.0,-43.0,Silchar (Barak Valley),24.817,92.7993,35,47.46,230.87
2025-07-19T11:00,30.7,86,8.6,0.0,413.9,-120.9,Silchar (Barak Valley),24.817,92.7993,35,37.45,251.12
2025-07-19T12:00,27.4,71,18.3,0.0,522.2,-137.8,Silchar (Barak Valley),24.817,92.7993,35,34.85,273.28
2025-07-19T13:00,32.7,78,84.9,33.71,2554.3,-23.2,Silchar (Barak Valley),24.817,92.7993,35,57.66,232.83
2025-07-19T14:00,32.1,79,9.8,0.48,718.1,-28.1,Silchar (Barak Valley),24.817,92.7993,35,36.62,266.29
2025-07-19T15:00,31.2,78,24.4,0.9,1008.2,-68.6,Silchar (Barak Valley),24.817,92.7993,35,36.34,271.57
2025-07-19T16:00,30.3,78,24.7,0.0,1332.4,-79.4,Silchar (Barak Valley),24.817,92.7993,35,36.23,276.4
2025-07-19T17:00,30.1,84,26.5,0.0,1395.6,-104.9,Silchar (Barak Valley),24.817,92.7993,35,37.14,272.41
2025-07-19T18:00,30.2,74,17.2,0.42,952.8,-136.0,Silchar (Barak Valley),24.817,92.7993,35,35.65,263.93
2025-07-19T19:00,29.5,81,9.2,0.0,929.8,-92.6,Silchar (Barak Valley),24.817,92.7993,35,36.63,260.62
2025-07-19T20:00,27.3,83,10.5,0.0,680.6,-103.0,Silchar (Barak Valley),24.817,92.7993,35,36.63,266.31
2025-07-19T21:00,27.6,86,14.5,0.52,834.3,-81.9,Silchar (Barak Valley),24.817,92.7993,35,37.0,249.54
2025-07-19T22:00,26.9,84,11.6,0.25,598.7,-157.2,Silchar (Barak Valley),24.817,92.7993,35,36.66,264.06
2025-07-19T23:00,25.4,98,10.5,0.0,376.7,-41.9,Silchar (Barak Valley),24.817,92.7993,35,38.52,264.65
2025-07-20T00:00,27.7,95,26.5,0.25,267.2,-120.4,Silchar (Barak Valley),24.817,92.7993,35,38.38,256.65
2025-07-20T01:00,24.3,99,25.8,0.0,1127.6,-37.3,Silchar (Barak Valley),24.817,92.7993,35,38.5,269.83
2025-07-20T02:00,22.0,95,15.8,0.0,338.7,-99.6,Silchar (Barak Valley),24.817,92.7993,35,37.65,256.88
2025-07-20T03:00,22.8,96,11.3,0.0,1091.8,-51.2,Silchar (Barak Valley),24.817,92.7993,35,37.86,259.29
2025-07-20T04:00,25.0,93,24.1,0.0,254.5,-130.4,Silchar (Barak Valley),24.817,92.7993,35,37.69,264.12
2025-07-20T05:00,23.6,98,22.5,0.0,704.7,-30.8,Silchar (Barak Valley),24.817,92.7993,35,38.3,271.34
2025-07-20T06:00,23.8,93,15.1,0.0,1116.8,-62.9,Silchar (Barak Valley),24.817,92.7993,35,37.6,253.37
2025-07-20T07:00,27.4,89,10.1,0.0,678.9,-23.6,Silchar (Barak Valley),24.817,92.7993,35,37.44,259.05
2025-07-20T08:00,26.8,95,27.7,0.0,906.7,-86.1,Silchar (Barak Valley),24.817,92.7993,35,38.3,271.27
2025-07-20T09:00,26.8,81,7.5,0.0,1018.9,-53.2,Silchar (Barak Valley),24.817,92.7993,35,36.18,246.06
2025-07-20T10:00,25.1,81,16.3,0.0,1366.8,-85.2,Silchar (Barak Valley),24.817,92.7993,35,36.02,268.73
2025-07-20T11:00,30.0,94,9.9,0.0,1230.9,-41.4,Silchar (Barak Valley),24.817,92.7993,35,38.53,248.39
2025-07-20T12:00,30.0,84,24.2,0.41,962.2,-54.1,Silchar (Barak Valley),24.817,92.7993,35,37.06,256.85
2025-07-20T13:00,32.1,69,18.1,0.0,303.0,-126.6,Silchar (Barak Valley),24.817,92.7993,35,35.18,263.07
2025-07-20T14:00,29.6,83,22.3,0.0,826.0,-89.9,Silchar (Barak Valley),24.817,92.7993,35,36.94,262.39
2025-07-20T15:00,30.6,75,69.0,14.92,3696.7,-33.7,Silchar (Barak Valley),24.817,92.7993,35,52.3,232.64
2025-07-20T16:00,31.2,77,25.1,0.22,735.1,-151.0,Silchar (Barak Valley),24.817,92.7993,35,36.21,268.07
2025-07-20T17:00,32.0,90,19.1,0.18,434.4,-77.1,Silchar (Barak Valley),24.817,92.7993,35,38.29,273.21
2025-07-20T18:00,30.3,88,17.8,0.0,442.8,-96.3,Silchar (Barak Valley),24.817,92.7993,35,37.68,260.17
2025-07-20T19:00,28.4,90,16.7,1.64,1000.3,-98.2,Silchar (Barak Valley),24.817,92.7993,35,37.84,264.21
2025-07-20T20:00,30.0,82,12.0,0.0,622.3,-97.7,Silchar (Barak Valley),24.817,92.7993,35,36.76,248.35
2025-07-20T21:00,27.1,85,25.4,1.19,966.2,-73.8,Silchar (Barak Valley),24.817,92.7993,35,36.83,250.99
2025-07-20T22:00,26.8,89,10.1,2.58,268.4,-34.9,Silchar (Barak Valley),24.817,92.7993,35,37.35,254.66
2025-07-20T23:00,26.7,93,26.8,0.0,1075.8,-102.4,Silchar (Barak Valley),24.817,92.7993,35,37.96,271.95
2025-07-21T00:00,26.9,90,55.4,44.4,3059.5,-24.2,Silchar (Barak Valley),24.817,92.7993,35,61.22,217.13
2025-07-21T01:00,24.9,99,84.8,16.55,3762.5,-33.5,Silchar (Barak Valley),24.817,92.7993,35,54.56,233.39
2025-07-21T02:00,27.2,95,19.3,0.0,394.8,-84.0,Silchar (Barak Valley),24.817,92.7993,35,38.29,248.51
2025-07-21T03:00,23.9,99,24.3,0.0,1013.6,-106.7,Silchar (Barak Valley),24.817,92.7993,35,38.44,255.29
2025-07-21T04:00,24.5,90,20.7,0.0,1384.5,-59.7,Silchar (Barak Valley),24.817,92.7993,35,37.17,263.48
2025-07-21T05:00,23.7,90,19.5,0.0,1162.0,-53.1,Silchar (Barak Valley),24.817,92.7993,35,37.18,262.27
2025-07-21T06:00,25.4,92,21.8,0.0,1239.2,-75.0,Silchar (Barak Valley),24.817,92.7993,35,37.63,269.73
2025-07-21T07:00,26.1,88,21.5,0.0,1238.3,-60.6,Silchar (Barak Valley),24.817,92.7993,35,37.11,268.63
2025-07-21T08:00,27.8,92,14.4,0.0,1028.3,-112.1,Silchar (Barak Valley),24.817,92.7993,35,37.98,252.73
2025-07-21T09:00,28.0,90,15.9,0.82,942.1,-32.0,Silchar (Barak Valley),24.817,92.7993,35,37.75,255.77
2025-07-21T10:00,27.8,83,23.0,0.0,340.3,-61.0,Silchar (Barak Valley),24.817,92.7993,35,36.68,253.91
2025-07-21T11:00,29.6,85,26.9,0.82,1004.9,-155.1,Silchar (Barak Valley),24.817,92.7993,35,37.21,279.97
2025-07-21T12:00,29.2,89,14.6,0.0,1235.1,-153.2,Silchar (Barak Valley),24.817,92.7993,35,37.76,260.6
2025-07-21T13:00,31.2,84,13.4,0.16,1130.5,-141.9,Silchar (Barak Valley),24.817,92.7993,35,37.28,260.97
2025-07-21T14:00,30.2,82,53.8,51.84,1848.2,-17.2,Silchar (Barak Valley),24.817,92.7993,35,67.79,213.52
2025-07-21T15:00,29.3,84,65.2,24.18,2703.5,-22.0,Silchar (Barak Valley),24.817,92.7993,35,48.03,223.69
2025-07-21T16:00,29.5,86,19.1,0.0,1285.6,-105.3,Silchar (Barak Valley),24.817,92.7993,35,37.33,246.36
2025-07-21T17:00,29.1,86,14.6,0.0,668.1,-137.3,Silchar (Barak Valley),24.817,92.7993,35,37.28,277.99
2025-07-21T18:00,29.3,81,59.0,16.64,3793.2,-22.6,Silchar (Barak Valley),24.817,92.7993,35,51.53,230.1
2025-07-21T19:00,28.2,86,59.5,33.41,2445.9,-18.3,Silchar (Barak Valley),24.817,92.7993,35,54.74,213.21
2025-07-21T20:00,28.4,83,16.6,0.28,444.4,-105.8,Silchar (Barak Valley),24.817,92.7993,35,36.73,267.54
2025-07-21T21:00,27.0,86,18.9,0.0,403.1,-67.2,Silchar (Barak Valley),24.817,92.7993,35,36.96,250.09
2025-07-21T22:00,27.2,90,10.6,0.0,1064.2,-141.5,Silchar (Barak Valley),24.817,92.7993,35,37.56,272.18
2025-07-21T23:00,26.2,84,27.9,1.18,444.5,-70.6,Silchar (Barak Valley),24.817,92.7993,35,36.54,253.33
2025-07-22T00:00,24.6,92,5.4,0.0,998.0,-44.6,Silchar (Barak Valley),24.817,92.7993,35,37.6,271.55
2025-07-22T01:00,26.0,89,81.7,62.29,4196.7,-7.4,Silchar (Barak Valley),24.817,92.7993,35,57.22,210.61
2025-07-22T02:00,23.0,88,16.2,0.57,686.0,-108.9,Silchar (Barak Valley),24.817,92.7993,35,36.73,261.59
2025-07-22T03:00,25.2,96,45.9,30.99,3026.2,-8.4,Silchar (Barak Valley),24.817,92.7993,35,60.57,210.6
2025-07-22T04:00,24.3,92,20.1,0.0,214.4,-69.3,Silchar (Barak Valley),24.817,92.7993,35,37.45,255.6
2025-07-22T05:00,24.0,93,16.3,0.0,759.8,-83.4,Silchar (Barak Valley),24.817,92.7993,35,37.58,252.94
2025-07-22T06:00,26.4,90,62.2,19.69,2426.5,-15.6,Silchar (Barak Valley),24.817,92.7993,35,57.87,217.47
2025-07-22T07:00,26.4,87,24.6,0.0,773.2,-159.5,Silchar (Barak Valley),24.817,92.7993,35,37.06,270.8
2025-07-22T08:00,25.3,88,56.5,23.02,3349.3,-15.9,Silchar (Barak Valley),24.817,92.7993,35,46.08,227.29
2025-07-22T09:00,27.9,81,37.1,28.01,3022.4,-18.8,Silchar (Barak Valley),24.817,92.7993,35,60.95,216.61
2025-07-22T10:00,28.8,84,22.1,0.0,413.0,-34.6,Silchar (Barak Valley),24.817,92.7993,35,36.91,254.18
2025-07-22T11:00,30.5,90,25.3,0.0,1191.3,-57.5,Silchar (Barak Valley),24.817,92.7993,35,38.11,255.57
2025-07-22T12:00,30.7,76,27.1,0.48,547.0,-159.5,Silchar (Barak Valley),24.817,92.7993,35,36.03,249.93
2025-07-22T13:00,31.3,86,71.7,17.24,2654.6,-35.8,Silchar (Barak Valley),24.817,92.7993,35,57.39,229.32
2025-07-22T14:00,30.4,88,18.1,0.81,1099.6,-92.4,Silchar (Barak Valley),24.817,92.7993,35,37.68,262.91
2025-07-22T15:00,30.7,76,10.3,0.0,808.7,-107.5,Silchar (Barak Valley),24.817,92.7993,35,35.98,274.91
2025-07-22T16:00,30.6,81,73.6,37.14,2318.9,-23.2,Silchar (Barak Valley),24.817,92.7993,35,45.23,203.64
2025-07-22T17:00,28.6,75,10.0,0.0,489.8,-140.9,Silchar (Barak Valley),24.817,92.7993,35,35.52,267.12
2025-07-22T18:00,31.5,75,23.5,0.0,1086.7,-100.7,Silchar (Barak Valley),24.817,92.7993,35,35.99,250.07
2025-07-22T19:00,27.9,83,8.0,0.0,977.1,-57.0,Silchar (Barak Valley),24.817,92.7993,35,36.69,252.43
2025-07-22T20:00,28.7,86,44.9,50.87,1979.3,-25.5,Silchar (Barak Valley),24.817,92.7993,35,67.25,216.34
2025-07-22T21:00,27.1,84,22.6,0.0,335.0,-149.7,Silchar (Barak Valley),24.817,92.7993,35,36.66,261.77
2025-07-22T22:00,26.3,83,66.6,29.7,2502.3,-19.7,Silchar (Barak Valley),24.817,92.7993,35,59.92,223.34
2025-07-22T23:00,26.6,86,23.3,0.0,1209.7,-88.1,Silchar (Barak Valley),24.817,92.7993,35,36.98,279.03
2025-07-23T00:00,24.1,95,22.4,0.0,1315.4,-115.8,Silchar (Barak Valley),24.817,92.7993,35,37.82,266.75
2025-07-23T01:00,25.0,96,15.1,0.11,583.1,-98.1,Silchar (Barak Valley),24.817,92.7993,35,38.12,245.64
2025-07-23T02:00,24.7,95,23.5,0.0,1203.2,-106.4,Silchar (Barak Valley),24.817,92.7993,35,38.02,251.18
2025-07-23T03:00,23.1,91,16.7,0.0,651.4,-41.8,Silchar (Barak Valley),24.817,92.7993,35,37.24,274.23
2025-07-23T04:00,25.2,88,5.7,0.0,219.0,-29.4,Silchar (Barak Valley),24.817,92.7993,35,37.1,250.66
2025-07-23T05:00,26.1,97,26.9,0.0,453.0,-40.9,Silchar (Barak Valley),24.817,92.7993,35,38.51,250.1
2025-07-23T06:00,27.5,98,28.0,0.58,587.0,-80.6,Silchar (Barak Valley),24.817,92.7993,35,38.73,248.13
2025-07-23T07:00,25.4,87,17.6,0.0,805.2,-56.0,Silchar (Barak Valley),24.817,92.7993,35,36.97,252.92
2025-07-23T08:00,26.8,87,5.2,0.0,873.0,-148.8,Silchar (Barak Valley),24.817,92.7993,35,37.13,277.0
2025-07-23T09:00,27.8,80,20.6,0.0,1218.2,-153.6,Silchar (Barak Valley),24.817,92.7993,35,36.22,275.12
2025-07-23T10:00,29.2,86,22.0,0.05,257.0,-105.7,Silchar (Barak Valley),24.817,92.7993,35,37.33,246.27
2025-07-23T11:00,31.3,91,9.5,0.0,826.3,-146.6,Silchar (Barak Valley),24.817,92.7993,35,38.29,276.56
2025-07-23T12:00,30.6,85,9.8,0.0,1130.0,-90.6,Silchar (Barak Valley),24.817,92.7993,35,37.3,277.51
2025-07-23T13:00,31.1,89,9.1,0.0,998.5,-29.6,Silchar (Barak Valley),24.817,92.7993,35,37.97,265.59
2025-07-23T14:00,29.6,78,21.9,0.0,519.3,-130.4,Silchar (Barak Valley),24.817,92.7993,35,36.1,258.08
2025-07-23T15:00,33.5,74,48.3,32.37,3490.1,-33.4,Silchar (Barak Valley),24.817,92.7993,35,56.15,232.32
2025-07-23T16:00,30.3,85,26.5,0.0,1294.5,-57.3,Silchar (Barak Valley),24.817,92.7993,35,37.33,260.93
2025-07-23T17:00,27.3,81,7.7,0.29,670.9,-23.4,Silchar (Barak Valley),24.817,92.7993,35,36.23,277.87
2025-07-23T18:00,27.2,77,7.3,0.67,1100.3,-108.7,Silchar (Barak Valley),24.817,92.7993,35,35.75,277.87
2025-07-23T19:00,29.6,90,9.3,0.0,855.2,-110.2,Silchar (Barak Valley),24.817,92.7993,35,37.93,270.77
2025-07-23T20:00,26.9,82,66.6,33.21,2928.8,-43.1,Silchar (Barak Valley),24.817,92.7993,35,56.35,217.34
2025-07-23T21:00,27.6,82,8.4,0.0,1204.9,-89.4,Silchar (Barak Valley),24.817,92.7993,35,36.4,248.74
2025-07-23T22:00,24.8,90,19.3,0.0,1272.3,-111.0,Silchar (Barak Valley),24.817,92.7993,35,37.3,270.86
2025-07-23T23:00,26.1,84,27.9,0.0,1310.7,-92.1,Silchar (Barak Valley),24.817,92.7993,35,36.61,261.84
2025-07-24T00:00,25.7,95,27.4,0.0,1234.8,-52.6,Silchar (Barak Valley),24.817,92.7993,35,38.12,248.32
2025-07-24T01:00,24.7,87,49.2,28.37,3441.7,-43.0,Silchar (Barak Valley),24.817,92.7993,35,58.64,233.8
2025-07-24T02:00,23.3,94,26.1,0.0,425.1,-132.0,Silchar (Barak Valley),24.817,92.7993,35,37.6,259.6
2025-07-24T03:00,25.1,94,14.1,0.0,364.2,-44.7,Silchar (Barak Valley),24.817,92.7993,35,37.92,261.71
2025-07-24T04:00,23.6,94,14.7,0.0,988.9,-60.6,Silchar (Barak Valley),24.817,92.7993,35,37.66,251.05
2025-07-24T05:00,24.2,87,17.9,0.0,519.2,-127.5,Silchar (Barak Valley),24.817,92.7993,35,36.74,248.45
2025-07-24T06:00,24.4,90,16.4,0.71,1191.2,-106.2,Silchar (Barak Valley),24.817,92.7993,35,37.24,267.6
2025-07-24T07:00,25.4,95,27.8,0.0,486.3,-29.9,Silchar (Barak Valley),24.817,92.7993,35,38.08,250.79
2025-07-24T08:00,28.8,87,7.1,0.0,404.7,-79.6,Silchar (Barak Valley),24.817,92.7993,35,37.38,278.62
2025-07-24T09:00,27.5,81,20.0,0.0,1339.6,-138.4,Silchar (Barak Valley),24.817,92.7993,35,36.37,274.96
2025-07-24T10:00,26.9,82,18.2,0.0,1374.1,-93.6,Silchar (Barak Valley),24.817,92.7993,35,36.44,254.12
2025-07-24T11:00,28.1,77,12.0,0.0,1063.0,-102.2,Silchar (Barak Valley),24.817,92.7993,35,35.87,266.43
2025-07-24T12:00,29.6,72,13.0,0.0,903.5,-67.3,Silchar (Barak Valley),24.817,92.7993,35,35.3,255.36
2025-07-24T13:00,29.6,79,17.1,0.0,1116.3,-139.2,Silchar (Barak Valley),24.817,92.7993,35,36.33,262.7
2025-07-24T14:00,32.0,80,7.5,0.0,705.9,-123.9,Silchar (Barak Valley),24.817,92.7993,35,36.72,259.32
2025-07-24T15:00,29.3,82,20.1,0.0,510.3,-57.0,Silchar (Barak Valley),24.817,92.7993,35,36.68,277.53
2025-07-24T16:00,30.7,81,55.7,34.32,3404.5,-19.6,Silchar (Barak Valley),24.817,92.7993,35,57.93,217.18
2025-07-24T17:00,31.7,82,66.8,28.86,2968.4,-18.8,Silchar (Barak Valley),24.817,92.7993,35,53.49,228.16
2025-07-24T18:00,29.2,81,22.6,0.0,205.2,-57.0,Silchar (Barak Valley),24.817,92.7993,35,36.53,278.11
2025-07-24T19:00,29.8,91,49.7,27.17,3514.7,-12.2,Silchar (Barak Valley),24.817,92.7993,35,45.69,216.8
2025-07-24T20:00,28.4,81,17.6,0.4,995.4,-90.8,Silchar (Barak Valley),24.817,92.7993,35,36.4,273.61
2025-07-24T21:00,27.5,85,7.5,0.0,688.8,-80.9,Silchar (Barak Valley),24.817,92.7993,35,36.86,274.71
2025-07-24T22:00,27.2,94,11.0,0.28,1100.5,-102.8,Silchar (Barak Valley),24.817,92.7993,35,38.25,260.68
2025-07-24T23:00,23.5,88,20.4,0.0,238.0,-52.5,Silchar (Barak Valley),24.817,92.7993,35,36.79,257.1
2025-06-15T00:00,24.6,91,14.4,0.39,996.4,-72.0,Mumbai (Mithi Basin),19.076,72.8777,14,37.43,252.66
2025-06-15T01:00,24.3,92,13.6,0.0,1198.2,-143.4,Mumbai (Mithi Basin),19.076,72.8777,14,37.49,260.16
2025-06-15T02:00,25.4,94,9.0,0.0,1029.6,-129.5,Mumbai (Mithi Basin),19.076,72.8777,14,37.98,258.91
2025-06-15T03:00,23.7,87,9.0,0.0,522.8,-84.9,Mumbai (Mithi Basin),19.076,72.8777,14,36.6,258.52
2025-06-15T04:00,22.6,91,23.7,0.89,949.0,-55.3,Mumbai (Mithi Basin),19.076,72.8777,14,37.09,252.51
2025-06-15T05:00,23.1,86,25.5,0.03,468.8,-100.6,Mumbai (Mithi Basin),19.076,72.8777,14,36.38,275.0
2025-06-15T06:00,25.5,85,17.3,0.0,1278.9,-27.9,Mumbai (Mithi Basin),19.076,72.8777,14,36.56,259.57
2025-06-15T07:00,26.8,89,16.1,0.0,1263.1,-141.4,Mumbai (Mithi Basin),19.076,72.8777,14,37.4,277.89
2025-06-15T08:00,26.9,90,11.5,0.0,700.1,-25.9,Mumbai (Mithi Basin),19.076,72.8777,14,37.49,270.2
2025-06-15T09:00,28.5,83,68.4,14.03,2916.6,-43.3,Mumbai (Mithi Basin),19.076,72.8777,14,51.48,216.57
2025-06-15T10:00,27.0,89,16.7,0.0,1221.8,-60.5,Mumbai (Mithi Basin),19.076,72.8777,14,37.39,268.75
2025-06-15T11:00,27.9,81,10.3,0.0,282.8,-68.6,Mumbai (Mithi Basin),19.076,72.8777,14,36.42,263.3
2025-06-15T12:00,33.2,76,66.4,16.28,2670.8,-16.9,Mumbai (Mithi Basin),19.076,72.8777,14,53.66,230.12
2025-06-15T13:00,32.5,74,70.2,22.24,3643.5,-29.3,Mumbai (Mithi Basin),19.076,72.8777,14,57.79,225.83
2025-06-15T14:00,32.3,81,74.2,12.85,3326.3,-40.1,Mumbai (Mithi Basin),19.076,72.8777,14,48.91,233.1
2025-06-15T15:00,30.7,78,18.6,0.19,793.6,-152.4,Mumbai (Mithi Basin),19.076,72.8777,14,36.23,256.33
2025-06-15T16:00,31.1,80,17.0,0.0,1103.0,-116.8,Mumbai (Mithi Basin),19.076,72.8777,14,36.64,274.35
2025-06-15T17:00,31.0,67,6.1,0.0,620.0,-44.7,Mumbai (Mithi Basin),19.076,72.8777,14,34.71,264.42
2025-06-15T18:00,32.1,80,78.7,24.88,2848.8,-15.1,Mumbai (Mithi Basin),19.076,72.8777,14,46.52,230.96
2025-06-15T19:00,30.2,78,5.1,0.0,1319.2,-107.4,Mumbai (Mithi Basin),19.076,72.8777,14,36.3,272.88
2025-06-15T20:00,29.5,77,8.5,0.07,605.9,-121.7,Mumbai (Mithi Basin),19.076,72.8777,14,35.93,268.02
2025-06-15T21:00,27.8,84,17.3,0.0,1389.2,-154.1,Mumbai (Mithi Basin),19.076,72.8777,14,36.76,273.01
2025-06-15T22:00,28.0,90,5.2,0.4,210.1,-34.3,Mumbai (Mithi Basin),19.076,72.8777,14,37.74,265.9
2025-06-15T23:00,26.6,97,7.7,0.52,672.6,-139.1,Mumbai (Mithi Basin),19.076,72.8777,14,38.47,277.45
2025-06-16T00:00,25.6,90,12.3,0.0,1135.3,-51.2,Mumbai (Mithi Basin),19.076,72.8777,14,37.36,263.59
2025-06-16T01:00,24.1,87,67.7,50.25,2734.6,-24.5,Mumbai (Mithi Basin),19.076,72.8777,14,58.58,219.19
2025-06-16T02:00,24.5,88,13.2,0.0,997.4,-109.7,Mumbai (Mithi Basin),19.076,72.8777,14,36.89,276.97
2025-06-16T03:00,23.2,95,8.3,0.0,1118.2,-141.6,Mumbai (Mithi Basin),19.076,72.8777,14,37.75,257.51
2025-06-16T04:00,24.6,87,26.2,0.0,444.4,-83.3,Mumbai (Mithi Basin),19.076,72.8777,14,36.76,254.5
2025-06-16T05:00,25.1,93,16.8,0.0,209.9,-111.4,Mumbai (Mithi Basin),19.076,72.8777,14,37.68,255.72
2025-06-16T06:00,22.6,90,23.3,0.15,1188.2,-61.9,Mumbai (Mithi Basin),19.076,72.8777,14,36.99,253.97
2025-06-16T07:00,26.0,88,58.0,101.54,3811.6,-9.9,Mumbai (Mithi Basin),19.076,72.8777,14,69.92,201.19
2025-06-16T08:00,25.7,80,18.7,0.0,1218.7,-105.2,Mumbai (Mithi Basin),19.076,72.8777,14,35.85,257.38
2025-06-16T09:00,28.6,83,14.4,0.15,1186.8,-42.4,Mumbai (Mithi Basin),19.076,72.8777,14,36.7,278.05
2025-06-16T10:00,29.7,76,63.1,67.8,4415.3,-5.0,Mumbai (Mithi Basin),19.076,72.8777,14,68.95,201.35
2025-06-16T11:00,29.2,78,8.2,0.64,1059.6,-71.9,Mumbai (Mithi Basin),19.076,72.8777,14,36.12,250.34
2025-06-16T12:00,31.1,83,8.9,0.0,785.9,-84.0,Mumbai (Mithi Basin),19.076,72.8777,14,37.06,252.39
2025-06-16T13:00,31.7,83,12.8,0.0,1185.1,-107.7,Mumbai (Mithi Basin),19.076,72.8777,14,37.17,252.5
2025-06-16T14:00,31.1,78,49.5,27.4,3770.3,-18.1,Mumbai (Mithi Basin),19.076,72.8777,14,58.33,232.66
2025-06-16T15:00,33.3,75,50.6,23.86,2726.2,-25.4,Mumbai (Mithi Basin),19.076,72.8777,14,53.64,224.99
2025-06-16T16:00,30.5,84,65.3,37.29,2001.9,-12.2,Mumbai (Mithi Basin),19.076,72.8777,14,51.79,215.11
2025-06-16T17:00,32.8,76,84.6,13.15,3226.0,-22.3,Mumbai (Mithi Basin),19.076,72.8777,14,46.65,232.68
2025-06-16T18:00,30.2,75,61.1,22.22,2149.9,-34.5,Mumbai (Mithi Basin),19.076,72.8777,14,53.44,216.73
2025-06-16T19:00,28.7,83,69.2,29.63,3455.2,-34.9,Mumbai (Mithi Basin),19.076,72.8777,14,58.41,222.11
2025-06-16T20:00,28.5,84,15.2,0.9,1246.1,-85.2,Mumbai (Mithi Basin),19.076,72.8777,14,36.9,276.74
2025-06-16T21:00,26.7,82,73.3,22.89,3024.9,-23.8,Mumbai (Mithi Basin),19.076,72.8777,14,56.38,231.6
2025-06-16T22:00,28.0,86,63.3,25.96,3327.2,-31.1,Mumbai (Mithi Basin),19.076,72.8777,14,54.96,216.79
2025-06-16T23:00,24.3,89,19.8,0.0,1057.6,-55.4,Mumbai (Mithi Basin),19.076,72.8777,14,37.1,279.47
2025-06-17T00:00,27.2,90,9.1,0.0,923.2,-119.4,Mumbai (Mithi Basin),19.076,72.8777,14,37.56,266.6
2025-06-17T01:00,23.8,92,23.6,0.0,884.3,-37.6,Mumbai (Mithi Basin),19.076,72.8777,14,37.41,253.12
2025-06-17T02:00,25.6,89,23.7,0.0,797.4,-67.7,Mumbai (Mithi Basin),19.076,72.8777,14,37.2,262.33
2025-06-17T03:00,24.5,93,23.1,0.0,443.1,-69.2,Mumbai (Mithi Basin),19.076,72.8777,14,37.68,275.98
2025-06-17T04:00,24.9,91,51.0,34.36,2214.2,-24.9,Mumbai (Mithi Basin),19.076,72.8777,14,52.84,213.21
2025-06-17T05:00,24.3,88,6.5,0.38,260.9,-103.6,Mumbai (Mithi Basin),19.076,72.8777,14,36.93,266.15
2025-06-17T06:00,25.9,88,11.0,0.0,1192.3,-65.2,Mumbai (Mithi Basin),19.076,72.8777,14,37.13,261.96
2025-06-17T07:00,26.4,87,79.6,84.9,3125.0,-5.5,Mumbai (Mithi Basin),19.076,72.8777,14,60.65,204.74
2025-06-17T08:00,25.3,80,36.0,56.11,2737.1,-27.7,Mumbai (Mithi Basin),19.076,72.8777,14,57.37,225.06
2025-06-17T09:00,26.8,81,41.1,55.25,1901.4,-14.8,Mumbai (Mithi Basin),19.076,72.8777,14,55.66,224.4
2025-06-17T10:00,28.3,82,11.0,0.0,298.3,-155.8,Mumbai (Mithi Basin),19.076,72.8777,14,36.63,270.7
2025-06-17T11:00,28.8,75,11.4,0.17,1317.0,-122.4,Mumbai (Mithi Basin),19.076,72.8777,14,35.61,270.47
2025-06-17T12:00,32.0,77,40.0,48.82,3116.4,-29.0,Mumbai (Mithi Basin),19.076,72.8777,14,64.63,216.31
2025-06-17T13:00,31.0,87,23.0,0.0,709.5,-116.8,Mumbai (Mithi Basin),19.076,72.8777,14,37.76,271.13
2025-06-17T14:00,30.4,73,11.2,0.0,230.6,-115.3,Mumbai (Mithi Basin),19.076,72.8777,14,35.46,253.25
2025-06-17T15:00,30.9,75,47.2,50.76,3098.9,-9.1,Mumbai (Mithi Basin),19.076,72.8777,14,53.67,220.04
2025-06-17T16:00,30.8,74,83.9,26.55,2248.6,-41.1,Mumbai (Mithi Basin),19.076,72.8777,14,50.86,230.06
2025-06-17T17:00,30.7,77,26.2,0.0,1331.9,-92.3,Mumbai (Mithi Basin),19.076,72.8777,14,36.22,256.2
2025-06-17T18:00,29.2,76,67.3,58.65,2962.7,-17.9,Mumbai (Mithi Basin),19.076,72.8777,14,54.5,222.5
2025-06-17T19:00,28.8,80,60.6,58.57,2600.2,-9.8,Mumbai (Mithi Basin),19.076,72.8777,14,54.14,223.66
2025-06-17T20:00,29.8,79,27.0,0.0,569.9,-140.3,Mumbai (Mithi Basin),19.076,72.8777,14,36.38,268.31
2025-06-17T21:00,28.2,88,81.2,16.13,3387.4,-24.4,Mumbai (Mithi Basin),19.076,72.8777,14,53.81,226.94
2025-06-17T22:00,26.9,86,27.4,0.57,958.2,-92.8,Mumbai (Mithi Basin),19.076,72.8777,14,36.99,260.76
2025-06-17T23:00,26.3,83,20.8,0.0,1106.5,-91.8,Mumbai (Mithi Basin),19.076,72.8777,14,36.51,279.84
2025-06-18T00:00,25.5,92,27.5,0.0,1076.3,-137.9,Mumbai (Mithi Basin),19.076,72.8777,14,37.7,273.47
2025-06-18T01:00,24.7,86,22.4,0.28,982.7,-29.9,Mumbai (Mithi Basin),19.076,72.8777,14,36.7,279.07
2025-06-18T02:00,25.2,85,78.7,26.97,3287.4,-27.4,Mumbai (Mithi Basin),19.076,72.8777,14,56.06,220.82
2025-06-18T03:00,25.0,91,12.8,0.0,414.3,-27.2,Mumbai (Mithi Basin),19.076,72.8777,14,37.44,274.79
2025-06-18T04:00,22.7,98,15.2,0.0,728.8,-61.7,Mumbai (Mithi Basin),19.076,72.8777,14,38.19,247.08
2025-06-18T05:00,24.8,83,8.7,1.62,1061.3,-87.0,Mumbai (Mithi Basin),19.076,72.8777,14,36.21,275.03
2025-06-18T06:00,23.7,84,19.8,0.0,687.1,-52.3,Mumbai (Mithi Basin),19.076,72.8777,14,36.18,248.44
2025-06-18T07:00,27.0,91,26.6,0.0,1352.9,-39.0,Mumbai (Mithi Basin),19.076,72.8777,14,37.65,258.16
2025-06-18T08:00,28.0,83,23.0,0.0,1097.0,-49.5,Mumbai (Mithi Basin),19.076,72.8777,14,36.72,279.27
2025-06-18T09:00,27.3,86,8.3,0.0,1321.9,-115.9,Mumbai (Mithi Basin),19.076,72.8777,14,37.09,246.35
2025-06-18T10:00,28.8,79,16.6,0.0,797.4,-84.7,Mumbai (Mithi Basin),19.076,72.8777,14,36.16,278.45
2025-06-18T11:00,27.2,81,15.9,0.0,333.7,-158.0,Mumbai (Mithi Basin),19.076,72.8777,14,36.28,250.8
2025-06-18T12:00,31.6,86,14.9,0.0,782.6,-23.2,Mumbai (Mithi Basin),19.076,72.8777,14,37.63,252.76
2025-06-18T13:00,31.9,73,18.1,0.0,1219.9,-136.0,Mumbai (Mithi Basin),19.076,72.8777,14,35.72,265.67
2025-06-18T14:00,32.8,81,26.8,0.0,292.2,-75.6,Mumbai (Mithi Basin),19.076,72.8777,14,37.08,268.13
2025-06-18T15:00,33.3,80,23.3,0.0,325.8,-94.4,Mumbai (Mithi Basin),19.076,72.8777,14,36.91,256.06
2025-06-18T16:00,29.9,71,11.9,0.0,277.7,-81.3,Mumbai (Mithi Basin),19.076,72.8777,14,35.17,247.83
2025-06-18T17:00,32.1,80,15.1,0.0,472.9,-59.9,Mumbai (Mithi Basin),19.076,72.8777,14,36.81,250.19
2025-06-18T18:00,32.3,79,11.8,0.29,846.6,-52.0,Mumbai (Mithi Basin),19.076,72.8777,14,36.71,270.76
2025-06-18T19:00,28.0,81,26.6,0.0,804.5,-153.8,Mumbai (Mithi Basin),19.076,72.8777,14,36.35,250.38
2025-06-18T20:00,28.7,84,23.9,0.0,887.8,-111.9,Mumbai (Mithi Basin),19.076,72.8777,14,36.85,271.24
2025-06-18T21:00,27.6,83,9.4,0.0,937.9,-77.0,Mumbai (Mithi Basin),19.076,72.8777,14,36.56,273.73
2025-06-18T22:00,28.1,86,22.7,0.0,965.0,-64.5,Mumbai (Mithi Basin),19.076,72.8777,14,37.15,267.23
2025-06-18T23:00,23.4,88,6.8,0.95,1189.6,-77.6,Mumbai (Mithi Basin),19.076,72.8777,14,36.85,265.01
2025-06-19T00:00,27.7,92,26.1,0.0,343.1,-112.5,Mumbai (Mithi Basin),19.076,72.8777,14,37.95,265.05
2025-06-19T01:00,24.8,84,76.4,12.43,3109.0,-28.0,Mumbai (Mithi Basin),19.076,72.8777,14,47.65,219.72
2025-06-19T02:00,25.7,96,20.3,0.0,832.2,-151.1,Mumbai (Mithi Basin),19.076,72.8777,14,38.25,279.91
2025-06-19T03:00,24.4,86,23.5,0.0,445.1,-33.9,Mumbai (Mithi Basin),19.076,72.8777,14,36.69,265.26
2025-06-19T04:00,25.2,94,10.4,0.02,865.7,-147.1,Mumbai (Mithi Basin),19.076,72.8777,14,37.88,249.85
2025-06-19T05:00,22.2,90,24.7,0.0,967.4,-73.7,Mumbai (Mithi Basin),19.076,72.8777,14,36.96,261.39
2025-06-19T06:00,25.1,84,26.2,0.16,814.8,-77.4,Mumbai (Mithi Basin),19.076,72.8777,14,36.4,265.1
2025-06-19T07:00,27.3,90,15.3,0.43,394.5,-149.9,Mumbai (Mithi Basin),19.076,72.8777,14,37.55,258.93
2025-06-19T08:00,27.4,82,19.8,0.0,725.4,-108.3,Mumbai (Mithi Basin),19.076,72.8777,14,36.46,270.17
2025-06-19T09:00,26.0,88,6.0,0.0,1080.3,-143.2,Mumbai (Mithi Basin),19.076,72.8777,14,37.19,246.65
2025-06-19T10:00,29.0,79,19.5,0.0,386.4,-96.8,Mumbai (Mithi Basin),19.076,72.8777,14,36.27,279.11
2025-06-19T11:00,28.8,75,16.6,0.21,455.4,-78.0,Mumbai (Mithi Basin),19.076,72.8777,14,35.51,263.47
2025-06-19T12:00,29.4,85,17.2,0.46,1299.7,-50.4,Mumbai (Mithi Basin),19.076,72.8777,14,37.19,258.27
2025-06-19T13:00,29.2,79,8.9,1.1,900.4,-155.9,Mumbai (Mithi Basin),19.076,72.8777,14,36.2,273.63
2025-06-19T14:00,32.1,81,22.0,0.0,988.7,-81.7,Mumbai (Mithi Basin),19.076,72.8777,14,36.9,267.46
2025-06-19T15:00,32.8,74,15.4,0.76,432.9,-137.8,Mumbai (Mithi Basin),19.076,72.8777,14,35.92,268.8
2025-06-19T16:00,33.9,70,9.8,0.0,292.2,-91.3,Mumbai (Mithi Basin),19.076,72.8777,14,35.46,269.74
2025-06-19T17:00,29.3,85,14.9,0.0,1153.2,-89.1,Mumbai (Mithi Basin),19.076,72.8777,14,37.09,262.25
2025-06-19T18:00,31.4,79,15.0,3.24,581.4,-99.4,Mumbai (Mithi Basin),19.076,72.8777,14,36.55,250.21
2025-06-19T19:00,30.7,82,19.8,0.0,384.8,-64.0,Mumbai (Mithi Basin),19.076,72.8777,14,36.97,256.45
2025-06-19T20:00,28.2,85,24.5,0.0,1041.6,-55.2,Mumbai (Mithi Basin),19.076,72.8777,14,36.98,272.45
2025-06-19T21:00,26.9,83,18.8,0.0,1139.5,-103.4,Mumbai (Mithi Basin),19.076,72.8777,14,36.48,276.72
2025-06-19T22:00,25.8,87,17.4,0.0,1259.4,-37.2,Mumbai (Mithi Basin),19.076,72.8777,14,36.92,261.57
2025-06-19T23:00,25.6,94,20.1,0.19,807.0,-56.0,Mumbai (Mithi Basin),19.076,72.8777,14,37.94,274.99
2025-06-20T00:00,25.8,89,5.1,0.0,1057.0,-73.7,Mumbai (Mithi Basin),19.076,72.8777,14,37.23,273.43
2025-06-20T01:00,26.6,94,20.7,0.0,840.6,-108.2,Mumbai (Mithi Basin),19.076,72.8777,14,38.07,250.85
2025-06-20T02:00,25.9,83,24.3,0.0,599.7,-86.4,Mumbai (Mithi Basin),19.076,72.8777,14,36.37,266.75
2025-06-20T03:00,22.6,95,14.5,0.0,785.5,-116.4,Mumbai (Mithi Basin),19.076,72.8777,14,37.75,257.13
2025-06-20T04:00,23.7,85,6.1,0.0,450.9,-39.7,Mumbai (Mithi Basin),19.076,72.8777,14,36.33,257.34
2025-06-20T05:00,26.5,94,24.6,0.0,652.9,-57.7,Mumbai (Mithi Basin),19.076,72.8777,14,38.1,267.06
2025-06-20T06:00,24.6,91,7.2,0.0,1002.9,-24.2,Mumbai (Mithi Basin),19.076,72.8777,14,37.32,249.3
2025-06-20T07:00,26.2,87,24.6,0.03,838.5,-36.1,Mumbai (Mithi Basin),19.076,72.8777,14,37.04,277.73
2025-06-20T08:00,25.0,85,23.1,0.0,1164.5,-146.3,Mumbai (Mithi Basin),19.076,72.8777,14,36.63,263.48
2025-06-20T09:00,29.4,83,7.3,0.07,342.2,-148.1,Mumbai (Mithi Basin),19.076,72.8777,14,36.87,247.14
2025-06-20T10:00,26.6,79,17.3,1.27,1147.1,-25.6,Mumbai (Mithi Basin),19.076,72.8777,14,35.88,245.76
2025-06-20T11:00,27.8,80,12.8,0.0,663.6,-74.3,Mumbai (Mithi Basin),19.076,72.8777,14,36.15,270.7
2025-06-20T12:00,31.7,88,18.5,0.0,749.6,-30.7,Mumbai (Mithi Basin),19.076,72.8777,14,37.91,272.65
2025-06-20T13:00,33.3,83,19.1,0.0,806.4,-110.8,Mumbai (Mithi Basin),19.076,72.8777,14,37.43,275.36
2025-06-20T14:00,31.0,74,20.9,0.0,837.4,-44.1,Mumbai (Mithi Basin),19.076,72.8777,14,35.7,256.75
2025-06-20T15:00,31.4,78,16.3,0.0,1111.1,-20.8,Mumbai (Mithi Basin),19.076,72.8777,14,36.41,268.76
2025-06-20T16:00,32.5,78,15.1,0.0,407.5,-66.8,Mumbai (Mithi Basin),19.076,72.8777,14,36.48,258.7
2025-06-20T17:00,31.4,77,11.4,0.0,1155.5,-109.6,Mumbai (Mithi Basin),19.076,72.8777,14,36.3,251.64
2025-06-20T18:00,30.0,75,27.1,0.41,1263.9,-31.9,Mumbai (Mithi Basin),19.076,72.8777,14,35.76,265.09
2025-06-20T19:00,29.2,82,17.2,0.0,534.8,-123.1,Mumbai (Mithi Basin),19.076,72.8777,14,36.73,272.32
2025-06-20T20:00,27.0,86,17.3,0.0,1213.7,-39.7,Mumbai (Mithi Basin),19.076,72.8777,14,36.92,246.99
2025-06-20T21:00,28.3,81,7.6,0.69,304.7,-153.5,Mumbai (Mithi Basin),19.076,72.8777,14,36.37,274.06
2025-06-20T22:00,27.0,94,15.8,0.0,1245.5,-103.7,Mumbai (Mithi Basin),19.076,72.8777,14,38.1,274.7
2025-06-20T23:00,25.7,94,18.8,0.0,665.2,-99.5,Mumbai (Mithi Basin),19.076,72.8777,14,37.92,278.15
2025-06-21T00:00,24.3,91,55.4,20.23,3122.9,-38.6,Mumbai (Mithi Basin),19.076,72.8777,14,44.96,222.12
2025-06-21T01:00,23.9,85,20.9,0.0,625.1,-63.3,Mumbai (Mithi Basin),19.076,72.8777,14,36.43,271.74
2025-06-21T02:00,25.4,92,22.3,0.0,821.9,-148.6,Mumbai (Mithi Basin),19.076,72.8777,14,37.69,249.32
2025-06-21T03:00,25.6,92,23.6,0.0,1321.6,-153.8,Mumbai (Mithi Basin),19.076,72.8777,14,37.68,253.53
2025-06-21T04:00,24.2,93,26.6,0.0,998.7,-153.8,Mumbai (Mithi Basin),19.076,72.8777,14,37.6,263.09
2025-06-21T05:00,24.4,96,17.9,1.1,973.0,-104.4,Mumbai (Mithi Basin),19.076,72.8777,14,38.15,259.76
2025-06-21T06:00,24.5,88,6.2,0.0,217.6,-97.2,Mumbai (Mithi Basin),19.076,72.8777,14,36.97,262.12
2025-06-21T07:00,27.4,96,8.7,0.44,682.7,-145.2,Mumbai (Mithi Basin),19.076,72.8777,14,38.45,273.46
2025-06-21T08:00,27.1,87,6.4,0.0,427.3,-37.5,Mumbai (Mithi Basin),19.076,72.8777,14,37.21,253.44
2025-06-21T09:00,28.4,83,19.2,0.0,699.5,-84.8,Mumbai (Mithi Basin),19.076,72.8777,14,36.71,250.07
2025-06-21T10:00,29.3,92,8.3,1.04,1050.6,-23.2,Mumbai (Mithi Basin),19.076,72.8777,14,38.16,257.89
2025-06-21T11:00,29.4,84,12.2,0.04,860.5,-61.3,Mumbai (Mithi Basin),19.076,72.8777,14,36.99,251.74
2025-06-21T12:00,29.1,77,25.9,0.0,1296.0,-82.7,Mumbai (Mithi Basin),19.076,72.8777,14,35.96,276.55
2025-06-21T13:00,29.8,78,9.8,1.82,1085.2,-148.3,Mumbai (Mithi Basin),19.076,72.8777,14,36.22,268.8
2025-06-21T14:00,32.7,80,13.0,0.0,1037.1,-92.5,Mumbai (Mithi Basin),19.076,72.8777,14,36.84,248.92
2025-06-21T15:00,30.6,76,11.0,0.08,898.5,-24.7,Mumbai (Mithi Basin),19.076,72.8777,14,36.05,247.16
2025-06-21T16:00,30.9,78,15.5,0.0,1289.2,-96.5,Mumbai (Mithi Basin),19.076,72.8777,14,36.29,266.73
2025-06-21T17:00,29.7,75,21.0,0.0,907.1,-85.9,Mumbai (Mithi Basin),19.076,72.8777,14,35.66,259.11
2025-06-21T18:00,29.0,72,50.6,31.44,2884.8,-32.3,Mumbai (Mithi Basin),19.076,72.8777,14,58.85,231.89
2025-06-21T19:00,28.8,81,7.2,0.14,620.2,-114.1,Mumbai (Mithi Basin),19.076,72.8777,14,36.48,278.26
2025-06-21T20:00,30.9,83,16.7,0.45,1248.6,-96.4,Mumbai (Mithi Basin),19.076,72.8777,14,37.04,247.36
2025-06-21T21:00,28.8,86,21.8,0.06,734.0,-149.4,Mumbai (Mithi Basin),19.076,72.8777,14,37.25,268.04
2025-06-21T22:00,26.5,84,23.0,0.0,651.1,-39.5,Mumbai (Mithi Basin),19.076,72.8777,14,36.54,252.09
2025-06-21T23:00,27.5,82,22.6,0.0,541.8,-26.8,Mumbai (Mithi Basin),19.076,72.8777,14,36.49,261.18
2025-06-22T00:00,25.3,85,10.3,0.39,1064.2,-103.1,Mumbai (Mithi Basin),19.076,72.8777,14,36.62,270.03
2025-06-22T01:00,26.6,94,10.1,0.0,310.6,-48.7,Mumbai (Mithi Basin),19.076,72.8777,14,38.14,272.07
2025-06-22T02:00,27.3,88,16.5,0.0,857.5,-105.1,Mumbai (Mithi Basin),19.076,72.8777,14,37.33,266.64
2025-06-22T03:00,25.7,89,25.0,0.0,840.7,-106.4,Mumbai (Mithi Basin),19.076,72.8777,14,37.28,254.34
2025-06-22T04:00,24.7,90,21.5,0.0,660.6,-104.5,Mumbai (Mithi Basin),19.076,72.8777,14,37.19,257.61
2025-06-22T05:00,25.8,88,16.4,0.04,1197.5,-55.0,Mumbai (Mithi Basin),19.076,72.8777,14,37.05,246.85
2025-06-22T06:00,25.5,86,24.1,0.0,914.1,-55.0,Mumbai (Mithi Basin),19.076,72.8777,14,36.81,259.36
2025-06-22T07:00,24.0,84,16.2,0.0,805.4,-146.7,Mumbai (Mithi Basin),19.076,72.8777,14,36.29,279.05
2025-06-22T08:00,26.3,91,15.0,0.0,582.4,-51.7,Mumbai (Mithi Basin),19.076,72.8777,14,37.68,278.76
2025-06-22T09:00,26.9,87,11.7,1.63,919.6,-43.6,Mumbai (Mithi Basin),19.076,72.8777,14,37.07,246.05
2025-06-22T10:00,28.1,87,12.7,0.0,1203.1,-81.9,Mumbai (Mithi Basin),19.076,72.8777,14,37.31,267.9
2025-06-22T11:00,31.9,86,27.5,1.05,273.3,-39.5,Mumbai (Mithi Basin),19.076,72.8777,14,37.7,255.17
2025-06-22T12:00,31.8,70,6.0,0.0,729.9,-81.6,Mumbai (Mithi Basin),19.076,72.8777,14,35.18,258.54
2025-06-22T13:00,31.6,79,50.6,33.4,2300.5,-31.5,Mumbai (Mithi Basin),19.076,72.8777,14,58.83,226.21
2025-06-22T14:00,32.4,75,67.5,28.59,2520.7,-20.0,Mumbai (Mithi Basin),19.076,72.8777,14,47.77,227.9
2025-06-22T15:00,29.2,81,10.7,0.0,211.0,-115.3,Mumbai (Mithi Basin),19.076,72.8777,14,36.62,249.02
2025-06-22T16:00,32.3,74,21.3,0.0,951.1,-45.8,Mumbai (Mithi Basin),19.076,72.8777,14,35.94,265.93
2025-06-22T17:00,32.2,74,20.3,0.0,1014.8,-105.5,Mumbai (Mithi Basin),19.076,72.8777,14,35.85,247.73
2025-06-22T18:00,27.8,73,16.1,0.0,428.9,-56.2,Mumbai (Mithi Basin),19.076,72.8777,14,35.2,264.02
2025-06-22T19:00,30.7,79,21.8,0.0,877.7,-119.4,Mumbai (Mithi Basin),19.076,72.8777,14,36.49,250.36
2025-06-22T20:00,27.2,86,60.5,33.87,2809.4,-21.3,Mumbai (Mithi Basin),19.076,72.8777,14,45.01,223.92
2025-06-22T21:00,25.6,85,16.1,0.0,752.1,-125.6,Mumbai (Mithi Basin),19.076,72.8777,14,36.65,272.26
2025-06-22T22:00,28.7,81,19.7,0.02,308.3,-138.7,Mumbai (Mithi Basin),19.076,72.8777,14,36.47,256.7
2025-06-22T23:00,25.0,96,25.6,0.0,925.0,-138.7,Mumbai (Mithi Basin),19.076,72.8777,14,38.19,270.12
2025-06-23T00:00,24.7,92,38.8,58.17,2474.3,-20.1,Mumbai (Mithi Basin),19.076,72.8777,14,67.75,211.21
2025-06-23T01:00,26.2,93,85.5,105.6,3320.5,-0.6,Mumbai (Mithi Basin),19.076,72.8777,14,66.69,203.31
2025-06-23T02:00,24.3,96,22.1,0.0,739.4,-85.9,Mumbai (Mithi Basin),19.076,72.8777,14,38.05,256.35
2025-06-23T03:00,24.3,84,13.6,0.0,980.4,-49.7,Mumbai (Mithi Basin),19.076,72.8777,14,36.38,250.77
2025-06-23T04:00,24.4,87,20.0,0.0,420.3,-157.0,Mumbai (Mithi Basin),19.076,72.8777,14,36.79,250.1
2025-06-23T05:00,25.4,93,18.8,0.0,571.0,-73.5,Mumbai (Mithi Basin),19.076,72.8777,14,37.84,262.43
2025-06-23T06:00,25.3,86,6.8,1.77,1213.5,-144.1,Mumbai (Mithi Basin),19.076,72.8777,14,36.7,270.8
2025-06-23T07:00,26.4,86,25.2,0.0,820.9,-55.1,Mumbai (Mithi Basin),19.076,72.8777,14,36.96,271.47
2025-06-23T08:00,26.5,86,5.4,0.0,431.6,-70.1,Mumbai (Mithi Basin),19.076,72.8777,14,36.84,270.31
2025-06-23T09:00,28.4,79,8.3,0.0,601.6,-30.7,Mumbai (Mithi Basin),19.076,72.8777,14,36.12,273.67
2025-06-23T10:00,29.3,81,15.9,0.5,1180.4,-140.7,Mumbai (Mithi Basin),19.076,72.8777,14,36.52,263.56
2025-06-23T11:00,32.0,84,13.4,0.0,720.8,-72.2,Mumbai (Mithi Basin),19.076,72.8777,14,37.4,261.82
2025-06-23T12:00,30.0,82,18.6,0.93,603.5,-55.9,Mumbai (Mithi Basin),19.076,72.8777,14,36.8,257.39
2025-06-23T13:00,30.8,82,15.5,0.0,1230.8,-148.9,Mumbai (Mithi Basin),19.076,72.8777,14,36.97,253.23
2025-06-23T14:00,31.7,81,73.9,33.21,3574.9,-22.5,Mumbai (Mithi Basin),19.076,72.8777,14,54.57,231.04
2025-06-23T15:00,32.7,79,65.2,17.29,2977.2,-18.5,Mumbai (Mithi Basin),19.076,72.8777,14,54.78,229.53
2025-06-23T16:00,30.1,79,11.7,0.0,504.6,-151.6,Mumbai (Mithi Basin),19.076,72.8777,14,36.29,267.01
2025-06-23T17:00,31.2,79,18.9,0.0,1049.4,-103.6,Mumbai (Mithi Basin),19.076,72.8777,14,36.5,266.5
2025-06-23T18:00,27.5,77,8.0,0.0,775.1,-22.8,Mumbai (Mithi Basin),19.076,72.8777,14,35.64,257.19
2025-06-23T19:00,29.4,76,11.8,0.0,227.2,-141.8,Mumbai (Mithi Basin),19.076,72.8777,14,35.88,266.36
2025-06-23T20:00,30.2,79,79.8,18.31,2242.5,-22.5,Mumbai (Mithi Basin),19.076,72.8777,14,45.99,215.45
2025-06-23T21:00,27.1,83,7.9,0.0,415.3,-26.5,Mumbai (Mithi Basin),19.076,72.8777,14,36.51,271.07
2025-06-23T22:00,27.3,83,12.3,0.0,216.2,-81.1,Mumbai (Mithi Basin),19.076,72.8777,14,36.61,255.11
2025-06-23T23:00,25.6,89,23.3,0.0,820.4,-100.2,Mumbai (Mithi Basin),19.076,72.8777,14,37.26,268.31
2025-06-24T00:00,24.5,90,24.9,0.0,738.5,-72.0,Mumbai (Mithi Basin),19.076,72.8777,14,37.19,273.81
2025-06-24T01:00,26.1,91,17.0,0.0,1020.4,-31.7,Mumbai (Mithi Basin),19.076,72.8777,14,37.64,277.54
2025-06-24T02:00,23.4,92,53.3,28.87,2821.1,-32.5,Mumbai (Mithi Basin),19.076,72.8777,14,45.79,231.65
2025-06-24T03:00,24.9,96,9.7,0.0,512.0,-135.0,Mumbai (Mithi Basin),19.076,72.8777,14,38.11,264.33
2025-06-24T04:00,25.0,91,25.6,0.0,717.7,-75.6,Mumbai (Mithi Basin),19.076,72.8777,14,37.4,246.76
2025-06-24T05:00,23.9,94,17.2,0.0,705.3,-133.4,Mumbai (Mithi Basin),19.076,72.8777,14,37.74,257.58
2025-06-24T06:00,25.7,91,17.8,0.52,1335.6,-131.6,Mumbai (Mithi Basin),19.076,72.8777,14,37.54,251.1
2025-06-24T07:00,25.1,92,16.8,0.97,286.5,-34.8,Mumbai (Mithi Basin),19.076,72.8777,14,37.61,253.58
2025-06-24T08:00,27.7,92,44.3,40.9,2380.0,-13.3,Mumbai (Mithi Basin),19.076,72.8777,14,60.52,219.34
2025-06-24T09:00,26.4,86,5.7,0.0,895.9,-94.4,Mumbai (Mithi Basin),19.076,72.8777,14,36.95,274.61
2025-06-24T10:00,28.5,83,19.7,0.12,982.1,-148.6,Mumbai (Mithi Basin),19.076,72.8777,14,36.69,265.58
2025-06-24T11:00,29.4,81,24.4,0.04,559.9,-79.4,Mumbai (Mithi Basin),19.076,72.8777,14,36.56,245.49
2025-06-24T12:00,31.8,77,7.7,0.0,1352.9,-105.0,Mumbai (Mithi Basin),19.076,72.8777,14,36.32,272.93
2025-06-24T13:00,31.2,76,67.1,26.57,3772.5,-14.1,Mumbai (Mithi Basin),19.076,72.8777,14,50.6,221.64
2025-06-24T14:00,32.5,81,24.9,0.0,201.6,-32.5,Mumbai (Mithi Basin),19.076,72.8777,14,36.97,246.23
2025-06-24T15:00,32.2,73,64.1,13.28,3127.7,-22.6,Mumbai (Mithi Basin),19.076,72.8777,14,48.58,226.26
2025-06-24T16:00,32.0,84,15.4,0.33,799.7,-58.8,Mumbai (Mithi Basin),19.076,72.8777,14,37.33,255.16
2025-06-24T17:00,30.6,77,5.5,0.0,709.8,-136.2,Mumbai (Mithi Basin),19.076,72.8777,14,36.19,277.6
2025-06-24T18:00,31.7,90,67.2,58.28,3104.4,-9.9,Mumbai (Mithi Basin),19.076,72.8777,14,63.42,221.75
2025-06-24T19:00,29.3,78,5.5,0.17,577.5,-89.4,Mumbai (Mithi Basin),19.076,72.8777,14,36.07,278.06
2025-06-24T20:00,26.8,83,66.9,26.08,2254.2,-10.9,Mumbai (Mithi Basin),19.076,72.8777,14,51.1,214.87
2025-06-24T21:00,27.7,83,82.3,107.83,3219.0,-6.9,Mumbai (Mithi Basin),19.076,72.8777,14,69.6,211.63
2025-06-24T22:00,27.6,83,13.7,0.09,898.5,-145.1,Mumbai (Mithi Basin),19.076,72.8777,14,36.57,258.21
2025-06-24T23:00,24.3,92,27.0,0.0,930.3,-78.8,Mumbai (Mithi Basin),19.076,72.8777,14,37.46,277.93
2025-06-25T00:00,24.5,85,22.2,0.17,1069.6,-84.0,Mumbai (Mithi Basin),19.076,72.8777,14,36.42,251.65
2025-06-25T01:00,23.5,87,10.4,0.0,936.4,-53.1,Mumbai (Mithi Basin),19.076,72.8777,14,36.7,267.82
2025-06-25T02:00,25.6,93,10.5,0.0,1315.4,-56.0,Mumbai (Mithi Basin),19.076,72.8777,14,37.82,277.48
2025-06-25T03:00,26.5,94,10.6,0.0,490.5,-73.9,Mumbai (Mithi Basin),19.076,72.8777,14,38.08,277.46
2025-06-25T04:00,24.4,85,9.5,0.02,562.5,-115.8,Mumbai (Mithi Basin),19.076,72.8777,14,36.5,260.12
2025-06-25T05:00,25.6,92,15.6,0.0,627.4,-84.2,Mumbai (Mithi Basin),19.076,72.8777,14,37.73,268.8
2025-06-25T06:00,26.1,89,18.4,0.0,647.9,-150.8,Mumbai (Mithi Basin),19.076,72.8777,14,37.37,278.45
2025-06-25T07:00,28.1,84,21.2,0.0,421.3,-87.7,Mumbai (Mithi Basin),19.076,72.8777,14,36.82,251.6
2025-06-25T08:00,26.3,83,10.7,0.3,434.5,-112.5,Mumbai (Mithi Basin),19.076,72.8777,14,36.4,277.09
2025-06-25T09:00,27.7,76,9.4,0.0,1365.6,-46.3,Mumbai (Mithi Basin),19.076,72.8777,14,35.58,274.09
2025-06-25T10:00,28.5,89,23.2,0.0,387.8,-108.5,Mumbai (Mithi Basin),19.076,72.8777,14,37.64,260.72
2025-06-25T11:00,29.8,85,25.4,0.4,259.8,-28.8,Mumbai (Mithi Basin),19.076,72.8777,14,37.16,269.55
2025-06-25T12:00,33.5,74,12.9,0.0,216.1,-91.3,Mumbai (Mithi Basin),19.076,72.8777,14,36.05,261.65
2025-06-25T13:00,31.1,81,8.4,0.0,1041.1,-56.9,Mumbai (Mithi Basin),19.076,72.8777,14,36.82,265.49
2025-06-25T14:00,30.4,75,26.0,0.0,1032.5,-127.5,Mumbai (Mithi Basin),19.076,72.8777,14,35.79,250.34
2025-06-25T15:00,30.1,81,9.2,0.0,622.9,-34.8,Mumbai (Mithi Basin),19.076,72.8777,14,36.62,255.04
2025-06-25T16:00,32.9,75,19.5,0.0,593.4,-105.7,Mumbai (Mithi Basin),19.076,72.8777,14,36.18,276.21
2025-06-25T17:00,30.0,76,5.0,0.19,424.9,-93.3,Mumbai (Mithi Basin),19.076,72.8777,14,35.98,272.88
2025-06-25T18:00,31.3,78,56.3,25.12,2310.9,-10.6,Mumbai (Mithi Basin),19.076,72.8777,14,51.94,227.06
2025-06-25T19:00,28.9,78,8.9,0.0,951.3,-83.8,Mumbai (Mithi Basin),19.076,72.8777,14,36.04,250.06
2025-06-25T20:00,27.4,88,21.0,0.0,826.9,-91.1,Mumbai (Mithi Basin),19.076,72.8777,14,37.3,256.94
2025-06-25T21:00,28.7,88,19.2,0.0,433.3,-78.2,Mumbai (Mithi Basin),19.076,72.8777,14,37.46,252.38
2025-06-25T22:00,26.3,86,7.9,0.64,770.2,-79.0,Mumbai (Mithi Basin),19.076,72.8777,14,36.93,274.93
2025-06-25T23:00,26.8,92,13.6,0.0,1302.9,-44.8,Mumbai (Mithi Basin),19.076,72.8777,14,37.77,255.86
2025-06-26T00:00,26.1,82,15.7,0.0,912.1,-139.9,Mumbai (Mithi Basin),19.076,72.8777,14,36.34,276.67
2025-06-26T01:00,25.6,85,25.5,0.63,921.9,-36.8,Mumbai (Mithi Basin),19.076,72.8777,14,36.67,267.2
2025-06-26T02:00,24.3,93,7.5,0.0,1075.8,-94.2,Mumbai (Mithi Basin),19.076,72.8777,14,37.58,263.24
2025-06-26T03:00,25.3,94,23.3,1.39,763.9,-128.6,Mumbai (Mithi Basin),19.076,72.8777,14,37.91,250.63
2025-06-26T04:00,23.5,92,21.4,0.13,411.9,-126.2,Mumbai (Mithi Basin),19.076,72.8777,14,37.36,265.6
2025-06-26T05:00,22.0,83,8.1,0.0,431.2,-140.5,Mumbai (Mithi Basin),19.076,72.8777,14,35.79,245.59
2025-06-26T06:00,26.4,85,12.4,0.29,954.1,-74.4,Mumbai (Mithi Basin),19.076,72.8777,14,36.71,250.55
2025-06-26T07:00,26.4,89,15.3,0.0,930.4,-147.8,Mumbai (Mithi Basin),19.076,72.8777,14,37.37,253.75
2025-06-26T08:00,26.4,96,17.7,0.0,1035.8,-87.5,Mumbai (Mithi Basin),19.076,72.8777,14,38.29,274.21
2025-06-26T09:00,26.2,89,23.1,0.54,717.6,-92.2,Mumbai (Mithi Basin),19.076,72.8777,14,37.3,279.81
2025-06-26T10:00,26.5,88,26.0,0.07,1389.5,-54.2,Mumbai (Mithi Basin),19.076,72.8777,14,37.28,275.55
2025-06-26T11:00,29.8,82,16.3,0.0,996.5,-115.3,Mumbai (Mithi Basin),19.076,72.8777,14,36.76,272.53
2025-06-26T12:00,32.5,80,16.6,0.0,330.4,-114.5,Mumbai (Mithi Basin),19.076,72.8777,14,36.89,261.9
2025-06-26T13:00,30.9,74,58.3,16.69,2578.1,-35.7,Mumbai (Mithi Basin),19.076,72.8777,14,51.33,232.13
2025-06-26T14:00,30.9,81,19.6,0.0,591.6,-77.7,Mumbai (Mithi Basin),19.076,72.8777,14,36.79,272.78
2025-06-26T15:00,31.5,77,8.5,0.33,1117.0,-45.3,Mumbai (Mithi Basin),19.076,72.8777,14,36.21,277.49
2025-06-26T16:00,34.0,80,10.5,0.07,682.9,-51.0,Mumbai (Mithi Basin),19.076,72.8777,14,37.05,249.76
2025-06-26T17:00,31.9,78,26.5,0.0,206.0,-112.2,Mumbai (Mithi Basin),19.076,72.8777,14,36.47,274.98
2025-06-26T18:00,29.4,80,13.0,0.0,328.8,-69.4,Mumbai (Mithi Basin),19.076,72.8777,14,36.44,270.62
2025-06-26T19:00,29.8,80,78.4,33.57,2325.2,-17.5,Mumbai (Mithi Basin),19.076,72.8777,14,54.14,231.36
2025-06-26T20:00,29.3,83,22.9,0.0,223.8,-72.8,Mumbai (Mithi Basin),19.076,72.8777,14,36.87,248.9
2025-06-26T21:00,26.7,88,12.7,0.0,233.9,-153.8,Mumbai (Mithi Basin),19.076,72.8777,14,37.24,272.5
2025-06-26T22:00,28.0,81,19.3,0.0,389.5,-63.6,Mumbai (Mithi Basin),19.076,72.8777,14,36.34,258.58
2025-06-26T23:00,25.3,82,25.7,0.5,611.4,-151.8,Mumbai (Mithi Basin),19.076,72.8777,14,36.09,270.55
2025-06-27T00:00,23.7,91,13.9,0.0,549.6,-61.7,Mumbai (Mithi Basin),19.076,72.8777,14,37.21,252.81
2025-06-27T01:00,25.1,96,10.9,0.0,1200.5,-141.8,Mumbai (Mithi Basin),19.076,72.8777,14,38.15,267.5
2025-06-27T02:00,24.5,98,16.5,0.0,800.0,-156.7,Mumbai (Mithi Basin),19.076,72.8777,14,38.32,248.82
2025-06-27T03:00,24.5,86,18.7,0.0,1362.9,-68.9,Mumbai (Mithi Basin),19.076,72.8777,14,36.66,277.63
2025-06-27T04:00,23.7,89,22.9,0.0,225.9,-73.4,Mumbai (Mithi Basin),19.076,72.8777,14,36.99,277.64
2025-06-27T05:00,24.2,84,9.4,0.0,647.1,-49.6,Mumbai (Mithi Basin),19.076,72.8777,14,36.33,247.19
2025-06-27T06:00,26.9,87,7.2,0.0,445.3,-156.4,Mumbai (Mithi Basin),19.076,72.8777,14,37.08,247.69
2025-06-27T07:00,26.8,92,26.6,1.54,1366.9,-94.3,Mumbai (Mithi Basin),19.076,72.8777,14,37.83,250.81
2025-06-27T08:00,25.9,86,17.7,0.65,293.1,-139.7,Mumbai (Mithi Basin),19.076,72.8777,14,36.8,278.36
2025-06-27T09:00,25.7,83,18.6,0.0,905.0,-144.5,Mumbai (Mithi Basin),19.076,72.8777,14,36.28,262.37
2025-06-27T10:00,27.8,84,25.6,0.03,972.4,-91.3,Mumbai (Mithi Basin),19.076,72.8777,14,36.85,253.14
2025-06-27T11:00,29.9,77,15.9,0.0,698.1,-93.6,Mumbai (Mithi Basin),19.076,72.8777,14,36.09,258.08
2025-06-27T12:00,29.7,85,13.8,0.0,562.4,-113.8,Mumbai (Mithi Basin),19.076,72.8777,14,37.27,246.76
2025-06-27T13:00,30.2,78,19.1,0.0,305.1,-67.5,Mumbai (Mithi Basin),19.076,72.8777,14,36.22,274.33
2025-06-27T14:00,30.7,76,26.5,0.0,1306.9,-95.8,Mumbai (Mithi Basin),19.076,72.8777,14,35.94,248.65
2025-06-27T15:00,31.4,79,7.1,0.0,722.5,-30.3,Mumbai (Mithi Basin),19.076,72.8777,14,36.6,275.24
2025-06-27T16:00,32.3,81,22.9,0.0,1011.4,-37.0,Mumbai (Mithi Basin),19.076,72.8777,14,36.97,266.79
2025-06-27T17:00,31.0,84,22.5,1.32,1350.7,-155.4,Mumbai (Mithi Basin),19.076,72.8777,14,37.29,250.66
2025-06-27T18:00,30.5,78,7.9,0.09,524.1,-26.7,Mumbai (Mithi Basin),19.076,72.8777,14,36.31,258.98
2025-06-27T19:00,29.5,85,18.8,0.0,329.1,-87.3,Mumbai (Mithi Basin),19.076,72.8777,14,37.15,258.46
2025-06-27T20:00,28.3,83,10.3,0.0,201.2,-37.9,Mumbai (Mithi Basin),19.076,72.8777,14,36.66,263.1
2025-06-27T21:00,29.1,82,5.4,0.0,1135.8,-95.8,Mumbai (Mithi Basin),19.076,72.8777,14,36.61,251.65
2025-06-27T22:00,28.0,83,20.8,0.0,1082.2,-148.7,Mumbai (Mithi Basin),19.076,72.8777,14,36.63,258.02
2025-06-27T23:00,28.7,83,17.7,0.0,279.1,-86.3,Mumbai (Mithi Basin),19.076,72.8777,14,36.79,257.39
2025-06-28T00:00,26.3,86,19.3,0.72,1145.3,-74.4,Mumbai (Mithi Basin),19.076,72.8777,14,36.88,251.13
2025-06-28T01:00,24.4,95,8.4,0.26,676.7,-148.2,Mumbai (Mithi Basin),19.076,72.8777,14,37.86,267.2
2025-06-28T02:00,23.5,94,13.9,0.73,698.1,-121.6,Mumbai (Mithi Basin),19.076,72.8777,14,37.61,252.63
2025-06-28T03:00,25.6,86,11.5,0.0,620.8,-22.0,Mumbai (Mithi Basin),19.076,72.8777,14,36.8,263.56
2025-06-28T04:00,23.6,84,15.3,0.0,1312.2,-149.3,Mumbai (Mithi Basin),19.076,72.8777,14,36.2,258.02
2025-06-28T05:00,25.9,86,26.5,0.02,1032.7,-132.0,Mumbai (Mithi Basin),19.076,72.8777,14,36.78,275.8
2025-06-28T06:00,24.6,86,14.7,0.0,655.4,-144.1,Mumbai (Mithi Basin),19.076,72.8777,14,36.63,260.43
2025-06-28T07:00,26.7,86,63.4,28.1,2214.9,-43.5,Mumbai (Mithi Basin),19.076,72.8777,14,55.84,216.68
2025-06-28T08:00,25.8,91,27.3,0.16,397.0,-37.9,Mumbai (Mithi Basin),19.076,72.8777,14,37.48,261.53
2025-06-28T09:00,28.9,82,25.5,0.0,1289.6,-122.9,Mumbai (Mithi Basin),19.076,72.8777,14,36.63,279.03
2025-06-28T10:00,27.4,89,27.0,0.03,258.3,-134.5,Mumbai (Mithi Basin),19.076,72.8777,14,37.47,266.05
2025-06-28T11:00,30.1,74,27.2,0.0,781.0,-143.1,Mumbai (Mithi Basin),19.076,72.8777,14,35.58,273.51
2025-06-28T12:00,30.2,78,26.3,0.0,230.1,-51.2,Mumbai (Mithi Basin),19.076,72.8777,14,36.18,268.63
2025-06-28T13:00,31.2,81,15.2,0.38,673.9,-63.2,Mumbai (Mithi Basin),19.076,72.8777,14,36.82,262.81
2025-06-28T14:00,30.9,81,10.8,0.0,1211.1,-159.8,Mumbai (Mithi Basin),19.076,72.8777,14,36.72,267.69
2025-06-28T15:00,31.0,76,82.7,30.76,2510.1,-20.1,Mumbai (Mithi Basin),19.076,72.8777,14,58.18,217.75
2025-06-28T16:00,31.6,81,13.5,0.0,694.1,-146.7,Mumbai (Mithi Basin),19.076,72.8777,14,36.9,263.48
2025-06-28T17:00,29.8,81,16.8,0.0,527.5,-148.7,Mumbai (Mithi Basin),19.076,72.8777,14,36.66,272.79
2025-06-28T18:00,29.3,76,10.4,0.0,884.8,-78.1,Mumbai (Mithi Basin),19.076,72.8777,14,35.85,263.04
2025-06-28T19:00,29.3,82,24.0,0.06,1363.5,-78.9,Mumbai (Mithi Basin),19.076,72.8777,14,36.67,263.03
2025-06-28T20:00,28.4,85,6.1,1.58,500.2,-159.0,Mumbai (Mithi Basin),19.076,72.8777,14,37.03,271.2
2025-06-28T21:00,26.8,82,21.0,0.0,970.4,-115.5,Mumbai (Mithi Basin),19.076,72.8777,14,36.3,270.53
2025-06-28T22:00,28.2,93,5.4,0.0,814.8,-35.5,Mumbai (Mithi Basin),19.076,72.8777,14,38.12,247.81
2025-06-28T23:00,25.8,84,24.9,0.0,1274.3,-141.4,Mumbai (Mithi Basin),19.076,72.8777,14,36.55,274.32
2025-06-29T00:00,25.3,90,19.2,0.0,574.1,-32.1,Mumbai (Mithi Basin),19.076,72.8777,14,37.26,277.34
2025-06-29T01:00,23.4,85,21.2,1.58,740.9,-27.3,Mumbai (Mithi Basin),19.076,72.8777,14,36.35,254.52
2025-06-29T02:00,27.1,91,18.5,0.37,574.6,-148.9,Mumbai (Mithi Basin),19.076,72.8777,14,37.76,272.53
2025-06-29T03:00,27.4,87,14.0,0.0,1325.9,-94.8,Mumbai (Mithi Basin),19.076,72.8777,14,37.15,269.34
2025-06-29T04:00,23.7,90,17.9,1.11,252.4,-32.3,Mumbai (Mithi Basin),19.076,72.8777,14,37.05,252.17
2025-06-29T05:00,26.4,84,8.0,0.0,1210.8,-95.1,Mumbai (Mithi Basin),19.076,72.8777,14,36.57,268.11
2025-06-29T06:00,25.4,92,10.1,0.0,710.4,-37.8,Mumbai (Mithi Basin),19.076,72.8777,14,37.66,255.89
2025-06-29T07:00,28.2,89,5.3,0.0,1080.2,-138.1,Mumbai (Mithi Basin),19.076,72.8777,14,37.58,273.2
2025-06-29T08:00,27.5,90,14.6,0.0,334.5,-122.9,Mumbai (Mithi Basin),19.076,72.8777,14,37.66,247.46
2025-06-29T09:00,28.1,83,20.3,0.0,955.3,-152.6,Mumbai (Mithi Basin),19.076,72.8777,14,36.64,254.49
2025-06-29T10:00,25.9,87,76.8,17.92,3236.7,-17.0,Mumbai (Mithi Basin),19.076,72.8777,14,45.42,221.22
2025-06-29T11:00,28.7,81,20.8,0.0,462.8,-115.1,Mumbai (Mithi Basin),19.076,72.8777,14,36.42,266.49
2025-06-29T12:00,30.5,80,27.5,0.0,742.1,-91.9,Mumbai (Mithi Basin),19.076,72.8777,14,36.5,278.21
2025-06-29T13:00,31.3,86,17.9,0.0,849.8,-63.0,Mumbai (Mithi Basin),19.076,72.8777,14,37.63,256.03
2025-06-29T14:00,29.9,75,5.2,1.04,1260.5,-79.7,Mumbai (Mithi Basin),19.076,72.8777,14,35.79,254.57
2025-06-29T15:00,30.6,82,13.9,0.0,1196.7,-133.4,Mumbai (Mithi Basin),19.076,72.8777,14,36.87,277.61
2025-06-29T16:00,32.0,79,69.9,17.34,2248.6,-43.5,Mumbai (Mithi Basin),19.076,72.8777,14,53.52,217.16
2025-06-29T17:00,29.4,76,26.4,0.48,1161.4,-144.0,Mumbai (Mithi Basin),19.076,72.8777,14,35.76,269.49
2025-06-29T18:00,30.6,74,8.0,0.0,854.0,-34.6,Mumbai (Mithi Basin),19.076,72.8777,14,35.65,274.03
2025-06-29T19:00,31.2,76,15.0,0.0,1168.7,-31.7,Mumbai (Mithi Basin),19.076,72.8777,14,36.12,260.57
2025-06-29T20:00,29.4,87,25.1,0.0,892.6,-158.0,Mumbai (Mithi Basin),19.076,72.8777,14,37.41,247.5
2025-06-29T21:00,28.4,91,20.2,0.0,1089.3,-147.4,Mumbai (Mithi Basin),19.076,72.8777,14,37.9,245.32
2025-06-29T22:00,24.7,86,12.1,0.0,1099.7,-43.7,Mumbai (Mithi Basin),19.076,72.8777,14,36.69,271.73
2025-06-29T23:00,25.3,88,24.7,0.5,978.8,-22.6,Mumbai (Mithi Basin),19.076,72.8777,14,37.05,250.33
2025-06-30T00:00,28.0,92,22.7,0.0,1106.0,-76.9,Mumbai (Mithi Basin),19.076,72.8777,14,38.01,256.48
2025-06-30T01:00,24.2,90,11.3,0.0,729.1,-90.6,Mumbai (Mithi Basin),19.076,72.8777,14,37.24,267.2
2025-06-30T02:00,26.1,95,17.8,0.0,341.5,-92.9,Mumbai (Mithi Basin),19.076,72.8777,14,38.2,256.53
2025-06-30T03:00,23.8,92,22.3,0.22,402.1,-116.5,Mumbai (Mithi Basin),19.076,72.8777,14,37.44,271.91
2025-06-30T04:00,24.3,91,22.0,1.04,228.6,-87.4,Mumbai (Mithi Basin),19.076,72.8777,14,37.39,254.46
2025-06-30T05:00,25.6,87,10.8,0.54,529.0,-114.8,Mumbai (Mithi Basin),19.076,72.8777,14,36.98,277.49
2025-06-30T06:00,25.6,85,8.9,0.0,727.9,-133.0,Mumbai (Mithi Basin),19.076,72.8777,14,36.68,278.97
2025-06-30T07:00,26.7,75,19.9,0.0,412.0,-77.8,Mumbai (Mithi Basin),19.076,72.8777,14,35.29,250.81
2025-06-30T08:00,26.1,91,7.6,0.39,789.4,-61.6,Mumbai (Mithi Basin),19.076,72.8777,14,37.56,268.8
2025-06-30T09:00,26.6,83,26.8,0.0,946.6,-28.4,Mumbai (Mithi Basin),19.076,72.8777,14,36.55,271.49
2025-06-30T10:00,27.8,81,27.2,0.0,1141.8,-120.8,Mumbai (Mithi Basin),19.076,72.8777,14,36.3,267.78
2025-06-30T11:00,29.1,73,75.4,17.22,3423.2,-12.4,Mumbai (Mithi Basin),19.076,72.8777,14,50.14,219.71
2025-06-30T12:00,30.2,76,14.9,0.0,1182.7,-148.2,Mumbai (Mithi Basin),19.076,72.8777,14,36.0,270.29
2025-06-30T13:00,32.3,75,23.6,0.0,1249.9,-144.4,Mumbai (Mithi Basin),19.076,72.8777,14,36.04,277.58
2025-06-30T14:00,31.5,74,16.7,0.0,1177.5,-142.9,Mumbai (Mithi Basin),19.076,72.8777,14,35.81,277.37
2025-06-30T15:00,32.1,78,65.1,111.89,2964.5,-9.0,Mumbai (Mithi Basin),19.076,72.8777,14,77.07,201.37
2025-06-30T16:00,31.6,78,19.8,0.02,986.0,-105.7,Mumbai (Mithi Basin),19.076,72.8777,14,36.37,257.6
2025-06-30T17:00,29.7,72,46.3,64.63,3060.7,-22.1,Mumbai (Mithi Basin),19.076,72.8777,14,56.72,224.57
2025-06-30T18:00,30.5,74,14.0,0.0,1170.1,-56.5,Mumbai (Mithi Basin),19.076,72.8777,14,35.64,250.08
2025-06-30T19:00,29.9,75,13.9,0.0,409.1,-93.8,Mumbai (Mithi Basin),19.076,72.8777,14,35.78,266.99
2025-06-30T20:00,29.8,89,18.9,0.99,366.6,-62.5,Mumbai (Mithi Basin),19.076,72.8777,14,37.88,271.48
2025-06-30T21:00,26.7,90,23.3,0.0,565.5,-86.4,Mumbai (Mithi Basin),19.076,72.8777,14,37.53,269.09
2025-06-30T22:00,24.6,82,9.9,0.62,1030.1,-73.5,Mumbai (Mithi Basin),19.076,72.8777,14,36.13,276.28
2025-06-30T23:00,26.5,80,6.2,0.0,763.9,-41.7,Mumbai (Mithi Basin),19.076,72.8777,14,35.96,275.27
2025-07-01T00:00,25.9,89,69.2,35.19,2506.9,-7.3,Mumbai (Mithi Basin),19.076,72.8777,14,55.32,227.52
2025-07-01T01:00,24.8,90,65.4,35.62,2573.4,-14.4,Mumbai (Mithi Basin),19.076,72.8777,14,52.82,211.85
2025-07-01T02:00,24.7,92,5.7,0.0,1336.8,-87.0,Mumbai (Mithi Basin),19.076,72.8777,14,37.54,278.55
2025-07-01T03:00,25.6,94,55.7,29.96,2870.1,-13.0,Mumbai (Mithi Basin),19.076,72.8777,14,53.53,215.2
2025-07-01T04:00,24.1,93,53.6,46.65,2620.1,-24.7,Mumbai (Mithi Basin),19.076,72.8777,14,53.59,217.39
2025-07-01T05:00,24.6,86,13.1,0.0,1155.1,-113.4,Mumbai (Mithi Basin),19.076,72.8777,14,36.6,246.65
2025-07-01T06:00,25.6,90,22.8,0.0,253.8,-157.3,Mumbai (Mithi Basin),19.076,72.8777,14,37.4,278.46
2025-07-01T07:00,24.8,91,14.7,3.73,691.7,-98.1,Mumbai (Mithi Basin),19.076,72.8777,14,37.4,246.96
2025-07-01T08:00,26.9,83,20.4,0.0,1328.7,-159.8,Mumbai (Mithi Basin),19.076,72.8777,14,36.52,260.22
2025-07-01T09:00,27.9,85,24.7,0.0,294.1,-24.1,Mumbai (Mithi Basin),19.076,72.8777,14,36.99,276.25
2025-07-01T10:00,30.9,80,22.8,0.0,792.3,-92.9,Mumbai (Mithi Basin),19.076,72.8777,14,36.62,249.71
2025-07-01T11:00,29.4,88,68.2,59.27,1862.9,-13.2,Mumbai (Mithi Basin),19.076,72.8777,14,65.97,211.62
2025-07-01T12:00,30.7,74,8.1,0.0,1236.4,-31.2,Mumbai (Mithi Basin),19.076,72.8777,14,35.66,250.29
2025-07-01T13:00,32.1,83,48.7,28.01,2936.3,-40.9,Mumbai (Mithi Basin),19.076,72.8777,14,50.43,234.9
2025-07-01T14:00,30.4,71,14.9,0.0,843.2,-158.4,Mumbai (Mithi Basin),19.076,72.8777,14,35.12,269.78
2025-07-01T15:00,33.2,84,10.5,0.0,1349.1,-97.8,Mumbai (Mithi Basin),19.076,72.8777,14,37.56,255.75
2025-07-01T16:00,33.5,73,56.0,18.59,3267.7,-24.7,Mumbai (Mithi Basin),19.076,72.8777,14,52.74,218.01
2025-07-01T17:00,31.0,79,64.3,33.79,3038.1,-15.7,Mumbai (Mithi Basin),19.076,72.8777,14,55.78,226.21
2025-07-01T18:00,29.8,73,24.0,0.0,991.4,-149.1,Mumbai (Mithi Basin),19.076,72.8777,14,35.35,264.77
2025-07-01T19:00,31.7,75,61.0,66.3,4565.8,-6.2,Mumbai (Mithi Basin),19.076,72.8777,14,55.89,201.08
2025-07-01T20:00,29.9,86,80.5,106.13,2894.5,-11.7,Mumbai (Mithi Basin),19.076,72.8777,14,57.94,195.34
2025-07-01T21:00,28.1,88,57.3,21.43,2216.6,-22.8,Mumbai (Mithi Basin),19.076,72.8777,14,59.68,232.94
2025-07-01T22:00,28.8,87,17.5,0.0,1110.3,-38.6,Mumbai (Mithi Basin),19.076,72.8777,14,37.35,248.77
2025-07-01T23:00,27.8,90,6.0,0.0,504.0,-46.4,Mumbai (Mithi Basin),19.076,72.8777,14,37.75,251.5
2025-07-02T00:00,25.1,93,9.7,0.0,480.0,-125.2,Mumbai (Mithi Basin),19.076,72.8777,14,37.77,247.01
2025-07-02T01:00,25.3,87,56.1,27.32,3212.7,-27.6,Mumbai (Mithi Basin),19.076,72.8777,14,54.69,234.63
2025-07-02T02:00,25.3,85,6.2,0.0,1348.9,-107.1,Mumbai (Mithi Basin),19.076,72.8777,14,36.63,249.58
2025-07-02T03:00,24.5,91,12.6,0.0,844.3,-101.1,Mumbai (Mithi Basin),19.076,72.8777,14,37.37,266.37
2025-07-02T04:00,23.0,88,16.1,0.0,1106.5,-91.5,Mumbai (Mithi Basin),19.076,72.8777,14,36.79,258.18
2025-07-02T05:00,23.8,92,9.3,1.34,500.8,-82.3,Mumbai (Mithi Basin),19.076,72.8777,14,37.37,253.27
2025-07-02T06:00,23.9,91,16.5,0.0,451.6,-128.3,Mumbai (Mithi Basin),19.076,72.8777,14,37.31,273.55
2025-07-02T07:00,26.8,85,26.1,0.0,1219.4,-136.6,Mumbai (Mithi Basin),19.076,72.8777,14,36.78,269.27
2025-07-02T08:00,25.7,89,22.4,0.21,635.1,-42.2,Mumbai (Mithi Basin),19.076,72.8777,14,37.19,273.52
2025-07-02T09:00,28.2,87,6.1,0.24,347.7,-35.0,Mumbai (Mithi Basin),19.076,72.8777,14,37.24,265.44
2025-07-02T10:00,31.1,85,13.0,0.0,1175.9,-76.0,Mumbai (Mithi Basin),19.076,72.8777,14,37.41,260.07
2025-07-02T11:00,31.5,79,15.5,0.69,1335.1,-151.0,Mumbai (Mithi Basin),19.076,72.8777,14,36.53,264.08
2025-07-02T12:00,28.3,82,24.7,0.0,1076.7,-153.3,Mumbai (Mithi Basin),19.076,72.8777,14,36.59,276.02
2025-07-02T13:00,29.5,80,26.4,0.0,1089.4,-31.7,Mumbai (Mithi Basin),19.076,72.8777,14,36.44,256.28
2025-07-02T14:00,30.4,80,24.6,0.1,771.7,-60.4,Mumbai (Mithi Basin),19.076,72.8777,14,36.53,271.89
2025-07-02T15:00,30.1,84,14.9,0.0,456.8,-26.0,Mumbai (Mithi Basin),19.076,72.8777,14,37.07,270.87
2025-07-02T16:00,29.4,79,12.8,0.0,362.0,-135.7,Mumbai (Mithi Basin),19.076,72.8777,14,36.2,250.04
2025-07-02T17:00,31.0,76,5.9,0.0,625.8,-120.7,Mumbai (Mithi Basin),19.076,72.8777,14,35.97,270.04
2025-07-02T18:00,31.3,75,11.0,0.0,1150.2,-74.5,Mumbai (Mithi Basin),19.076,72.8777,14,35.87,250.82
2025-07-02T19:00,30.9,85,26.7,0.0,938.9,-23.7,Mumbai (Mithi Basin),19.076,72.8777,14,37.37,267.78
2025-07-02T20:00,28.3,84,9.1,0.0,1004.7,-46.6,Mumbai (Mithi Basin),19.076,72.8777,14,36.82,250.09
2025-07-02T21:00,27.7,91,9.9,0.0,746.7,-56.9,Mumbai (Mithi Basin),19.076,72.8777,14,37.76,276.75
2025-07-02T22:00,27.5,78,62.1,18.68,2752.4,-36.8,Mumbai (Mithi Basin),19.076,72.8777,14,54.04,215.08
2025-07-02T23:00,26.1,91,24.5,0.0,501.9,-151.9,Mumbai (Mithi Basin),19.076,72.8777,14,37.62,262.02
2025-07-03T00:00,26.5,88,6.4,0.32,1266.5,-89.4,Mumbai (Mithi Basin),19.076,72.8777,14,37.19,276.33
2025-07-03T01:00,25.5,89,27.7,0.0,1020.1,-131.6,Mumbai (Mithi Basin),19.076,72.8777,14,37.16,246.66
2025-07-03T02:00,24.2,88,16.4,0.65,381.6,-75.0,Mumbai (Mithi Basin),19.076,72.8777,14,36.84,252.72
2025-07-03T03:00,22.3,95,11.4,0.0,342.7,-154.0,Mumbai (Mithi Basin),19.076,72.8777,14,37.58,254.46
2025-07-03T04:00,26.4,93,15.0,0.0,1381.0,-155.7,Mumbai (Mithi Basin),19.076,72.8777,14,37.96,276.98
2025-07-03T05:00,24.1,85,9.2,0.0,220.7,-47.5,Mumbai (Mithi Basin),19.076,72.8777,14,36.52,245.09
2025-07-03T06:00,26.0,90,26.5,0.0,643.2,-136.3,Mumbai (Mithi Basin),19.076,72.8777,14,37.37,268.62
2025-07-03T07:00,24.0,90,9.2,0.45,347.2,-114.1,Mumbai (Mithi Basin),19.076,72.8777,14,37.2,274.46
2025-07-03T08:00,27.1,87,14.2,0.49,971.4,-92.8,Mumbai (Mithi Basin),19.076,72.8777,14,37.07,245.99
2025-07-03T09:00,28.1,88,13.2,0.43,1314.4,-53.3,Mumbai (Mithi Basin),19.076,72.8777,14,37.5,253.85
2025-07-03T10:00,29.1,81,23.1,0.16,1371.5,-129.7,Mumbai (Mithi Basin),19.076,72.8777,14,36.53,251.04
2025-07-03T11:00,33.4,71,21.2,0.05,1052.2,-53.4,Mumbai (Mithi Basin),19.076,72.8777,14,35.67,252.29
2025-07-03T12:00,29.7,80,20.7,0.0,928.6,-114.7,Mumbai (Mithi Basin),19.076,72.8777,14,36.43,279.87
2025-07-03T13:00,32.0,79,13.2,0.0,272.8,-30.4,Mumbai (Mithi Basin),19.076,72.8777,14,36.58,264.62
2025-07-03T14:00,32.0,78,17.4,0.0,1009.2,-143.3,Mumbai (Mithi Basin),19.076,72.8777,14,36.55,248.3
2025-07-03T15:00,30.7,81,15.8,0.0,859.3,-149.7,Mumbai (Mithi Basin),19.076,72.8777,14,36.81,246.32
2025-07-03T16:00,32.3,69,23.7,0.0,1224.3,-147.6,Mumbai (Mithi Basin),19.076,72.8777,14,35.21,258.94
2025-07-03T17:00,30.8,77,84.6,29.06,3744.5,-29.2,Mumbai (Mithi Basin),19.076,72.8777,14,48.1,232.54
2025-07-03T18:00,31.5,75,10.2,0.62,483.2,-41.9,Mumbai (Mithi Basin),19.076,72.8777,14,36.01,253.22
2025-07-03T19:00,32.1,76,73.0,21.38,3169.6,-21.9,Mumbai (Mithi Basin),19.076,72.8777,14,47.13,219.86
2025-07-03T20:00,29.1,82,26.9,0.0,1185.6,-111.8,Mumbai (Mithi Basin),19.076,72.8777,14,36.66,261.18
2025-07-03T21:00,27.7,87,26.4,0.0,1293.7,-139.5,Mumbai (Mithi Basin),19.076,72.8777,14,37.19,249.55
2025-07-03T22:00,28.4,87,25.6,2.05,534.6,-46.4,Mumbai (Mithi Basin),19.076,72.8777,14,37.32,260.7
2025-07-03T23:00,27.9,85,16.4,1.04,812.7,-21.8,Mumbai (Mithi Basin),19.076,72.8777,14,36.93,251.32
2025-07-04T00:00,24.5,88,21.0,0.0,1054.9,-136.0,Mumbai (Mithi Basin),19.076,72.8777,14,36.98,258.12
2025-07-04T01:00,24.4,94,24.5,0.0,208.0,-78.0,Mumbai (Mithi Basin),19.076,72.8777,14,37.76,254.23
2025-07-04T02:00,25.4,93,6.0,0.0,1088.3,-89.6,Mumbai (Mithi Basin),19.076,72.8777,14,37.86,259.36
2025-07-04T03:00,24.3,89,11.0,0.0,971.9,-135.5,Mumbai (Mithi Basin),19.076,72.8777,14,37.03,261.82
2025-07-04T04:00,23.5,88,48.5,32.71,3570.4,-13.9,Mumbai (Mithi Basin),19.076,72.8777,14,58.66,233.4
2025-07-04T05:00,25.6,83,13.0,0.27,245.2,-61.2,Mumbai (Mithi Basin),19.076,72.8777,14,36.38,258.06
2025-07-04T06:00,26.3,87,17.8,0.0,1394.0,-64.4,Mumbai (Mithi Basin),19.076,72.8777,14,37.07,262.81
2025-07-04T07:00,25.8,81,25.7,0.0,399.2,-27.6,Mumbai (Mithi Basin),19.076,72.8777,14,36.02,248.72
2025-07-04T08:00,27.2,94,19.3,0.0,948.2,-30.5,Mumbai (Mithi Basin),19.076,72.8777,14,38.19,247.45
2025-07-04T09:00,27.3,81,62.3,34.62,2554.5,-41.9,Mumbai (Mithi Basin),19.076,72.8777,14,54.43,232.24
2025-07-04T10:00,27.6,87,12.3,0.0,628.4,-49.8,Mumbai (Mithi Basin),19.076,72.8777,14,37.16,275.33
2025-07-04T11:00,29.2,88,16.5,0.24,415.3,-64.8,Mumbai (Mithi Basin),19.076,72.8777,14,37.54,266.46
2025-07-04T12:00,30.6,80,23.4,0.0,392.3,-131.6,Mumbai (Mithi Basin),19.076,72.8777,14,36.57,248.43
2025-07-04T13:00,29.3,78,15.3,1.08,947.7,-33.8,Mumbai (Mithi Basin),19.076,72.8777,14,36.03,268.31
2025-07-04T14:00,30.9,72,51.6,30.9,2450.9,-37.7,Mumbai (Mithi Basin),19.076,72.8777,14,48.37,228.69
2025-07-04T15:00,31.6,75,25.6,0.0,648.4,-90.8,Mumbai (Mithi Basin),19.076,72.8777,14,35.96,260.49
2025-07-04T16:00,32.8,84,10.5,0.04,982.8,-73.5,Mumbai (Mithi Basin),19.076,72.8777,14,37.43,252.68
2025-07-04T17:00,30.7,79,25.7,0.0,568.2,-57.1,Mumbai (Mithi Basin),19.076,72.8777,14,36.49,262.7
2025-07-04T18:00,29.0,79,26.3,0.0,920.8,-117.7,Mumbai (Mithi Basin),19.076,72.8777,14,36.24,260.13
2025-07-04T19:00,29.5,86,6.7,0.2,830.0,-64.3,Mumbai (Mithi Basin),19.076,72.8777,14,37.29,253.09
2025-07-04T20:00,28.2,85,23.4,0.0,1303.9,-99.3,Mumbai (Mithi Basin),19.076,72.8777,14,37.0,248.4
2025-07-04T21:00,28.7,83,9.9,0.0,812.0,-53.3,Mumbai (Mithi Basin),19.076,72.8777,14,36.83,249.05
2025-07-04T22:00,26.7,87,17.6,0.0,1396.8,-76.3,Mumbai (Mithi Basin),19.076,72.8777,14,37.04,275.24
2025-07-04T23:00,23.0,84,6.0,0.0,529.8,-91.5,Mumbai (Mithi Basin),19.076,72.8777,14,36.2,275.84
2025-07-05T00:00,30.0,87,79.5,19.9,3387.9,-10.0,Mumbai (Mithi Basin),19.076,72.8777,14,45.39,231.04
2025-07-05T01:00,25.1,89,17.9,0.0,561.9,-144.6,Mumbai (Mithi Basin),19.076,72.8777,14,37.2,259.76
2025-07-05T02:00,24.7,93,17.6,0.0,244.5,-79.8,Mumbai (Mithi Basin),19.076,72.8777,14,37.69,250.61
2025-07-05T03:00,22.7,86,21.1,0.0,998.9,-22.9,Mumbai (Mithi Basin),19.076,72.8777,14,36.39,249.42
2025-07-05T04:00,22.9,91,27.6,0.09,416.3,-109.9,Mumbai (Mithi Basin),19.076,72.8777,14,37.15,252.2
2025-07-05T05:00,24.9,89,7.7,0.6,614.1,-88.6,Mumbai (Mithi Basin),19.076,72.8777,14,37.06,250.0
2025-07-05T06:00,25.9,85,14.6,0.0,243.4,-149.1,Mumbai (Mithi Basin),19.076,72.8777,14,36.74,258.16
2025-07-05T07:00,27.1,86,23.0,0.0,613.5,-44.4,Mumbai (Mithi Basin),19.076,72.8777,14,36.99,262.52
2025-07-05T08:00,27.4,77,20.7,0.0,565.1,-120.8,Mumbai (Mithi Basin),19.076,72.8777,14,35.63,268.41
2025-07-05T09:00,26.6,81,9.0,0.43,1265.6,-102.0,Mumbai (Mithi Basin),19.076,72.8777,14,36.18,258.38
2025-07-05T10:00,25.9,78,19.0,0.09,1305.7,-34.9,Mumbai (Mithi Basin),19.076,72.8777,14,35.62,263.35
2025-07-05T11:00,29.6,79,23.2,1.38,772.1,-56.0,Mumbai (Mithi Basin),19.076,72.8777,14,36.36,277.98
2025-07-05T12:00,29.8,70,18.9,0.0,808.1,-74.8,Mumbai (Mithi Basin),19.076,72.8777,14,34.96,269.64
2025-07-05T13:00,29.5,79,9.1,0.0,986.4,-155.6,Mumbai (Mithi Basin),19.076,72.8777,14,36.24,271.36
2025-07-05T14:00,32.4,81,19.1,0.78,410.8,-150.6,Mumbai (Mithi Basin),19.076,72.8777,14,36.96,247.7
2025-07-05T15:00,29.6,77,21.1,0.0,1396.9,-130.9,Mumbai (Mithi Basin),19.076,72.8777,14,35.93,278.96
2025-07-05T16:00,32.1,79,19.1,0.0,426.5,-132.8,Mumbai (Mithi Basin),19.076,72.8777,14,36.68,278.95
2025-07-05T17:00,29.3,76,58.9,15.71,3130.2,-28.8,Mumbai (Mithi Basin),19.076,72.8777,14,59.08,228.9
2025-07-05T18:00,30.6,73,7.5,0.0,751.5,-111.5,Mumbai (Mithi Basin),19.076,72.8777,14,35.51,264.78
2025-07-05T19:00,30.9,81,27.3,0.41,633.9,-114.3,Mumbai (Mithi Basin),19.076,72.8777,14,36.7,267.13
2025-07-05T20:00,28.5,85,16.9,2.05,1009.0,-36.0,Mumbai (Mithi Basin),19.076,72.8777,14,37.03,280.0
2025-07-05T21:00,30.0,79,23.2,0.0,324.0,-100.3,Mumbai (Mithi Basin),19.076,72.8777,14,36.31,265.92
2025-07-05T22:00,29.4,84,25.0,0.0,1307.3,-158.8,Mumbai (Mithi Basin),19.076,72.8777,14,37.01,251.7
2025-07-05T23:00,26.5,87,14.2,0.0,532.7,-154.3,Mumbai (Mithi Basin),19.076,72.8777,14,37.0,269.34
2025-07-06T00:00,26.2,99,24.2,2.32,1017.0,-145.4,Mumbai (Mithi Basin),19.076,72.8777,14,38.76,271.42
2025-07-06T01:00,26.2,91,27.9,0.0,452.3,-130.8,Mumbai (Mithi Basin),19.076,72.8777,14,37.61,256.27
2025-07-06T02:00,25.3,83,26.9,0.0,487.1,-112.2,Mumbai (Mithi Basin),19.076,72.8777,14,36.33,248.82
2025-07-06T03:00,25.0,82,13.5,0.0,255.3,-54.4,Mumbai (Mithi Basin),19.076,72.8777,14,36.18,259.66
2025-07-06T04:00,24.0,94,78.9,21.14,2465.3,-30.9,Mumbai (Mithi Basin),19.076,72.8777,14,52.21,230.15
2025-07-06T05:00,22.9,99,23.3,0.0,1149.8,-97.5,Mumbai (Mithi Basin),19.076,72.8777,14,38.31,279.29
2025-07-06T06:00,23.9,88,19.1,0.0,482.7,-91.7,Mumbai (Mithi Basin),19.076,72.8777,14,36.82,269.88
2025-07-06T07:00,29.1,86,21.2,0.0,326.1,-40.0,Mumbai (Mithi Basin),19.076,72.8777,14,37.29,259.15
2025-07-06T08:00,27.5,88,21.0,0.0,1035.9,-28.5,Mumbai (Mithi Basin),19.076,72.8777,14,37.28,255.15
2025-07-06T09:00,27.7,81,24.2,0.02,304.3,-71.0,Mumbai (Mithi Basin),19.076,72.8777,14,36.31,273.87
2025-07-06T10:00,30.4,72,16.8,0.0,803.2,-142.2,Mumbai (Mithi Basin),19.076,72.8777,14,35.35,276.68
2025-07-06T11:00,28.9,85,17.9,0.0,600.9,-48.9,Mumbai (Mithi Basin),19.076,72.8777,14,37.04,251.39
2025-07-06T12:00,31.2,77,24.8,0.0,472.8,-96.9,Mumbai (Mithi Basin),19.076,72.8777,14,36.15,249.39
2025-07-06T13:00,31.1,82,16.3,0.0,1058.9,-31.6,Mumbai (Mithi Basin),19.076,72.8777,14,36.98,272.03
2025-07-06T14:00,31.9,74,22.5,0.64,441.0,-114.2,Mumbai (Mithi Basin),19.076,72.8777,14,35.89,269.8
2025-07-06T15:00,31.1,77,26.7,0.17,1225.1,-146.0,Mumbai (Mithi Basin),19.076,72.8777,14,36.27,272.36
2025-07-06T16:00,30.2,81,21.4,3.38,738.3,-159.6,Mumbai (Mithi Basin),19.076,72.8777,14,36.63,248.1
2025-07-06T17:00,30.0,82,26.3,1.73,656.1,-43.3,Mumbai (Mithi Basin),19.076,72.8777,14,36.84,279.36
2025-07-06T18:00,29.5,80,72.2,22.72,3127.1,-25.6,Mumbai (Mithi Basin),19.076,72.8777,14,57.85,222.88
2025-07-06T19:00,29.7,81,16.3,0.22,248.7,-84.6,Mumbai (Mithi Basin),19.076,72.8777,14,36.65,264.48
2025-07-06T20:00,27.0,85,9.6,0.01,684.2,-117.2,Mumbai (Mithi Basin),19.076,72.8777,14,36.79,248.04
2025-07-06T21:00,26.5,86,18.0,0.0,428.8,-146.2,Mumbai (Mithi Basin),19.076,72.8777,14,36.89,263.06
2025-07-06T22:00,27.3,81,21.3,0.38,387.5,-93.6,Mumbai (Mithi Basin),19.076,72.8777,14,36.23,264.28
2025-07-06T23:00,26.1,82,19.4,0.0,600.3,-138.6,Mumbai (Mithi Basin),19.076,72.8777,14,36.33,250.11
2025-07-07T00:00,25.8,81,51.8,23.77,2265.6,-18.3,Mumbai (Mithi Basin),19.076,72.8777,14,53.85,219.36
2025-07-07T01:00,24.9,93,27.1,0.0,692.9,-117.8,Mumbai (Mithi Basin),19.076,72.8777,14,37.74,275.12
2025-07-07T02:00,27.6,89,12.4,0.0,520.2,-141.9,Mumbai (Mithi Basin),19.076,72.8777,14,37.54,276.16
2025-07-07T03:00,24.7,94,25.1,0.0,810.0,-120.9,Mumbai (Mithi Basin),19.076,72.8777,14,37.87,273.03
2025-07-07T04:00,24.2,92,11.9,0.0,954.7,-41.2,Mumbai (Mithi Basin),19.076,72.8777,14,37.52,266.44
2025-07-07T05:00,25.1,86,15.4,1.54,1368.0,-141.8,Mumbai (Mithi Basin),19.076,72.8777,14,36.73,256.4
2025-07-07T06:00,26.7,88,6.0,0.0,719.5,-132.1,Mumbai (Mithi Basin),19.076,72.8777,14,37.31,275.49
2025-07-07T07:00,26.2,86,13.6,0.0,666.5,-59.0,Mumbai (Mithi Basin),19.076,72.8777,14,36.83,254.54
2025-07-07T08:00,27.9,83,80.8,48.81,3794.1,-9.4,Mumbai (Mithi Basin),19.076,72.8777,14,74.79,203.24
2025-07-07T09:00,28.5,88,23.6,0.0,592.7,-108.5,Mumbai (Mithi Basin),19.076,72.8777,14,37.43,277.06
2025-07-07T10:00,28.6,92,20.2,0.0,1305.1,-133.7,Mumbai (Mithi Basin),19.076,72.8777,14,38.11,266.35
2025-07-07T11:00,29.9,85,8.4,0.0,561.2,-80.5,Mumbai (Mithi Basin),19.076,72.8777,14,37.23,268.18
2025-07-07T12:00,32.4,79,21.3,0.0,586.6,-78.9,Mumbai (Mithi Basin),19.076,72.8777,14,36.67,277.59
2025-07-07T13:00,31.3,83,43.2,53.93,2450.1,-26.0,Mumbai (Mithi Basin),19.076,72.8777,14,63.99,214.17
2025-07-07T14:00,30.2,84,6.8,0.0,414.7,-77.6,Mumbai (Mithi Basin),19.076,72.8777,14,37.14,273.9
2025-07-07T15:00,31.1,71,27.8,0.0,1125.3,-111.4,Mumbai (Mithi Basin),19.076,72.8777,14,35.36,258.91
2025-07-07T16:00,28.8,82,68.1,14.76,3066.0,-28.9,Mumbai (Mithi Basin),19.076,72.8777,14,47.52,217.35
2025-07-07T17:00,31.2,81,48.8,19.0,3595.2,-30.2,Mumbai (Mithi Basin),19.076,72.8777,14,50.56,234.93
2025-07-07T18:00,32.0,84,77.8,31.41,2943.6,-22.8,Mumbai (Mithi Basin),19.076,72.8777,14,48.01,223.83
2025-07-07T19:00,28.1,84,9.4,0.0,548.7,-111.1,Mumbai (Mithi Basin),19.076,72.8777,14,36.81,269.28
2025-07-07T20:00,29.1,81,57.9,24.0,3514.8,-26.5,Mumbai (Mithi Basin),19.076,72.8777,14,48.23,233.32
2025-07-07T21:00,29.2,92,72.8,25.36,2456.7,-26.9,Mumbai (Mithi Basin),19.076,72.8777,14,55.18,221.16
2025-07-07T22:00,28.4,87,23.5,0.94,1276.7,-116.9,Mumbai (Mithi Basin),19.076,72.8777,14,37.35,257.62
2025-07-07T23:00,27.8,86,8.0,0.28,655.2,-68.8,Mumbai (Mithi Basin),19.076,72.8777,14,37.06,267.9
2025-07-08T00:00,23.3,91,19.4,0.0,798.9,-92.7,Mumbai (Mithi Basin),19.076,72.8777,14,37.2,270.83
2025-07-08T01:00,25.6,94,67.9,62.94,2127.4,-27.8,Mumbai (Mithi Basin),19.076,72.8777,14,64.22,210.38
2025-07-08T02:00,22.8,91,7.9,0.0,212.0,-97.4,Mumbai (Mithi Basin),19.076,72.8777,14,37.16,276.98
2025-07-08T03:00,23.3,93,17.8,0.0,361.6,-91.9,Mumbai (Mithi Basin),19.076,72.8777,14,37.43,248.11
2025-07-08T04:00,25.6,91,75.0,15.07,2488.8,-18.5,Mumbai (Mithi Basin),19.076,72.8777,14,48.09,234.03
2025-07-08T05:00,25.2,87,35.2,26.44,3020.5,-24.0,Mumbai (Mithi Basin),19.076,72.8777,14,50.43,216.94
2025-07-08T06:00,26.4,86,18.5,0.0,632.0,-98.2,Mumbai (Mithi Basin),19.076,72.8777,14,36.85,247.32
2025-07-08T07:00,25.1,82,5.0,0.0,622.8,-51.4,Mumbai (Mithi Basin),19.076,72.8777,14,36.12,255.92
2025-07-08T08:00,28.9,92,35.8,29.73,2185.8,-24.8,Mumbai (Mithi Basin),19.076,72.8777,14,52.32,227.53
2025-07-08T09:00,28.8,83,13.2,0.0,811.0,-50.3,Mumbai (Mithi Basin),19.076,72.8777,14,36.81,270.77
2025-07-08T10:00,30.0,68,7.8,0.0,1332.6,-106.6,Mumbai (Mithi Basin),19.076,72.8777,14,34.75,273.23
2025-07-08T11:00,28.5,82,13.7,0.0,1352.9,-91.7,Mumbai (Mithi Basin),19.076,72.8777,14,36.6,245.26
2025-07-08T12:00,31.9,81,63.0,28.82,2252.4,-14.1,Mumbai (Mithi Basin),19.076,72.8777,14,52.81,228.91
2025-07-08T13:00,30.7,70,37.5,28.12,2521.1,-28.5,Mumbai (Mithi Basin),19.076,72.8777,14,50.29,223.64
2025-07-08T14:00,30.6,74,19.2,1.22,1290.7,-60.3,Mumbai (Mithi Basin),19.076,72.8777,14,35.67,254.43
2025-07-08T15:00,32.3,73,66.1,15.51,3480.4,-14.5,Mumbai (Mithi Basin),19.076,72.8777,14,45.28,234.12
2025-07-08T16:00,32.1,74,25.0,0.0,515.9,-85.0,Mumbai (Mithi Basin),19.076,72.8777,14,35.92,266.86
2025-07-08T17:00,30.0,83,52.9,53.85,3056.2,-19.6,Mumbai (Mithi Basin),19.076,72.8777,14,62.42,210.53
2025-07-08T18:00,32.9,78,57.7,60.51,2965.5,-16.8,Mumbai (Mithi Basin),19.076,72.8777,14,59.06,214.13
2025-07-08T19:00,31.9,79,72.2,23.52,2412.1,-37.7,Mumbai (Mithi Basin),19.076,72.8777,14,58.22,232.22
2025-07-08T20:00,29.6,87,13.6,0.0,822.9,-46.6,Mumbai (Mithi Basin),19.076,72.8777,14,37.45,278.0
2025-07-08T21:00,28.5,86,61.9,31.38,3526.4,-25.4,Mumbai (Mithi Basin),19.076,72.8777,14,56.05,226.62
2025-07-08T22:00,27.5,79,20.0,0.41,1279.1,-128.7,Mumbai (Mithi Basin),19.076,72.8777,14,35.99,271.16
2025-07-08T23:00,24.4,85,51.8,24.07,2877.4,-12.5,Mumbai (Mithi Basin),19.076,72.8777,14,49.02,221.19
2025-07-09T00:00,25.7,90,13.2,1.39,1074.6,-27.1,Mumbai (Mithi Basin),19.076,72.8777,14,37.42,254.64
2025-07-09T01:00,25.1,86,11.6,0.0,784.8,-79.5,Mumbai (Mithi Basin),19.076,72.8777,14,36.77,263.43
2025-07-09T02:00,23.9,99,18.9,0.05,1051.5,-71.8,Mumbai (Mithi Basin),19.076,72.8777,14,38.43,263.98
2025-07-09T03:00,24.1,91,7.0,0.05,1272.9,-66.2,Mumbai (Mithi Basin),19.076,72.8777,14,37.39,260.56
2025-07-09T04:00,21.8,88,18.1,0.0,649.1,-67.3,Mumbai (Mithi Basin),19.076,72.8777,14,36.52,265.49
2025-07-09T05:00,23.7,86,23.4,0.05,809.8,-57.4,Mumbai (Mithi Basin),19.076,72.8777,14,36.46,248.59
2025-07-09T06:00,26.6,93,14.4,2.19,320.2,-130.7,Mumbai (Mithi Basin),19.076,72.8777,14,37.91,272.05
2025-07-09T07:00,28.3,85,6.3,0.22,1377.0,-138.5,Mumbai (Mithi Basin),19.076,72.8777,14,37.01,252.59
2025-07-09T08:00,26.0,87,9.7,0.0,287.6,-120.1,Mumbai (Mithi Basin),19.076,72.8777,14,37.04,260.08
2025-07-09T09:00,28.2,79,8.7,0.0,798.1,-104.9,Mumbai (Mithi Basin),19.076,72.8777,14,36.17,250.7
2025-07-09T10:00,30.2,82,22.3,0.0,1291.0,-109.8,Mumbai (Mithi Basin),19.076,72.8777,14,36.9,257.62
2025-07-09T11:00,29.1,78,18.3,0.02,1154.5,-125.2,Mumbai (Mithi Basin),19.076,72.8777,14,36.08,275.87
2025-07-09T12:00,31.3,78,23.3,0.37,1165.3,-79.3,Mumbai (Mithi Basin),19.076,72.8777,14,36.35,253.38
2025-07-09T13:00,31.0,75,19.8,0.0,1137.1,-128.0,Mumbai (Mithi Basin),19.076,72.8777,14,35.85,275.33
2025-07-09T14:00,32.8,81,9.7,0.0,658.9,-23.8,Mumbai (Mithi Basin),19.076,72.8777,14,37.09,251.88
2025-07-09T15:00,30.0,75,17.6,0.0,809.6,-67.6,Mumbai (Mithi Basin),19.076,72.8777,14,35.75,259.43
2025-07-09T16:00,30.1,77,22.2,0.0,1051.9,-142.5,Mumbai (Mithi Basin),19.076,72.8777,14,36.01,255.56
2025-07-09T17:00,31.4,78,21.4,1.5,1303.5,-106.8,Mumbai (Mithi Basin),19.076,72.8777,14,36.32,257.81
2025-07-09T18:00,30.6,85,13.8,0.0,314.1,-82.1,Mumbai (Mithi Basin),19.076,72.8777,14,37.4,260.14
2025-07-09T19:00,29.7,84,13.9,0.45,1007.7,-104.8,Mumbai (Mithi Basin),19.076,72.8777,14,37.07,260.64
2025-07-09T20:00,29.6,85,6.2,0.0,320.0,-86.0,Mumbai (Mithi Basin),19.076,72.8777,14,37.24,249.56
2025-07-09T21:00,26.9,78,9.5,0.0,1358.1,-104.8,Mumbai (Mithi Basin),19.076,72.8777,14,35.73,267.58
2025-07-09T22:00,25.5,83,9.6,0.69,1310.7,-27.8,Mumbai (Mithi Basin),19.076,72.8777,14,36.36,262.79
2025-07-09T23:00,25.6,92,11.6,0.0,939.6,-157.7,Mumbai (Mithi Basin),19.076,72.8777,14,37.71,263.48
2025-07-10T00:00,25.1,84,26.9,0.0,876.6,-72.5,Mumbai (Mithi Basin),19.076,72.8777,14,36.46,252.5
2025-07-10T01:00,24.6,90,7.4,0.0,271.3,-151.5,Mumbai (Mithi Basin),19.076,72.8777,14,37.3,269.85
2025-07-10T02:00,26.1,87,8.9,0.0,1146.4,-58.3,Mumbai (Mithi Basin),19.076,72.8777,14,36.94,258.4
2025-07-10T03:00,25.4,87,23.5,0.0,229.2,-26.5,Mumbai (Mithi Basin),19.076,72.8777,14,36.94,274.25
2025-07-10T04:00,25.3,97,17.9,0.0,1094.8,-27.2,Mumbai (Mithi Basin),19.076,72.8777,14,38.42,248.1
2025-07-10T05:00,25.2,93,9.7,0.0,869.2,-24.3,Mumbai (Mithi Basin),19.076,72.8777,14,37.75,268.93
2025-07-10T06:00,25.0,93,22.7,2.0,1125.5,-68.4,Mumbai (Mithi Basin),19.076,72.8777,14,37.71,248.12
2025-07-10T07:00,25.2,91,7.2,0.0,348.6,-151.3,Mumbai (Mithi Basin),19.076,72.8777,14,37.42,258.99
2025-07-10T08:00,25.7,85,19.7,0.0,626.3,-64.8,Mumbai (Mithi Basin),19.076,72.8777,14,36.69,279.56
2025-07-10T09:00,27.2,81,18.8,0.0,924.9,-142.2,Mumbai (Mithi Basin),19.076,72.8777,14,36.3,250.11
2025-07-10T10:00,28.9,81,21.3,0.0,821.3,-24.2,Mumbai (Mithi Basin),19.076,72.8777,14,36.43,265.39
2025-07-10T11:00,28.4,80,24.9,0.0,454.0,-109.1,Mumbai (Mithi Basin),19.076,72.8777,14,36.24,261.41
2025-07-10T12:00,30.7,86,12.2,0.0,833.7,-84.4,Mumbai (Mithi Basin),19.076,72.8777,14,37.51,264.17
2025-07-10T13:00,30.8,73,21.9,0.0,247.2,-71.8,Mumbai (Mithi Basin),19.076,72.8777,14,35.49,248.06
2025-07-10T14:00,30.9,75,76.7,33.71,3791.1,-39.8,Mumbai (Mithi Basin),19.076,72.8777,14,59.59,232.33
2025-07-10T15:00,32.9,73,23.1,1.14,1140.0,-49.8,Mumbai (Mithi Basin),19.076,72.8777,14,35.89,270.65
2025-07-10T16:00,28.4,81,19.8,0.0,853.7,-21.5,Mumbai (Mithi Basin),19.076,72.8777,14,36.51,250.11
2025-07-10T17:00,30.6,85,19.0,0.0,492.2,-68.2,Mumbai (Mithi Basin),19.076,72.8777,14,37.38,270.07
2025-07-10T18:00,27.7,80,28.0,0.0,515.2,-114.0,Mumbai (Mithi Basin),19.076,72.8777,14,36.23,249.32
2025-07-10T19:00,30.0,82,13.3,0.03,849.6,-32.0,Mumbai (Mithi Basin),19.076,72.8777,14,36.82,245.94
2025-07-10T20:00,29.8,83,26.1,0.0,986.5,-57.2,Mumbai (Mithi Basin),19.076,72.8777,14,36.86,247.71
2025-07-10T21:00,26.4,86,6.2,0.36,1017.8,-50.3,Mumbai (Mithi Basin),19.076,72.8777,14,36.86,261.65
2025-07-10T22:00,25.6,89,12.6,0.0,662.8,-68.7,Mumbai (Mithi Basin),19.076,72.8777,14,37.22,277.01
2025-07-10T23:00,24.2,89,17.4,0.0,1346.6,-31.9,Mumbai (Mithi Basin),19.076,72.8777,14,37.07,271.99
2025-07-11T00:00,25.6,91,56.9,20.5,2357.6,-10.9,Mumbai (Mithi Basin),19.076,72.8777,14,46.19,221.44
2025-07-11T01:00,24.6,93,27.0,0.0,1103.0,-138.3,Mumbai (Mithi Basin),19.076,72.8777,14,37.69,262.08
2025-07-11T02:00,24.3,84,26.3,0.0,440.5,-157.5,Mumbai (Mithi Basin),19.076,72.8777,14,36.27,259.58
2025-07-11T03:00,24.1,91,26.5,0.03,572.0,-122.8,Mumbai (Mithi Basin),19.076,72.8777,14,37.31,279.11
2025-07-11T04:00,23.5,92,8.2,0.0,1202.5,-75.9,Mumbai (Mithi Basin),19.076,72.8777,14,37.37,270.59
2025-07-11T05:00,26.3,92,19.2,0.14,724.5,-50.6,Mumbai (Mithi Basin),19.076,72.8777,14,37.73,254.9
2025-07-11T06:00,25.9,88,16.0,0.0,209.8,-118.0,Mumbai (Mithi Basin),19.076,72.8777,14,37.16,255.19
2025-07-11T07:00,24.8,88,21.2,0.0,1131.5,-135.3,Mumbai (Mithi Basin),19.076,72.8777,14,37.0,247.57
2025-07-11T08:00,26.3,83,26.3,0.0,930.7,-21.4,Mumbai (Mithi Basin),19.076,72.8777,14,36.43,268.33
2025-07-11T09:00,27.0,77,6.1,0.86,951.0,-47.4,Mumbai (Mithi Basin),19.076,72.8777,14,35.63,267.77
2025-07-11T10:00,30.6,86,16.9,1.29,702.1,-24.8,Mumbai (Mithi Basin),19.076,72.8777,14,37.5,256.95
2025-07-11T11:00,30.6,76,20.2,0.0,1075.7,-153.5,Mumbai (Mithi Basin),19.076,72.8777,14,35.98,274.77
2025-07-11T12:00,30.3,78,15.9,0.68,1107.9,-133.2,Mumbai (Mithi Basin),19.076,72.8777,14,36.31,252.62
2025-07-11T13:00,33.1,75,14.9,0.64,588.5,-105.3,Mumbai (Mithi Basin),19.076,72.8777,14,36.16,266.43
2025-07-11T14:00,33.1,84,12.1,0.0,354.7,-125.9,Mumbai (Mithi Basin),19.076,72.8777,14,37.47,266.07
2025-07-11T15:00,31.2,77,12.1,0.63,729.7,-39.7,Mumbai (Mithi Basin),19.076,72.8777,14,36.17,268.45
2025-07-11T16:00,30.9,76,14.6,0.0,632.0,-151.9,Mumbai (Mithi Basin),19.076,72.8777,14,36.02,278.18
2025-07-11T17:00,30.6,81,21.7,0.0,1392.9,-30.1,Mumbai (Mithi Basin),19.076,72.8777,14,36.72,264.37
2025-07-11T18:00,29.3,88,11.9,0.0,762.1,-89.7,Mumbai (Mithi Basin),19.076,72.8777,14,37.55,254.6
2025-07-11T19:00,31.8,82,14.4,0.0,658.2,-42.7,Mumbai (Mithi Basin),19.076,72.8777,14,37.07,249.98
2025-07-11T20:00,27.7,81,14.7,0.0,1309.5,-109.0,Mumbai (Mithi Basin),19.076,72.8777,14,36.29,259.72
2025-07-11T21:00,29.0,87,16.5,0.0,969.0,-90.5,Mumbai (Mithi Basin),19.076,72.8777,14,37.38,247.06
2025-07-11T22:00,27.9,80,11.4,0.0,664.9,-97.2,Mumbai (Mithi Basin),19.076,72.8777,14,36.15,251.47
2025-07-11T23:00,25.9,88,18.1,0.79,1398.5,-132.7,Mumbai (Mithi Basin),19.076,72.8777,14,37.08,273.38
2025-07-12T00:00,27.7,97,23.8,0.0,932.6,-96.1,Mumbai (Mithi Basin),19.076,72.8777,14,38.67,265.31
2025-07-12T01:00,23.1,91,27.9,0.0,500.7,-150.5,Mumbai (Mithi Basin),19.076,72.8777,14,37.13,248.02
2025-07-12T02:00,24.5,91,8.2,0.0,572.9,-76.7,Mumbai (Mithi Basin),19.076,72.8777,14,37.4,272.38
2025-07-12T03:00,23.9,91,27.9,1.27,712.0,-74.2,Mumbai (Mithi Basin),19.076,72.8777,14,37.3,267.71
2025-07-12T04:00,25.8,89,8.1,0.0,524.7,-73.8,Mumbai (Mithi Basin),19.076,72.8777,14,37.28,253.75
2025-07-12T05:00,25.4,91,16.5,0.37,1092.6,-157.9,Mumbai (Mithi Basin),19.076,72.8777,14,37.54,251.82
2025-07-12T06:00,23.5,92,11.2,0.2,1179.1,-80.2,Mumbai (Mithi Basin),19.076,72.8777,14,37.38,276.95
2025-07-12T07:00,27.7,86,24.8,0.22,704.7,-92.2,Mumbai (Mithi Basin),19.076,72.8777,14,37.11,259.64
2025-07-12T08:00,27.7,76,9.2,0.3,717.2,-27.8,Mumbai (Mithi Basin),19.076,72.8777,14,35.57,271.19
2025-07-12T09:00,26.8,86,10.5,0.0,1182.0,-45.2,Mumbai (Mithi Basin),19.076,72.8777,14,36.93,263.94
2025-07-12T10:00,28.5,91,17.0,0.4,403.0,-101.3,Mumbai (Mithi Basin),19.076,72.8777,14,37.88,260.92
2025-07-12T11:00,28.2,79,23.4,0.0,764.5,-107.2,Mumbai (Mithi Basin),19.076,72.8777,14,36.11,257.86
2025-07-12T12:00,30.3,73,9.7,0.01,906.5,-56.4,Mumbai (Mithi Basin),19.076,72.8777,14,35.51,248.15
2025-07-12T13:00,31.2,81,59.1,17.22,3622.0,-38.2,Mumbai (Mithi Basin),19.076,72.8777,14,48.45,218.4
2025-07-12T14:00,31.0,84,23.2,0.0,901.9,-103.8,Mumbai (Mithi Basin),19.076,72.8777,14,37.27,251.63
2025-07-12T15:00,31.0,79,20.6,0.08,1396.4,-59.5,Mumbai (Mithi Basin),19.076,72.8777,14,36.5,258.79
2025-07-12T16:00,29.4,84,20.6,0.0,1301.9,-79.2,Mumbai (Mithi Basin),19.076,72.8777,14,37.04,255.04
2025-07-12T17:00,31.4,81,12.6,0.0,1276.3,-102.6,Mumbai (Mithi Basin),19.076,72.8777,14,36.87,248.32
2025-07-12T18:00,28.2,82,27.7,0.04,992.4,-126.6,Mumbai (Mithi Basin),19.076,72.8777,14,36.53,261.82
2025-07-12T19:00,29.8,78,14.8,0.0,560.7,-45.8,Mumbai (Mithi Basin),19.076,72.8777,14,36.24,255.92
2025-07-12T20:00,26.7,83,70.0,30.63,2744.3,-13.6,Mumbai (Mithi Basin),19.076,72.8777,14,50.88,231.55
2025-07-12T21:00,28.1,84,19.1,0.0,679.3,-25.5,Mumbai (Mithi Basin),19.076,72.8777,14,36.82,257.95
2025-07-12T22:00,27.1,86,5.5,0.0,274.5,-62.7,Mumbai (Mithi Basin),19.076,72.8777,14,36.93,272.0
2025-07-12T23:00,26.7,86,21.4,0.0,1333.2,-80.2,Mumbai (Mithi Basin),19.076,72.8777,14,37.02,246.68
2025-07-13T00:00,26.6,90,14.7,0.03,982.2,-117.0,Mumbai (Mithi Basin),19.076,72.8777,14,37.49,271.85
2025-07-13T01:00,26.2,85,7.6,0.0,963.6,-99.3,Mumbai (Mithi Basin),19.076,72.8777,14,36.71,256.14
2025-07-13T02:00,22.7,94,7.9,0.1,461.4,-26.1,Mumbai (Mithi Basin),19.076,72.8777,14,37.56,263.86
2025-07-13T03:00,24.4,87,53.6,13.95,3466.0,-20.1,Mumbai (Mithi Basin),19.076,72.8777,14,47.92,234.9
2025-07-13T04:00,27.0,90,22.6,2.86,686.1,-126.5,Mumbai (Mithi Basin),19.076,72.8777,14,37.54,278.44
2025-07-13T05:00,25.1,91,12.0,0.0,367.4,-84.6,Mumbai (Mithi Basin),19.076,72.8777,14,37.51,262.62
2025-07-13T06:00,24.5,85,16.6,0.0,533.0,-107.5,Mumbai (Mithi Basin),19.076,72.8777,14,36.53,256.29
2025-07-13T07:00,26.2,80,19.0,0.09,1078.5,-143.7,Mumbai (Mithi Basin),19.076,72.8777,14,35.93,262.81
2025-07-13T08:00,26.6,84,18.0,0.0,631.1,-63.3,Mumbai (Mithi Basin),19.076,72.8777,14,36.68,279.52
2025-07-13T09:00,26.6,78,11.2,0.9,1250.2,-54.1,Mumbai (Mithi Basin),19.076,72.8777,14,35.78,262.88
2025-07-13T10:00,29.9,85,25.5,0.0,736.2,-42.2,Mumbai (Mithi Basin),19.076,72.8777,14,37.25,276.37
2025-07-13T11:00,30.5,76,8.3,0.26,576.1,-83.2,Mumbai (Mithi Basin),19.076,72.8777,14,35.95,274.02
2025-07-13T12:00,28.9,85,19.5,0.0,606.1,-94.7,Mumbai (Mithi Basin),19.076,72.8777,14,37.09,277.25
2025-07-13T13:00,30.9,78,67.2,13.6,3324.7,-44.1,Mumbai (Mithi Basin),19.076,72.8777,14,51.41,229.44
2025-07-13T14:00,30.7,77,62.2,24.0,2771.3,-35.0,Mumbai (Mithi Basin),19.076,72.8777,14,58.48,224.98
2025-07-13T15:00,29.6,69,19.5,1.16,1217.2,-75.2,Mumbai (Mithi Basin),19.076,72.8777,14,34.79,246.8
2025-07-13T16:00,29.7,78,16.4,0.0,411.8,-124.8,Mumbai (Mithi Basin),19.076,72.8777,14,36.13,247.85
2025-07-13T17:00,29.5,78,21.1,0.0,391.8,-130.4,Mumbai (Mithi Basin),19.076,72.8777,14,36.08,246.7
2025-07-13T18:00,30.4,74,19.7,0.0,1006.1,-63.2,Mumbai (Mithi Basin),19.076,72.8777,14,35.63,253.24
2025-07-13T19:00,29.2,81,17.3,0.0,977.2,-121.4,Mumbai (Mithi Basin),19.076,72.8777,14,36.52,253.33
2025-07-13T20:00,27.8,81,15.2,0.0,1164.1,-78.9,Mumbai (Mithi Basin),19.076,72.8777,14,36.29,274.55
2025-07-13T21:00,27.5,83,19.7,0.0,1165.7,-153.8,Mumbai (Mithi Basin),19.076,72.8777,14,36.63,279.43
2025-07-13T22:00,28.0,86,12.5,0.0,323.0,-92.6,Mumbai (Mithi Basin),19.076,72.8777,14,37.11,270.47
2025-07-13T23:00,26.7,86,14.5,0.0,1328.9,-49.3,Mumbai (Mithi Basin),19.076,72.8777,14,36.88,265.69
2025-07-14T00:00,26.7,90,24.9,0.22,553.4,-93.9,Mumbai (Mithi Basin),19.076,72.8777,14,37.52,264.53
2025-07-14T01:00,24.7,90,9.8,0.36,1242.0,-107.6,Mumbai (Mithi Basin),19.076,72.8777,14,37.21,245.65
2025-07-14T02:00,26.5,93,47.6,30.15,3049.6,-27.2,Mumbai (Mithi Basin),19.076,72.8777,14,56.97,212.47
2025-07-14T03:00,24.9,89,7.7,0.0,1125.4,-60.9,Mumbai (Mithi Basin),19.076,72.8777,14,37.12,264.05
2025-07-14T04:00,24.0,87,65.9,59.23,2091.4,-6.0,Mumbai (Mithi Basin),19.076,72.8777,14,52.5,214.89
2025-07-14T05:00,25.1,87,49.6,30.45,2131.3,-29.9,Mumbai (Mithi Basin),19.076,72.8777,14,54.62,223.3
2025-07-14T06:00,24.0,95,77.9,17.55,2982.7,-16.6,Mumbai (Mithi Basin),19.076,72.8777,14,53.5,233.21
2025-07-14T07:00,25.9,91,7.5,0.0,707.7,-155.2,Mumbai (Mithi Basin),19.076,72.8777,14,37.61,272.96
2025-07-14T08:00,27.6,91,22.9,0.0,391.8,-153.1,Mumbai (Mithi Basin),19.076,72.8777,14,37.75,279.75
2025-07-14T09:00,28.7,89,13.9,0.0,687.3,-131.9,Mumbai (Mithi Basin),19.076,72.8777,14,37.68,255.05
2025-07-14T10:00,28.4,80,25.9,0.0,1368.6,-151.9,Mumbai (Mithi Basin),19.076,72.8777,14,36.34,271.26
2025-07-14T11:00,33.0,82,24.9,0.0,800.0,-79.2,Mumbai (Mithi Basin),19.076,72.8777,14,37.17,256.37
2025-07-14T12:00,30.3,79,24.3,0.0,1047.1,-39.0,Mumbai (Mithi Basin),19.076,72.8777,14,36.44,246.71
2025-07-14T13:00,29.0,81,13.8,0.0,556.5,-140.7,Mumbai (Mithi Basin),19.076,72.8777,14,36.46,274.08
2025-07-14T14:00,32.8,76,60.8,13.97,2503.6,-13.9,Mumbai (Mithi Basin),19.076,72.8777,14,44.33,233.26
2025-07-14T15:00,32.2,77,74.2,14.81,2763.3,-22.4,Mumbai (Mithi Basin),19.076,72.8777,14,50.24,231.55
2025-07-14T16:00,31.7,78,23.7,0.0,211.7,-119.5,Mumbai (Mithi Basin),19.076,72.8777,14,36.36,271.76
2025-07-14T17:00,30.5,80,66.1,47.8,2552.2,-13.4,Mumbai (Mithi Basin),19.076,72.8777,14,67.57,220.03
2025-07-14T18:00,30.9,82,51.0,64.66,2669.9,-14.7,Mumbai (Mithi Basin),19.076,72.8777,14,50.2,227.81
2025-07-14T19:00,31.7,81,15.4,0.89,261.5,-140.3,Mumbai (Mithi Basin),19.076,72.8777,14,36.86,263.56
2025-07-14T20:00,29.1,83,24.7,0.0,1112.6,-109.8,Mumbai (Mithi Basin),19.076,72.8777,14,36.79,268.65
2025-07-14T21:00,26.2,85,56.2,44.12,2669.2,-10.8,Mumbai (Mithi Basin),19.076,72.8777,14,65.78,211.28
2025-07-14T22:00,23.0,92,14.5,0.25,1191.7,-111.9,Mumbai (Mithi Basin),19.076,72.8777,14,37.36,271.58
2025-07-14T23:00,26.7,81,27.9,0.89,1320.4,-31.6,Mumbai (Mithi Basin),19.076,72.8777,14,36.14,248.81
2025-07-15T00:00,24.3,85,14.9,0.0,807.3,-56.0,Mumbai (Mithi Basin),19.076,72.8777,14,36.48,260.15
2025-07-15T01:00,24.8,93,24.8,0.0,775.8,-113.2,Mumbai (Mithi Basin),19.076,72.8777,14,37.67,263.08
2025-07-15T02:00,23.6,92,20.8,0.0,885.8,-48.4,Mumbai (Mithi Basin),19.076,72.8777,14,37.38,258.77
2025-07-15T03:00,23.4,92,22.6,0.0,938.4,-41.5,Mumbai (Mithi Basin),19.076,72.8777,14,37.38,262.06
2025-07-15T04:00,23.7,93,19.9,0.0,1100.0,-28.6,Mumbai (Mithi Basin),19.076,72.8777,14,37.61,248.94
2025-07-15T05:00,24.2,91,19.9,0.0,1150.7,-100.8,Mumbai (Mithi Basin),19.076,72.8777,14,37.31,259.54
2025-07-15T06:00,26.5,87,23.3,0.0,1036.4,-92.0,Mumbai (Mithi Basin),19.076,72.8777,14,37.01,254.76
2025-07-15T07:00,26.9,90,69.5,58.84,2142.5,-16.6,Mumbai (Mithi Basin),19.076,72.8777,14,60.42,221.36
2025-07-15T08:00,25.6,86,46.2,38.19,2022.6,-21.7,Mumbai (Mithi Basin),19.076,72.8777,14,59.66,224.49
2025-07-15T09:00,26.7,82,63.5,33.07,2834.6,-20.6,Mumbai (Mithi Basin),19.076,72.8777,14,63.46,222.83
2025-07-15T10:00,29.4,85,18.0,0.15,770.9,-120.6,Mumbai (Mithi Basin),19.076,72.8777,14,37.15,268.72
2025-07-15T11:00,31.0,83,5.1,0.6,353.3,-45.5,Mumbai (Mithi Basin),19.076,72.8777,14,37.11,269.95
2025-07-15T12:00,31.7,80,21.4,0.0,597.6,-37.7,Mumbai (Mithi Basin),19.076,72.8777,14,36.72,277.25
2025-07-15T13:00,29.8,85,78.1,60.81,4056.5,-8.4,Mumbai (Mithi Basin),19.076,72.8777,14,70.85,204.18
2025-07-15T14:00,32.6,83,65.8,25.99,2308.5,-23.0,Mumbai (Mithi Basin),19.076,72.8777,14,53.15,222.34
2025-07-15T15:00,29.4,81,62.3,18.93,3184.6,-25.4,Mumbai (Mithi Basin),19.076,72.8777,14,47.7,230.46
2025-07-15T16:00,31.1,88,35.2,37.66,2659.9,-22.0,Mumbai (Mithi Basin),19.076,72.8777,14,51.51,215.66
2025-07-15T17:00,31.6,77,71.4,27.96,3429.1,-40.5,Mumbai (Mithi Basin),19.076,72.8777,14,59.42,228.83
2025-07-15T18:00,28.0,77,8.7,0.0,1168.5,-81.4,Mumbai (Mithi Basin),19.076,72.8777,14,35.81,267.79
2025-07-15T19:00,32.3,84,25.8,2.29,1161.6,-134.5,Mumbai (Mithi Basin),19.076,72.8777,14,37.4,260.4
2025-07-15T20:00,30.5,81,12.7,0.0,871.4,-84.0,Mumbai (Mithi Basin),19.076,72.8777,14,36.75,255.49
2025-07-15T21:00,28.8,84,11.9,0.0,943.8,-150.8,Mumbai (Mithi Basin),19.076,72.8777,14,36.94,258.55
2025-07-15T22:00,25.9,82,18.1,0.13,1268.2,-101.5,Mumbai (Mithi Basin),19.076,72.8777,14,36.23,260.84
2025-07-15T23:00,26.2,90,10.4,0.0,999.4,-139.7,Mumbai (Mithi Basin),19.076,72.8777,14,37.45,263.39
2025-07-16T00:00,26.5,83,11.3,1.1,1222.6,-110.9,Mumbai (Mithi Basin),19.076,72.8777,14,36.48,254.9
2025-07-16T01:00,23.6,90,5.6,0.0,697.8,-142.2,Mumbai (Mithi Basin),19.076,72.8777,14,37.06,253.64
2025-07-16T02:00,24.4,91,22.1,0.0,885.5,-52.1,Mumbai (Mithi Basin),19.076,72.8777,14,37.31,267.78
2025-07-16T03:00,25.6,89,8.4,0.44,910.8,-33.4,Mumbai (Mithi Basin),19.076,72.8777,14,37.27,273.33
2025-07-16T04:00,22.8,84,24.0,0.0,1366.5,-80.5,Mumbai (Mithi Basin),19.076,72.8777,14,36.08,261.09
2025-07-16T05:00,25.4,83,60.6,21.24,2602.6,-41.2,Mumbai (Mithi Basin),19.076,72.8777,14,53.78,234.17
2025-07-16T06:00,23.4,86,18.4,0.66,893.5,-93.9,Mumbai (Mithi Basin),19.076,72.8777,14,36.49,265.14
2025-07-16T07:00,25.1,90,5.3,0.0,1337.6,-79.1,Mumbai (Mithi Basin),19.076,72.8777,14,37.26,246.25
2025-07-16T08:00,26.5,87,9.4,0.0,648.0,-27.4,Mumbai (Mithi Basin),19.076,72.8777,14,37.06,266.87
2025-07-16T09:00,28.6,84,25.9,0.0,1193.3,-129.2,Mumbai (Mithi Basin),19.076,72.8777,14,36.9,258.53
2025-07-16T10:00,28.1,79,8.9,0.56,855.0,-66.1,Mumbai (Mithi Basin),19.076,72.8777,14,36.04,247.95
2025-07-16T11:00,29.9,82,25.9,0.0,795.0,-35.1,Mumbai (Mithi Basin),19.076,72.8777,14,36.77,248.46
2025-07-16T12:00,29.7,72,11.3,0.0,1338.9,-75.9,Mumbai (Mithi Basin),19.076,72.8777,14,35.23,256.77
2025-07-16T13:00,30.4,68,19.2,0.19,219.4,-111.6,Mumbai (Mithi Basin),19.076,72.8777,14,34.79,272.59
2025-07-16T14:00,32.9,76,7.2,0.02,1036.7,-46.4,Mumbai (Mithi Basin),19.076,72.8777,14,36.33,248.19
2025-07-16T15:00,30.1,75,9.7,0.83,355.0,-125.7,Mumbai (Mithi Basin),19.076,72.8777,14,35.74,262.62
2025-07-16T16:00,32.3,81,6.2,0.0,531.0,-102.1,Mumbai (Mithi Basin),19.076,72.8777,14,37.01,277.67
2025-07-16T17:00,31.0,79,10.0,0.85,958.2,-111.2,Mumbai (Mithi Basin),19.076,72.8777,14,36.43,252.22
2025-07-16T18:00,29.8,86,19.5,0.0,1195.6,-76.3,Mumbai (Mithi Basin),19.076,72.8777,14,37.32,249.27
2025-07-16T19:00,28.3,78,9.4,0.0,711.1,-151.1,Mumbai (Mithi Basin),19.076,72.8777,14,36.02,247.41
2025-07-16T20:00,27.5,84,13.3,0.42,1301.5,-98.2,Mumbai (Mithi Basin),19.076,72.8777,14,36.78,246.21
2025-07-16T21:00,27.1,83,24.2,1.12,523.0,-23.5,Mumbai (Mithi Basin),19.076,72.8777,14,36.56,265.24
2025-07-16T22:00,26.9,91,26.9,0.0,930.5,-135.4,Mumbai (Mithi Basin),19.076,72.8777,14,37.75,245.69
2025-07-16T23:00,27.0,87,13.1,0.0,1117.4,-41.3,Mumbai (Mithi Basin),19.076,72.8777,14,37.08,250.78
2025-07-17T00:00,25.2,92,27.4,0.0,924.7,-81.1,Mumbai (Mithi Basin),19.076,72.8777,14,37.66,246.97
2025-07-17T01:00,24.7,86,20.6,0.0,288.7,-133.4,Mumbai (Mithi Basin),19.076,72.8777,14,36.63,251.07
2025-07-17T02:00,24.5,89,12.6,0.0,584.8,-35.3,Mumbai (Mithi Basin),19.076,72.8777,14,37.1,275.26
2025-07-17T03:00,25.1,91,11.4,0.0,375.4,-61.6,Mumbai (Mithi Basin),19.076,72.8777,14,37.4,258.48
2025-07-17T04:00,25.4,96,23.9,0.7,1129.5,-148.6,Mumbai (Mithi Basin),19.076,72.8777,14,38.19,248.53
2025-07-17T05:00,23.3,81,12.4,0.43,602.1,-136.2,Mumbai (Mithi Basin),19.076,72.8777,14,35.78,268.58
2025-07-17T06:00,25.2,88,17.2,0.0,408.7,-119.9,Mumbai (Mithi Basin),19.076,72.8777,14,36.97,269.92
2025-07-17T07:00,27.7,86,20.2,1.34,715.1,-142.0,Mumbai (Mithi Basin),19.076,72.8777,14,37.09,274.92
2025-07-17T08:00,25.5,78,22.9,0.0,679.0,-38.5,Mumbai (Mithi Basin),19.076,72.8777,14,35.52,261.31
2025-07-17T09:00,28.1,82,7.2,0.0,882.9,-124.9,Mumbai (Mithi Basin),19.076,72.8777,14,36.56,246.58
2025-07-17T10:00,28.7,76,9.5,0.07,1248.6,-116.4,Mumbai (Mithi Basin),19.076,72.8777,14,35.73,252.03
2025-07-17T11:00,29.1,71,26.7,1.2,840.2,-79.0,Mumbai (Mithi Basin),19.076,72.8777,14,35.04,260.41
2025-07-17T12:00,32.4,78,16.9,0.0,328.4,-159.7,Mumbai (Mithi Basin),19.076,72.8777,14,36.53,250.09
2025-07-17T13:00,31.1,77,14.4,0.0,565.9,-145.6,Mumbai (Mithi Basin),19.076,72.8777,14,36.16,278.89
2025-07-17T14:00,33.2,76,7.7,0.0,652.0,-158.0,Mumbai (Mithi Basin),19.076,72.8777,14,36.37,248.13
2025-07-17T15:00,31.5,78,12.8,0.0,765.3,-58.8,Mumbai (Mithi Basin),19.076,72.8777,14,36.41,255.84
2025-07-17T16:00,31.9,74,5.1,0.74,278.1,-77.0,Mumbai (Mithi Basin),19.076,72.8777,14,35.82,271.17
2025-07-17T17:00,30.3,85,82.0,26.94,3726.3,-27.7,Mumbai (Mithi Basin),19.076,72.8777,14,52.77,233.07
2025-07-17T18:00,29.8,79,22.9,0.0,806.2,-74.3,Mumbai (Mithi Basin),19.076,72.8777,14,36.31,275.24
2025-07-17T19:00,30.2,86,54.4,33.49,2595.5,-36.9,Mumbai (Mithi Basin),19.076,72.8777,14,50.62,221.71
2025-07-17T20:00,29.4,75,8.7,0.0,535.0,-66.4,Mumbai (Mithi Basin),19.076,72.8777,14,35.74,254.96
2025-07-17T21:00,28.7,81,12.2,0.24,862.1,-41.9,Mumbai (Mithi Basin),19.076,72.8777,14,36.43,272.28
2025-07-17T22:00,27.5,89,13.9,0.0,623.0,-90.8,Mumbai (Mithi Basin),19.076,72.8777,14,37.43,258.03
2025-07-17T23:00,24.6,87,27.8,0.0,1244.6,-99.7,Mumbai (Mithi Basin),19.076,72.8777,14,36.75,252.59
2025-07-18T00:00,24.6,85,5.5,0.0,1361.8,-154.2,Mumbai (Mithi Basin),19.076,72.8777,14,36.45,247.78
2025-07-18T01:00,26.0,83,11.6,0.0,1053.1,-121.4,Mumbai (Mithi Basin),19.076,72.8777,14,36.36,267.06
2025-07-18T02:00,22.3,94,13.6,0.0,1295.8,-53.9,Mumbai (Mithi Basin),19.076,72.8777,14,37.45,250.88
2025-07-18T03:00,24.9,94,25.8,0.56,656.4,-53.4,Mumbai (Mithi Basin),19.076,72.8777,14,37.8,270.79
2025-07-18T04:00,24.5,92,13.0,0.0,792.8,-40.5,Mumbai (Mithi Basin),19.076,72.8777,14,37.48,267.23
2025-07-18T05:00,26.0,88,8.7,0.0,438.0,-144.1,Mumbai (Mithi Basin),19.076,72.8777,14,37.15,277.69
2025-07-18T06:00,26.0,84,51.5,24.21,2351.6,-35.9,Mumbai (Mithi Basin),19.076,72.8777,14,44.95,220.55
2025-07-18T07:00,25.5,87,22.5,0.0,1269.0,-122.7,Mumbai (Mithi Basin),19.076,72.8777,14,36.96,278.64
2025-07-18T08:00,26.2,81,21.1,0.0,749.5,-99.2,Mumbai (Mithi Basin),19.076,72.8777,14,36.07,265.02
2025-07-18T09:00,27.4,81,18.4,0.0,372.5,-23.7,Mumbai (Mithi Basin),19.076,72.8777,14,36.29,263.16
2025-07-18T10:00,29.6,87,9.8,0.22,841.5,-27.3,Mumbai (Mithi Basin),19.076,72.8777,14,37.52,269.91
2025-07-18T11:00,27.0,73,8.7,0.0,1270.2,-132.9,Mumbai (Mithi Basin),19.076,72.8777,14,35.06,272.37
2025-07-18T12:00,30.7,82,14.4,0.0,692.8,-147.3,Mumbai (Mithi Basin),19.076,72.8777,14,36.86,257.24
2025-07-18T13:00,30.0,84,24.3,0.0,522.0,-151.9,Mumbai (Mithi Basin),19.076,72.8777,14,37.08,263.9
2025-07-18T14:00,31.6,81,15.3,0.0,261.7,-131.9,Mumbai (Mithi Basin),19.076,72.8777,14,36.8,263.34
2025-07-18T15:00,31.9,79,5.2,0.0,357.4,-46.9,Mumbai (Mithi Basin),19.076,72.8777,14,36.55,249.42
2025-07-18T16:00,29.4,75,16.6,0.0,379.4,-64.8,Mumbai (Mithi Basin),19.076,72.8777,14,35.73,262.47
2025-07-18T17:00,30.8,75,25.0,0.0,712.8,-135.2,Mumbai (Mithi Basin),19.076,72.8777,14,35.91,246.04
2025-07-18T18:00,30.7,70,22.7,0.0,686.0,-61.2,Mumbai (Mithi Basin),19.076,72.8777,14,35.09,266.54
2025-07-18T19:00,29.9,81,14.2,0.23,270.6,-149.4,Mumbai (Mithi Basin),19.076,72.8777,14,36.58,274.64
2025-07-18T20:00,28.8,81,27.2,0.95,820.0,-84.5,Mumbai (Mithi Basin),19.076,72.8777,14,36.42,246.98
2025-07-18T21:00,26.5,81,26.5,0.0,547.5,-100.2,Mumbai (Mithi Basin),19.076,72.8777,14,36.21,274.62
2025-07-18T22:00,25.8,86,9.3,0.0,1068.7,-51.7,Mumbai (Mithi Basin),19.076,72.8777,14,36.78,259.26
2025-07-18T23:00,24.6,88,20.2,0.59,1253.0,-113.8,Mumbai (Mithi Basin),19.076,72.8777,14,36.91,257.15
2025-07-19T00:00,26.2,86,25.8,0.0,1303.8,-136.9,Mumbai (Mithi Basin),19.076,72.8777,14,36.93,275.89
2025-07-19T01:00,24.8,97,15.8,0.0,884.4,-25.3,Mumbai (Mithi Basin),19.076,72.8777,14,38.22,267.25
2025-07-19T02:00,24.6,94,13.7,0.0,266.1,-152.4,Mumbai (Mithi Basin),19.076,72.8777,14,37.77,250.57
2025-07-19T03:00,22.5,95,23.2,0.0,458.7,-158.1,Mumbai (Mithi Basin),19.076,72.8777,14,37.61,271.22
2025-07-19T04:00,24.6,90,16.2,0.4,1334.7,-57.8,Mumbai (Mithi Basin),19.076,72.8777,14,37.29,250.09
2025-07-19T05:00,25.7,92,8.5,0.0,980.3,-151.2,Mumbai (Mithi Basin),19.076,72.8777,14,37.7,246.72
2025-07-19T06:00,23.3,85,12.5,0.0,562.5,-52.1,Mumbai (Mithi Basin),19.076,72.8777,14,36.39,264.2
2025-07-19T07:00,25.6,90,17.6,1.02,386.8,-74.4,Mumbai (Mithi Basin),19.076,72.8777,14,37.4,254.0
2025-07-19T08:00,25.2,85,10.6,0.0,1225.9,-129.9,Mumbai (Mithi Basin),19.076,72.8777,14,36.59,250.5
2025-07-19T09:00,27.5,80,9.6,0.0,651.4,-52.2,Mumbai (Mithi Basin),19.076,72.8777,14,36.15,275.42
2025-07-19T10:00,27.8,82,54.7,20.93,2817.6,-19.1,Mumbai (Mithi Basin),19.076,72.8777,14,56.79,221.02
2025-07-19T11:00,30.2,79,21.0,0.0,1028.5,-119.4,Mumbai (Mithi Basin),19.076,72.8777,14,36.43,245.52
2025-07-19T12:00,30.7,88,24.0,1.09,1047.8,-58.9,Mumbai (Mithi Basin),19.076,72.8777,14,37.83,251.49
2025-07-19T13:00,32.6,80,19.9,0.12,747.6,-68.2,Mumbai (Mithi Basin),19.076,72.8777,14,36.81,262.47
2025-07-19T14:00,31.3,84,23.4,0.1,753.4,-88.3,Mumbai (Mithi Basin),19.076,72.8777,14,37.21,263.97
2025-07-19T15:00,31.9,82,6.5,0.62,774.9,-78.5,Mumbai (Mithi Basin),19.076,72.8777,14,36.99,248.97
2025-07-19T16:00,30.7,77,20.2,0.0,1114.1,-32.8,Mumbai (Mithi Basin),19.076,72.8777,14,36.21,266.26
2025-07-19T17:00,29.7,76,19.5,0.0,1345.5,-62.2,Mumbai (Mithi Basin),19.076,72.8777,14,35.89,249.37
2025-07-19T18:00,31.5,72,25.4,0.0,1104.5,-106.8,Mumbai (Mithi Basin),19.076,72.8777,14,35.51,252.26
2025-07-19T19:00,31.2,77,62.1,34.69,3586.4,-16.5,Mumbai (Mithi Basin),19.076,72.8777,14,48.23,217.74
2025-07-19T20:00,29.8,85,78.7,32.81,2437.5,-33.8,Mumbai (Mithi Basin),19.076,72.8777,14,58.49,220.98
2025-07-19T21:00,28.2,83,5.3,0.0,268.1,-148.4,Mumbai (Mithi Basin),19.076,72.8777,14,36.67,256.57
2025-07-19T22:00,25.9,87,23.2,1.39,1282.0,-41.7,Mumbai (Mithi Basin),19.076,72.8777,14,37.03,255.65
2025-07-19T23:00,27.6,79,13.3,0.69,1384.1,-92.3,Mumbai (Mithi Basin),19.076,72.8777,14,36.09,272.67
2025-07-20T00:00,26.2,91,12.6,0.0,330.2,-144.7,Mumbai (Mithi Basin),19.076,72.8777,14,37.57,273.33
2025-07-20T01:00,27.4,94,6.9,0.0,324.1,-39.3,Mumbai (Mithi Basin),19.076,72.8777,14,38.27,270.04
2025-07-20T02:00,23.2,84,7.3,0.0,1112.3,-20.3,Mumbai (Mithi Basin),19.076,72.8777,14,36.12,249.04
2025-07-20T03:00,25.5,92,7.4,0.0,473.9,-71.9,Mumbai (Mithi Basin),19.076,72.8777,14,37.73,252.49
2025-07-20T04:00,25.3,96,8.5,0.0,928.6,-126.0,Mumbai (Mithi Basin),19.076,72.8777,14,38.22,279.03
2025-07-20T05:00,24.6,97,24.4,0.09,586.5,-105.8,Mumbai (Mithi Basin),19.076,72.8777,14,38.22,266.83
2025-07-20T06:00,27.2,87,12.5,0.08,466.8,-56.6,Mumbai (Mithi Basin),19.076,72.8777,14,37.14,264.76
2025-07-20T07:00,26.7,91,18.7,0.0,1242.0,-101.8,Mumbai (Mithi Basin),19.076,72.8777,14,37.62,264.16
2025-07-20T08:00,26.0,92,23.8,0.0,795.8,-26.0,Mumbai (Mithi Basin),19.076,72.8777,14,37.65,251.2
2025-07-20T09:00,27.9,86,23.6,0.0,996.1,-62.2,Mumbai (Mithi Basin),19.076,72.8777,14,37.04,249.45
2025-07-20T10:00,27.8,87,20.4,0.0,827.9,-105.7,Mumbai (Mithi Basin),19.076,72.8777,14,37.29,245.07
2025-07-20T11:00,29.2,80,8.7,0.0,1145.3,-135.5,Mumbai (Mithi Basin),19.076,72.8777,14,36.45,255.16
2025-07-20T12:00,31.3,81,19.8,0.0,1229.7,-87.2,Mumbai (Mithi Basin),19.076,72.8777,14,36.78,276.84
2025-07-20T13:00,32.2,75,20.7,0.0,835.2,-134.1,Mumbai (Mithi Basin),19.076,72.8777,14,36.12,275.16
2025-07-20T14:00,31.6,77,6.7,0.08,356.7,-52.2,Mumbai (Mithi Basin),19.076,72.8777,14,36.21,255.61
2025-07-20T15:00,30.6,79,22.5,0.0,806.8,-136.4,Mumbai (Mithi Basin),19.076,72.8777,14,36.4,270.94
2025-07-20T16:00,31.8,74,26.8,0.0,313.7,-82.2,Mumbai (Mithi Basin),19.076,72.8777,14,35.92,279.81
2025-07-20T17:00,31.9,77,5.0,0.15,578.8,-122.0,Mumbai (Mithi Basin),19.076,72.8777,14,36.32,270.75
2025-07-20T18:00,28.1,82,11.8,0.0,1286.5,-46.7,Mumbai (Mithi Basin),19.076,72.8777,14,36.56,267.27
2025-07-20T19:00,29.9,89,6.7,0.0,417.0,-78.9,Mumbai (Mithi Basin),19.076,72.8777,14,37.78,277.35
2025-07-20T20:00,28.7,74,22.1,1.3,1115.7,-135.8,Mumbai (Mithi Basin),19.076,72.8777,14,35.42,259.85
2025-07-20T21:00,29.1,92,16.7,0.0,928.4,-114.2,Mumbai (Mithi Basin),19.076,72.8777,14,38.15,273.67
2025-07-20T22:00,27.6,85,16.5,0.0,1064.2,-107.3,Mumbai (Mithi Basin),19.076,72.8777,14,36.88,271.37
2025-07-20T23:00,26.8,91,9.6,0.0,777.5,-48.8,Mumbai (Mithi Basin),19.076,72.8777,14,37.75,279.38
2025-07-21T00:00,24.9,94,85.8,110.58,3972.0,-14.9,Mumbai (Mithi Basin),19.076,72.8777,14,75.72,199.3
2025-07-21T01:00,25.0,96,6.9,0.0,1261.5,-130.1,Mumbai (Mithi Basin),19.076,72.8777,14,38.21,255.25
2025-07-21T02:00,25.8,88,58.9,59.14,2497.0,-5.1,Mumbai (Mithi Basin),19.076,72.8777,14,56.32,210.2
2025-07-21T03:00,24.4,90,8.2,0.0,829.8,-29.2,Mumbai (Mithi Basin),19.076,72.8777,14,37.23,258.48
2025-07-21T04:00,24.8,91,44.8,50.73,2665.7,-17.6,Mumbai (Mithi Basin),19.076,72.8777,14,56.03,222.4
2025-07-21T05:00,23.1,89,23.6,0.0,1074.7,-78.6,Mumbai (Mithi Basin),19.076,72.8777,14,36.84,271.16
2025-07-21T06:00,25.4,94,26.6,0.0,721.3,-134.6,Mumbai (Mithi Basin),19.076,72.8777,14,37.97,255.34
2025-07-21T07:00,23.8,87,6.6,0.0,703.2,-68.7,Mumbai (Mithi Basin),19.076,72.8777,14,36.72,250.12
2025-07-21T08:00,26.5,79,8.3,0.0,634.2,-21.9,Mumbai (Mithi Basin),19.076,72.8777,14,35.93,265.27
2025-07-21T09:00,28.1,81,59.8,60.18,1836.3,-18.5,Mumbai (Mithi Basin),19.076,72.8777,14,64.34,219.6
2025-07-21T10:00,29.8,76,18.7,0.12,414.6,-79.8,Mumbai (Mithi Basin),19.076,72.8777,14,35.86,248.89
2025-07-21T11:00,28.6,80,14.9,0.36,1344.8,-125.0,Mumbai (Mithi Basin),19.076,72.8777,14,36.24,247.49
2025-07-21T12:00,30.9,82,8.1,1.62,1041.2,-113.0,Mumbai (Mithi Basin),19.076,72.8777,14,36.89,263.16
2025-07-21T13:00,32.8,75,7.4,0.09,912.1,-88.9,Mumbai (Mithi Basin),19.076,72.8777,14,36.18,256.69
2025-07-21T14:00,30.6,76,83.9,17.51,2837.0,-30.5,Mumbai (Mithi Basin),19.076,72.8777,14,56.35,217.55
2025-07-21T15:00,29.6,76,64.0,26.73,2829.7,-32.3,Mumbai (Mithi Basin),19.076,72.8777,14,55.7,219.63
2025-07-21T16:00,31.7,78,7.1,0.63,589.8,-124.3,Mumbai (Mithi Basin),19.076,72.8777,14,36.41,257.13
2025-07-21T17:00,29.6,80,61.3,12.47,3410.4,-40.0,Mumbai (Mithi Basin),19.076,72.8777,14,48.64,231.01
2025-07-21T18:00,29.5,82,61.3,73.15,2873.3,-1.4,Mumbai (Mithi Basin),19.076,72.8777,14,70.64,209.53
2025-07-21T19:00,30.9,90,80.4,26.34,2585.3,-41.7,Mumbai (Mithi Basin),19.076,72.8777,14,48.76,228.21
2025-07-21T20:00,31.2,83,27.8,0.0,1312.8,-155.4,Mumbai (Mithi Basin),19.076,72.8777,14,37.06,259.37
2025-07-21T21:00,26.8,87,26.7,1.44,1112.8,-155.8,Mumbai (Mithi Basin),19.076,72.8777,14,37.1,246.85
2025-07-21T22:00,26.2,79,60.0,39.6,2455.2,-20.0,Mumbai (Mithi Basin),19.076,72.8777,14,52.81,215.7
2025-07-21T23:00,25.7,86,15.8,0.0,432.8,-103.3,Mumbai (Mithi Basin),19.076,72.8777,14,36.81,273.33
2025-07-22T00:00,24.9,88,26.5,0.5,285.7,-86.0,Mumbai (Mithi Basin),19.076,72.8777,14,36.97,254.14
2025-07-22T01:00,27.3,86,16.3,0.0,839.3,-40.7,Mumbai (Mithi Basin),19.076,72.8777,14,37.02,269.82
2025-07-22T02:00,24.0,89,55.4,40.25,2121.8,-18.7,Mumbai (Mithi Basin),19.076,72.8777,14,57.02,223.41
2025-07-22T03:00,24.0,91,14.0,0.0,1295.9,-25.6,Mumbai (Mithi Basin),19.076,72.8777,14,37.24,269.19
2025-07-22T04:00,26.6,89,16.4,0.0,1220.6,-121.4,Mumbai (Mithi Basin),19.076,72.8777,14,37.33,268.45
2025-07-22T05:00,25.7,99,19.2,0.0,374.5,-98.3,Mumbai (Mithi Basin),19.076,72.8777,14,38.69,256.04
2025-07-22T06:00,26.7,91,20.7,0.0,721.9,-113.0,Mumbai (Mithi Basin),19.076,72.8777,14,37.68,265.75
2025-07-22T07:00,25.2,96,64.7,16.88,2812.3,-33.3,Mumbai (Mithi Basin),19.076,72.8777,14,52.51,219.99
2025-07-22T08:00,26.5,92,5.5,0.0,1064.3,-25.1,Mumbai (Mithi Basin),19.076,72.8777,14,37.76,271.79
2025-07-22T09:00,26.8,81,6.5,0.0,1113.5,-126.5,Mumbai (Mithi Basin),19.076,72.8777,14,36.28,259.61
2025-07-22T10:00,29.9,82,11.8,0.0,599.7,-52.9,Mumbai (Mithi Basin),19.076,72.8777,14,36.83,249.19
2025-07-22T11:00,31.2,79,16.4,0.0,899.3,-70.7,Mumbai (Mithi Basin),19.076,72.8777,14,36.48,277.2
2025-07-22T12:00,29.8,78,53.1,48.22,3032.9,-27.7,Mumbai (Mithi Basin),19.076,72.8777,14,61.9,217.91
2025-07-22T13:00,30.6,74,14.0,0.0,1363.0,-138.6,Mumbai (Mithi Basin),19.076,72.8777,14,35.68,265.43
2025-07-22T14:00,31.0,75,62.8,12.52,2516.6,-17.6,Mumbai (Mithi Basin),19.076,72.8777,14,44.26,229.32
2025-07-22T15:00,29.6,78,60.2,31.12,3282.1,-12.2,Mumbai (Mithi Basin),19.076,72.8777,14,46.54,218.47
2025-07-22T16:00,30.6,79,14.9,0.0,649.9,-80.4,Mumbai (Mithi Basin),19.076,72.8777,14,36.37,252.6
2025-07-22T17:00,32.0,79,44.1,36.85,2344.0,-25.9,Mumbai (Mithi Basin),19.076,72.8777,14,52.71,215.51
2025-07-22T18:00,29.4,79,79.0,30.12,3501.0,-30.0,Mumbai (Mithi Basin),19.076,72.8777,14,47.03,217.35
2025-07-22T19:00,29.9,84,54.1,21.13,3467.1,-23.8,Mumbai (Mithi Basin),19.076,72.8777,14,55.02,222.78
2025-07-22T20:00,27.3,81,24.8,0.0,249.2,-111.6,Mumbai (Mithi Basin),19.076,72.8777,14,36.31,270.99
2025-07-22T21:00,27.8,90,63.0,104.95,3860.1,-12.2,Mumbai (Mithi Basin),19.076,72.8777,14,67.32,201.77
2025-07-22T22:00,26.4,78,43.8,26.47,1945.5,-27.1,Mumbai (Mithi Basin),19.076,72.8777,14,51.33,216.39
2025-07-22T23:00,24.8,90,25.3,0.0,1398.0,-139.4,Mumbai (Mithi Basin),19.076,72.8777,14,37.28,250.91
2025-07-23T00:00,26.5,91,19.4,0.0,968.4,-50.3,Mumbai (Mithi Basin),19.076,72.8777,14,37.63,275.79
2025-07-23T01:00,26.0,87,15.9,0.0,812.4,-86.0,Mumbai (Mithi Basin),19.076,72.8777,14,37.04,257.77
2025-07-23T02:00,23.5,89,22.3,0.0,1301.5,-26.2,Mumbai (Mithi Basin),19.076,72.8777,14,36.99,264.93
2025-07-23T03:00,24.2,93,17.9,2.09,494.0,-136.7,Mumbai (Mithi Basin),19.076,72.8777,14,37.61,268.17
2025-07-23T04:00,24.7,94,20.1,0.0,1019.9,-67.5,Mumbai (Mithi Basin),19.076,72.8777,14,37.89,275.61
2025-07-23T05:00,22.8,83,27.9,0.0,1097.2,-83.4,Mumbai (Mithi Basin),19.076,72.8777,14,35.98,260.91
2025-07-23T06:00,23.8,91,23.2,0.0,846.3,-143.9,Mumbai (Mithi Basin),19.076,72.8777,14,37.35,265.46
2025-07-23T07:00,27.8,86,26.7,0.0,295.0,-97.9,Mumbai (Mithi Basin),19.076,72.8777,14,37.04,262.42
2025-07-23T08:00,25.8,90,57.6,31.41,2957.4,-13.5,Mumbai (Mithi Basin),19.076,72.8777,14,44.88,221.77
2025-07-23T09:00,29.5,77,11.2,0.0,1261.5,-102.5,Mumbai (Mithi Basin),19.076,72.8777,14,35.93,260.24
2025-07-23T10:00,27.3,92,24.3,0.0,671.5,-151.1,Mumbai (Mithi Basin),19.076,72.8777,14,37.9,267.4
2025-07-23T11:00,30.5,77,14.3,0.0,1083.9,-52.2,Mumbai (Mithi Basin),19.076,72.8777,14,36.12,265.88
2025-07-23T12:00,30.1,85,16.5,0.0,572.3,-35.7,Mumbai (Mithi Basin),19.076,72.8777,14,37.23,273.83
2025-07-23T13:00,30.8,78,16.0,0.49,1105.5,-22.6,Mumbai (Mithi Basin),19.076,72.8777,14,36.26,264.14
2025-07-23T14:00,33.6,74,73.0,29.86,2275.7,-17.7,Mumbai (Mithi Basin),19.076,72.8777,14,58.88,230.38
2025-07-23T15:00,30.0,78,19.0,0.0,507.9,-64.5,Mumbai (Mithi Basin),19.076,72.8777,14,36.21,266.18
2025-07-23T16:00,32.1,81,9.5,0.0,1028.0,-63.3,Mumbai (Mithi Basin),19.076,72.8777,14,36.99,247.64
2025-07-23T17:00,31.7,72,18.8,0.04,282.3,-143.9,Mumbai (Mithi Basin),19.076,72.8777,14,35.48,247.95
2025-07-23T18:00,34.5,82,11.0,0.0,593.5,-68.2,Mumbai (Mithi Basin),19.076,72.8777,14,37.39,266.01
2025-07-23T19:00,28.5,80,6.4,0.0,1098.5,-38.9,Mumbai (Mithi Basin),19.076,72.8777,14,36.36,260.93
2025-07-23T20:00,28.2,84,59.1,33.86,3283.5,-27.1,Mumbai (Mithi Basin),19.076,72.8777,14,57.12,217.77
2025-07-23T21:00,29.0,84,12.3,0.0,1315.2,-116.5,Mumbai (Mithi Basin),19.076,72.8777,14,36.97,277.43
2025-07-23T22:00,26.9,84,26.0,0.0,1165.4,-106.6,Mumbai (Mithi Basin),19.076,72.8777,14,36.6,265.28
2025-07-23T23:00,25.7,83,23.9,2.19,259.7,-39.7,Mumbai (Mithi Basin),19.076,72.8777,14,36.37,260.3
2025-07-24T00:00,26.7,92,50.6,22.58,3183.5,-29.9,Mumbai (Mithi Basin),19.076,72.8777,14,48.71,224.74
2025-07-24T01:00,24.6,93,15.4,0.0,234.5,-91.9,Mumbai (Mithi Basin),19.076,72.8777,14,37.64,270.82
2025-07-24T02:00,23.5,93,24.0,0.0,1142.2,-92.0,Mumbai (Mithi Basin),19.076,72.8777,14,37.59,256.61
2025-07-24T03:00,25.4,93,7.2,0.0,909.8,-139.8,Mumbai (Mithi Basin),19.076,72.8777,14,37.74,247.52
2025-07-24T04:00,25.1,95,5.4,0.09,1212.2,-154.2,Mumbai (Mithi Basin),19.076,72.8777,14,37.96,245.6
2025-07-24T05:00,24.6,96,12.7,0.0,530.3,-59.5,Mumbai (Mithi Basin),19.076,72.8777,14,38.06,256.5
2025-07-24T06:00,25.1,81,10.0,0.0,827.5,-140.2,Mumbai (Mithi Basin),19.076,72.8777,14,36.05,274.6
2025-07-24T07:00,25.2,78,17.1,0.0,1240.2,-55.7,Mumbai (Mithi Basin),19.076,72.8777,14,35.57,262.29
2025-07-24T08:00,28.0,93,5.1,0.1,552.1,-118.8,Mumbai (Mithi Basin),19.076,72.8777,14,38.1,258.98
2025-07-24T09:00,27.6,79,19.3,0.0,1182.0,-67.0,Mumbai (Mithi Basin),19.076,72.8777,14,35.97,256.49
2025-07-24T10:00,28.0,78,25.9,0.0,263.9,-60.8,Mumbai (Mithi Basin),19.076,72.8777,14,35.91,275.45
2025-07-24T11:00,28.2,79,24.6,0.0,362.3,-75.2,Mumbai (Mithi Basin),19.076,72.8777,14,36.16,273.92
2025-07-24T12:00,30.9,72,13.5,1.56,443.8,-136.0,Mumbai (Mithi Basin),19.076,72.8777,14,35.49,260.97
2025-07-24T13:00,30.4,76,20.7,0.0,354.0,-43.9,Mumbai (Mithi Basin),19.076,72.8777,14,36.02,248.92
2025-07-24T14:00,29.0,73,7.1,2.39,318.1,-131.1,Mumbai (Mithi Basin),19.076,72.8777,14,35.38,263.75
2025-07-24T15:00,30.1,76,22.7,0.0,338.8,-34.2,Mumbai (Mithi Basin),19.076,72.8777,14,35.92,245.91
2025-07-24T16:00,31.1,78,21.2,0.0,1118.8,-159.9,Mumbai (Mithi Basin),19.076,72.8777,14,36.41,259.06
2025-07-24T17:00,30.8,77,14.3,1.69,1221.1,-100.5,Mumbai (Mithi Basin),19.076,72.8777,14,36.09,249.22
2025-07-24T18:00,30.2,77,18.0,0.0,673.1,-55.3,Mumbai (Mithi Basin),19.076,72.8777,14,36.15,259.77
2025-07-24T19:00,29.3,82,26.8,0.0,1005.8,-114.3,Mumbai (Mithi Basin),19.076,72.8777,14,36.64,267.86
2025-07-24T20:00,27.1,86,17.8,0.0,1173.9,-74.5,Mumbai (Mithi Basin),19.076,72.8777,14,37.06,253.38
2025-07-24T21:00,27.0,90,11.4,0.0,1031.8,-159.4,Mumbai (Mithi Basin),19.076,72.8777,14,37.62,267.57
2025-07-24T22:00,28.5,85,16.8,0.41,223.2,-85.1,Mumbai (Mithi Basin),19.076,72.8777,14,37.04,268.1
2025-07-24T23:00,27.5,95,27.5,2.36,571.6,-137.3,Mumbai (Mithi Basin),19.076,72.8777,14,38.34,276.63
